# id vertices adjacency_mask; root=0
0	1	0
1	2	1
2	3	3
3	3	6
4	3	7
5	4	7
6	4	22
7	4	30
8	4	39
9	4	52
10	4	54
11	4	55
12	4	60
13	4	62
14	4	63
15	5	15
16	5	78
17	5	110
18	5	126
19	5	204
20	5	206
21	5	207
22	5	220
23	5	332
24	5	348
25	5	366
26	5	460
27	5	476
28	5	492
29	5	494
30	5	495
31	5	508
32	5	527
33	5	590
34	5	622
35	5	638
36	5	716
37	5	718
38	5	719
39	5	732
40	5	783
41	5	840
42	5	844
43	5	846
44	5	847
45	5	860
46	5	878
47	5	894
48	5	911
49	5	968
50	5	972
51	5	974
52	5	975
53	5	988
54	5	1000
55	5	1004
56	5	1006
57	5	1007
58	5	1016
59	5	1020
60	5	1022
61	5	1023
62	6	286
63	6	414
64	6	478
65	6	510
66	6	926
67	6	1308
68	6	1340
69	6	1820
70	6	1852
71	6	2332
72	6	2364
73	6	2526
74	6	2972
75	6	3004
76	6	3356
77	6	3388
78	6	3484
79	6	3516
80	6	3868
81	6	3900
82	6	3996
83	6	4028
84	6	4060
85	6	4092
86	6	4382
87	6	6424
88	6	6428
89	6	6430
90	6	6460
91	6	6558
92	6	6622
93	6	6654
94	6	6936
95	6	7000
96	6	7032
97	6	7064
98	6	7068
99	6	7070
100	6	7100
101	6	7452
102	6	7484
103	6	7964
104	6	7996
105	6	8024
106	6	8606
107	6	9500
108	6	9532
109	6	10072
110	6	10398
111	6	10520
112	6	10654
113	6	10904
114	6	11032
115	6	11096
116	6	11128
117	6	11160
118	6	11548
119	6	11580
120	6	11676
121	6	11708
122	6	11742
123	6	12120
124	6	12188
125	6	12220
126	6	12248
127	6	12702
128	6	12734
129	6	13592
130	6	13596
131	6	13598
132	6	13628
133	6	14104
134	6	14168
135	6	14200
136	6	14616
137	6	14750
138	6	15128
139	6	15192
140	6	15224
141	6	15256
142	6	15640
143	6	15644
144	6	15646
145	6	15676
146	6	15768
147	6	15772
148	6	15774
149	6	15804
150	6	15838
151	6	15870
152	6	16152
153	6	16216
154	6	16248
155	6	16280
156	6	16284
157	6	16286
158	6	16316
159	6	16344
160	6	16376
161	6	16670
162	6	16798
163	6	16862
164	6	16894
165	6	17310
166	6	17692
167	6	17724
168	6	17758
169	6	18204
170	6	18236
171	6	18716
172	6	18748
173	6	18910
174	6	19356
175	6	19388
176	6	19548
177	6	19580
178	6	19740
179	6	19772
180	6	19868
181	6	19900
182	6	20252
183	6	20284
184	6	20380
185	6	20412
186	6	20444
187	6	20476
188	6	20766
189	6	22808
190	6	22812
191	6	22814
192	6	22844
193	6	22942
194	6	23006
195	6	23038
196	6	23320
197	6	23384
198	6	23416
199	6	23448
200	6	23452
201	6	23454
202	6	23484
203	6	23836
204	6	23868
205	6	23902
206	6	24348
207	6	24380
208	6	24408
209	6	24862
210	6	24990
211	6	25054
212	6	25086
213	6	25502
214	6	25884
215	6	25916
216	6	26396
217	6	26428
218	6	26456
219	6	26782
220	6	26846
221	6	26878
222	6	27288
223	6	27292
224	6	27294
225	6	27324
226	6	28734
227	6	28958
228	6	28990
229	6	29086
230	6	29118
231	6	29150
232	6	29182
233	6	29598
234	6	29630
235	6	29976
236	6	29980
237	6	29982
238	6	30012
239	6	30488
240	6	30492
241	6	30494
242	6	30524
243	6	30552
244	6	30584
245	7	7740
246	7	7804
247	7	9276
248	7	9340
249	7	13372
250	7	13436
251	7	15420
252	7	15484
253	7	17468
254	7	17532
255	7	22076
256	7	22140
257	7	24124
258	7	24188
259	7	25660
260	7	25724
261	7	26172
262	7	26236
263	7	28476
264	7	28540
265	7	29756
266	7	29820
267	7	30268
268	7	30332
269	7	30524
270	7	30588
271	7	31804
272	7	32316
273	7	32572
274	7	32700
275	7	42040
276	7	42044
277	7	42108
278	7	44088
279	7	44216
280	7	44280
281	7	52792
282	7	58428
283	7	58492
284	7	58940
285	7	59004
286	7	60600
287	7	61112
288	7	61244
289	7	61308
290	7	63036
291	7	63100
292	7	65084
293	7	83000
294	7	85048
295	7	85176
296	7	85240
297	7	85560
298	7	87612
299	7	87676
300	7	89784
301	7	93368
302	7	95292
303	7	95356
304	7	115768
305	7	117816
306	7	117944
307	7	118008
308	7	118328
309	7	120376
310	7	120380
311	7	120444
312	7	122424
313	7	122552
314	7	122616
315	7	123960
316	7	126008
317	7	126136
318	7	126200
319	7	128060
320	7	128124
321	7	128184
322	7	130232
323	7	142520
324	7	144444
325	7	144508
326	7	146616
327	7	148536
328	7	150072
329	7	150328
330	7	150584
331	7	150712
332	7	150776
333	7	151096
334	7	152124
335	7	152188
336	7	153148
337	7	153212
338	7	154296
339	7	155320
340	7	158904
341	7	159416
342	7	160828
343	7	160892
344	7	161340
345	7	161404
346	7	161596
347	7	161660
348	7	163644
349	7	173112
350	7	175160
351	7	175288
352	7	175352
353	7	182840
354	7	183864
355	7	189496
356	7	190008
357	7	191544
358	7	191672
359	7	191736
360	7	192056
361	7	192184
362	7	192248
363	7	192312
364	7	194108
365	7	194172
366	7	196280
367	7	204344
368	7	205880
369	7	207928
370	7	208056
371	7	208120
372	7	208184
373	7	212152
374	7	214072
375	7	216120
376	7	216248
377	7	216312
378	7	216632
379	7	220856
380	7	221496
381	7	222264
382	7	222776
383	7	223544
384	7	223672
385	7	223736
386	7	224312
387	7	224440
388	7	224504
389	7	224568
390	7	224824
391	7	224952
392	7	225016
393	7	225080
394	7	226488
395	7	227132
396	7	227196
397	7	228536
398	7	229048
399	7	229304
400	7	237112
401	7	237176
402	7	238648
403	7	238712
404	7	240696
405	7	240760
406	7	242744
407	7	244792
408	7	246840
409	7	246904
410	7	248888
411	7	248952
412	7	249400
413	7	249464
414	7	251448
415	7	253496
416	7	255032
417	7	255544
418	7	257080
419	7	257592
420	7	257848
421	7	259128
422	7	259256
423	7	259320
424	7	259640
425	7	259896
426	7	259900
427	7	259964
428	7	261176
429	7	261688
430	7	261944
431	7	279612
432	7	279676
433	7	284220
434	7	284284
435	7	286268
436	7	286332
437	7	287804
438	7	287868
439	7	291900
440	7	291964
441	7	292028
442	7	292092
443	7	293948
444	7	314936
445	7	320572
446	7	320636
447	7	322744
448	7	345136
449	7	345144
450	7	345148
451	7	345212
452	7	347192
453	7	347320
454	7	347384
455	7	347440
456	7	351664
457	7	377904
458	7	377912
459	7	377916
460	7	377980
461	7	379960
462	7	380088
463	7	380152
464	7	380208
465	7	382000
466	7	382256
467	7	384048
468	7	384304
469	7	384432
470	7	384496
471	7	400956
472	7	401020
473	7	402492
474	7	402556
475	7	404664
476	7	406588
477	7	406652
478	7	408636
479	7	408700
480	7	408760
481	7	409008
482	7	410672
483	7	410680
484	7	410684
485	7	410748
486	7	412472
487	7	412728
488	7	412856
489	7	412920
490	7	412976
491	7	413240
492	7	415292
493	7	415356
494	7	417200
495	7	417340
496	7	417404
497	7	417464
498	7	418876
499	7	418940
500	7	419388
501	7	419452
502	7	421048
503	7	421560
504	7	421692
505	7	421756
506	7	422972
507	7	423036
508	7	423484
509	7	423548
510	7	423740
511	7	423804
512	7	425020
513	7	425532
514	7	425788
515	7	425916
516	7	435248
517	7	435256
518	7	435260
519	7	435324
520	7	437304
521	7	437432
522	7	437496
523	7	437552
524	7	441776
525	7	443440
526	7	445744
527	7	446008
528	7	447536
529	7	447792
530	7	448048
531	7	449584
532	7	449840
533	7	449968
534	7	450032
535	7	450096
536	7	450352
537	7	451632
538	7	451640
539	7	451644
540	7	451708
541	7	452144
542	7	452152
543	7	452156
544	7	452220
545	7	453688
546	7	453816
547	7	453880
548	7	453936
549	7	454200
550	7	454328
551	7	454392
552	7	454448
553	7	454456
554	7	454460
555	7	454524
556	7	456252
557	7	456316
558	7	458160
559	7	458300
560	7	458424
561	7	458672
562	7	476216
563	7	478264
564	7	478392
565	7	478456
566	7	478776
567	7	480828
568	7	480892
569	7	483000
570	7	484408
571	7	486456
572	7	486584
573	7	486648
574	7	486712
575	7	488508
576	7	488572
577	7	488632
578	7	490680
579	7	508984
580	7	509048
581	7	511032
582	7	511096
583	7	511544
584	7	511608
585	7	513072
586	7	513328
587	7	513584
588	7	513592
589	7	513596
590	7	513660
591	7	515376
592	7	515640
593	7	515888
594	7	517176
595	7	519224
596	7	521264
597	7	521272
598	7	521276
599	7	521340
600	7	521400
601	7	521464
602	7	521520
603	7	523320
604	7	523568
605	7	533564
606	7	533628
607	7	549948
608	7	550012
609	7	550460
610	7	550524
611	7	552764
612	7	552828
613	7	554556
614	7	554620
615	7	556604
616	7	583228
617	7	583292
618	7	585400
619	7	601144
620	7	601392
621	7	603196
622	7	603260
623	7	605368
624	7	607288
625	7	609336
626	7	609464
627	7	609528
628	7	609848
629	7	611900
630	7	611964
631	7	614072
632	7	617656
633	7	619580
634	7	619644
635	7	633912
636	7	634160
637	7	635952
638	7	638256
639	7	642616
640	7	644144
641	7	644400
642	7	644656
643	7	646448
644	7	646960
645	7	648248
646	7	650296
647	7	650424
648	7	650488
649	7	650544
650	7	664636
651	7	664700
652	7	666808
653	7	669244
654	7	669308
655	7	671292
656	7	671356
657	7	671416
658	7	674360
659	7	680508
660	7	680572
661	7	682680
662	7	682812
663	7	682876
664	7	684604
665	7	684668
666	7	686652
667	7	697392
668	7	699696
669	7	699960
670	7	703920
671	7	709168
672	7	711216
673	7	711472
674	7	713264
675	7	713272
676	7	713276
677	7	713340
678	7	715320
679	7	715448
680	7	715512
681	7	715568
682	7	719792
683	7	728632
684	7	730168
685	7	732216
686	7	732344
687	7	732408
688	7	732472
689	7	734268
690	7	734332
691	7	736440
692	7	739896
693	7	740152
694	7	741948
695	7	742012
696	7	744120
697	7	762936
698	7	763000
699	7	764984
700	7	765048
701	7	767024
702	7	767280
703	7	769328
704	7	772664
705	7	772728
706	7	774704
707	7	777008
708	7	795708
709	7	795772
710	7	797756
711	7	797820
712	7	806460
713	7	806524
714	7	811196
715	7	811260
716	7	812092
717	7	812156
718	7	812604
719	7	812668
720	7	814140
721	7	814204
722	7	814652
723	7	814716
724	7	814908
725	7	814972
726	7	816700
727	7	816764
728	7	818748
729	7	818876
730	7	845372
731	7	845436
732	7	847420
733	7	847484
734	7	847544
735	7	869424
736	7	869432
737	7	869436
738	7	869500
739	7	871480
740	7	871608
741	7	871672
742	7	871728
743	7	871992
744	7	874044
745	7	874108
746	7	875952
747	7	876092
748	7	876156
749	7	876216
750	7	877628
751	7	877692
752	7	879800
753	7	881724
754	7	881788
755	7	881852
756	7	881916
757	7	883772
758	7	902192
759	7	904496
760	7	904760
761	7	906288
762	7	906800
763	7	908336
764	7	908848
765	7	910384
766	7	910392
767	7	910396
768	7	910460
769	7	912440
770	7	912568
771	7	912632
772	7	912688
773	7	914608
774	7	926780
775	7	926844
776	7	928952
777	7	933296
778	7	936504
779	7	936752
780	7	959536
781	7	961840
782	7	969520
783	7	971312
784	7	973360
785	7	990776
786	7	990780
787	7	990844
788	7	992304
789	7	992312
790	7	992316
791	7	992380
792	7	994360
793	7	994488
794	7	994552
795	7	994608
796	7	994616
797	7	996412
798	7	996476
799	7	998460
800	7	998524
801	7	998584
802	7	998832
803	7	1025072
804	7	1025080
805	7	1025084
806	7	1025136
807	7	1025144
808	7	1025148
809	7	1027128
810	7	1027192
811	7	1027376
812	7	1027440
813	7	1029168
814	7	1031216
815	7	1056316
816	7	1056380
817	7	1057852
818	7	1057916
819	7	1060156
820	7	1060220
821	7	1061948
822	7	1062012
823	7	1063996
824	7	1064060
825	7	1066044
826	7	1066108
827	7	1070652
828	7	1070716
829	7	1072700
830	7	1072764
831	7	1073468
832	7	1073532
833	7	1074236
834	7	1074300
835	7	1074748
836	7	1074812
837	7	1075516
838	7	1075580
839	7	1076540
840	7	1076604
841	7	1077052
842	7	1077116
843	7	1078332
844	7	1078396
845	7	1078844
846	7	1078908
847	7	1079100
848	7	1079164
849	7	1080380
850	7	1080892
851	7	1081148
852	7	1081276
853	7	1089084
854	7	1089148
855	7	1090616
856	7	1090620
857	7	1090684
858	7	1092664
859	7	1092792
860	7	1092856
861	7	1101368
862	7	1105468
863	7	1105532
864	7	1107004
865	7	1107068
866	7	1107516
867	7	1107580
868	7	1109176
869	7	1109688
870	7	1109820
871	7	1109884
872	7	1111612
873	7	1111676
874	7	1113660
875	7	1119292
876	7	1119356
877	7	1121464
878	7	1131576
879	7	1132856
880	7	1133624
881	7	1133752
882	7	1133816
883	7	1133880
884	7	1134136
885	7	1135676
886	7	1135740
887	7	1136188
888	7	1136252
889	7	1137848
890	7	1138360
891	7	1138492
892	7	1138556
893	7	1141944
894	7	1143868
895	7	1143932
896	7	1144124
897	7	1144188
898	7	1146172
899	7	1164344
900	7	1166392
901	7	1166520
902	7	1166584
903	7	1166904
904	7	1168952
905	7	1168956
906	7	1169020
907	7	1171000
908	7	1171128
909	7	1171192
910	7	1172536
911	7	1174584
912	7	1174712
913	7	1174776
914	7	1174840
915	7	1176636
916	7	1176700
917	7	1176760
918	7	1178808
919	7	1191096
920	7	1193020
921	7	1193084
922	7	1195192
923	7	1198648
924	7	1198904
925	7	1200700
926	7	1200764
927	7	1202872
928	7	1204540
929	7	1204604
930	7	1206712
931	7	1221688
932	7	1223736
933	7	1223864
934	7	1223928
935	7	1231416
936	7	1233464
937	7	1233468
938	7	1233532
939	7	1235512
940	7	1235640
941	7	1235704
942	7	1250360
943	7	1252408
944	7	1252536
945	7	1252600
946	7	1252920
947	7	1254456
948	7	1256504
949	7	1256632
950	7	1256696
951	7	1256760
952	7	1258812
953	7	1258876
954	7	1260728
955	7	1260984
956	7	1263928
957	7	1270072
958	7	1272120
959	7	1272248
960	7	1272312
961	7	1274172
962	7	1274236
963	7	1274296
964	7	1276344
965	7	1285688
966	7	1285752
967	7	1287224
968	7	1287288
969	7	1289272
970	7	1289336
971	7	1289528
972	7	1289592
973	7	1291320
974	7	1293368
975	7	1302840
976	7	1304888
977	7	1328188
978	7	1328252
979	7	1332796
980	7	1332860
981	7	1334844
982	7	1334908
983	7	1336380
984	7	1336444
985	7	1338684
986	7	1338748
987	7	1340476
988	7	1340540
989	7	1340604
990	7	1340668
991	7	1342524
992	7	1363512
993	7	1367612
994	7	1367676
995	7	1369148
996	7	1369212
997	7	1371320
998	7	1393712
999	7	1393720
1000	7	1393724
1001	7	1393788
1002	7	1395768
1003	7	1395896
1004	7	1395960
1005	7	1396016
1006	7	1396024
1007	7	1396028
1008	7	1396092
1009	7	1397820
1010	7	1397884
1011	7	1399868
1012	7	1399932
1013	7	1399992
1014	7	1400240
1015	7	1426480
1016	7	1426488
1017	7	1426492
1018	7	1426556
1019	7	1428536
1020	7	1428664
1021	7	1428728
1022	7	1428784
1023	7	1430576
1024	7	1430832
1025	7	1432624
1026	7	1432880
1027	7	1433008
1028	7	1433072
1029	7	1449532
1030	7	1449596
1031	7	1451068
1032	7	1451132
1033	7	1453240
1034	7	1453372
1035	7	1453436
1036	7	1455164
1037	7	1455228
1038	7	1457212
1039	7	1457276
1040	7	1457336
1041	7	1457584
1042	7	1461048
1043	7	1466684
1044	7	1466748
1045	7	1468732
1046	7	1468796
1047	7	1468856
1048	7	1482300
1049	7	1482364
1050	7	1483824
1051	7	1483832
1052	7	1483836
1053	7	1483900
1054	7	1485880
1055	7	1486008
1056	7	1486072
1057	7	1486128
1058	7	1490352
1059	7	1512504
1060	7	1512508
1061	7	1512572
1062	7	1514552
1063	7	1514680
1064	7	1514744
1065	7	1526072
1066	7	1580604
1067	7	1580668
1068	7	1582140
1069	7	1582204
1070	7	1586236
1071	7	1586300
1072	7	1588284
1073	7	1588348
1074	7	1592124
1075	7	1592188
1076	7	1593916
1077	7	1593980
1078	7	1595964
1079	7	1596028
1080	7	1601724
1081	7	1601788
1082	7	1614904
1083	7	1614908
1084	7	1614972
1085	7	1616952
1086	7	1617080
1087	7	1617144
1088	7	1624632
1089	7	1649720
1090	7	1649968
1091	7	1649980
1092	7	1650044
1093	7	1651772
1094	7	1651836
1095	7	1653944
1096	7	1682488
1097	7	1682736
1098	7	1684528
1099	7	1684536
1100	7	1684540
1101	7	1684604
1102	7	1686584
1103	7	1686712
1104	7	1686776
1105	7	1686832
1106	7	1708604
1107	7	1708668
1108	7	1710652
1109	7	1710716
1110	7	1710776
1111	7	1838140
1112	7	1838204
1113	7	1842748
1114	7	1842812
1115	7	1844284
1116	7	1844348
1117	7	1846332
1118	7	1846396
1119	7	1848380
1120	7	1848444
1121	7	1850428
1122	7	1850492
1123	7	1850556
1124	7	1850620
1125	7	1859772
1126	7	1859836
1127	7	1863868
1128	7	1863932
1129	7	1865916
1130	7	1877048
1131	7	1877052
1132	7	1877116
1133	7	1879096
1134	7	1879100
1135	7	1879164
1136	7	1879224
1137	7	1879288
1138	7	1892540
1139	7	1892604
1140	8	309368
1141	8	373112
1142	8	440696
1143	8	594040
1144	8	602232
1145	8	602488
1146	8	602616
1147	8	669816
1148	8	733560
1149	8	735608
1150	8	856184
1151	8	864376
1152	8	864632
1153	8	864760
1154	8	931960
1155	8	987256
1156	8	989304
1157	8	995448
1158	8	995704
1159	8	995832
1160	8	997496
1161	8	997752
1162	8	997880
1163	8	998520
1164	8	1015160
1165	8	1030520
1166	8	1183864
1167	8	1192056
1168	8	1192312
1169	8	1192440
1170	8	1194104
1171	8	1227128
1172	8	1257848
1173	8	1480824
1174	8	1489016
1175	8	1489272
1176	8	1489400
1177	8	1520760
1178	8	1544568
1179	8	1552760
1180	8	1708152
1181	8	1716344
1182	8	1716600
1183	8	1716728
1184	8	1718392
1185	8	1742968
1186	8	1751160
1187	8	1751416
1188	8	1751544
1189	8	1751672
1190	8	1767800
1191	8	1773688
1192	8	1781880
1193	8	1782136
1194	8	1782264
1195	8	1806712
1196	8	1814904
1197	8	1815416
1198	8	1970296
1199	8	1970424
1200	8	1978488
1201	8	1978616
1202	8	1980536
1203	8	1980664
1204	8	1997944
1205	8	2005112
1206	8	2013304
1207	8	2021496
1208	8	2029688
1209	8	2035832
1210	8	2044024
1211	8	2068600
1212	8	2068856
1213	8	2068984
1214	8	2076792
1215	8	2085240
1216	8	2161016
1217	8	2175352
1218	8	2208120
1219	8	2232440
1220	8	2238584
1221	8	2239608
1222	8	2240632
1223	8	2240888
1224	8	2241016
1225	8	2242680
1226	8	2271608
1227	8	2275704
1228	8	2306424
1229	8	2308472
1230	8	2406520
1231	8	2470264
1232	8	2501752
1233	8	2525304
1234	8	2529400
1235	8	2533496
1236	8	2533752
1237	8	2533880
1238	8	2537592
1239	8	2537848
1240	8	2537976
1241	8	2571384
1242	8	2593144
1243	8	2601336
1244	8	2603384
1245	8	2604408
1246	8	2691192
1247	8	2699384
1248	8	2699640
1249	8	2699768
1250	8	2762872
1251	8	2766968
1252	8	2822264
1253	8	2824312
1254	8	2830456
1255	8	2830712
1256	8	2830840
1257	8	2832504
1258	8	2832760
1259	8	2832888
1260	8	2833528
1261	8	2850168
1262	8	2865528
1263	8	2953336
1264	8	2953464
1265	8	2961528
1266	8	2961656
1267	8	3025016
1268	8	3025144
1269	8	3029112
1270	8	3029240
1271	8	3084408
1272	8	3086456
1273	8	3092600
1274	8	3094648
1275	8	3095672
1276	8	3103864
1277	8	3112056
1278	8	3119224
1279	8	3127416
1280	8	3135864
1281	8	3192952
1282	8	3209592
1283	8	3215480
1284	8	3223672
1285	8	3223928
1286	8	3224056
1287	8	3224696
1288	8	3241336
1289	8	3256696
1290	8	3264888
1291	8	3273080
1292	8	3281016
1293	8	3289208
1294	8	3289464
1295	8	3289592
1296	8	3291256
1297	8	3324280
1298	8	3340664
1299	8	3343480
1300	8	3346552
1301	8	3348600
1302	8	3351672
1303	8	3351928
1304	8	3352056
1305	8	3352184
1306	8	3354744
1307	8	3355000
1308	8	3355128
1309	8	3355768
1310	8	3356280
1311	8	3356792
1312	8	3357048
1313	8	3357176
1314	8	3357816
1315	8	3360120
1316	8	3368312
1317	8	3372408
1318	8	3374456
1319	8	3379576
1320	8	3387768
1321	8	3389816
1322	8	3390840
1323	8	3455096
1324	8	3455224
1325	8	3486840
1326	8	3486968
1327	8	3510392
1328	8	3518584
1329	8	3577976
1330	8	3586168
1331	8	3605624
1332	8	3613816
1333	8	3617912
1334	8	3619960
1335	8	3641464
1336	8	3641720
1337	8	3641848
1338	8	3643512
1339	8	3644536
1340	8	3649656
1341	8	3651704
1342	8	3652728
1343	8	3653240
1344	8	3717240
1345	8	3717368
1346	8	3725432
1347	8	3733624
1348	8	3739768
1349	8	3739896
1350	8	3747960
1351	8	3748088
1352	8	3772536
1353	8	3780728
1354	8	3781240
1355	8	3789176
1356	8	3805304
1357	8	3805432
1358	8	3813496
1359	8	3813624
1360	8	3815544
1361	8	3815672
1362	8	3832952
1363	8	3840120
1364	8	3848312
1365	8	3848824
1366	8	3870840
1367	8	3872888
1368	8	3879032
1369	8	3881080
1370	8	3882104
1371	8	3900024
1372	8	3900280
1373	8	3900408
1374	8	3903608
1375	8	3903864
1376	8	3903992
1377	8	3904120
1378	8	3905656
1379	8	3906680
1380	8	3908216
1381	8	3911800
1382	8	3912312
1383	8	3913848
1384	8	3914360
1385	8	3914872
1386	8	3915384
1387	8	3920248
1388	8	3922296
1389	8	3987576
1390	8	3987704
1391	8	4001912
1392	8	4002040
1393	8	4034680
1394	8	4034808
1395	8	4051064
1396	8	4067448
1397	8	4067576
1398	8	4102264
1399	8	4102392
1400	8	4118648
1401	8	4132984
1402	8	4133112
1403	8	4135032
1404	8	4135160
1405	8	4152440
1406	8	4165752
1407	8	4167800
1408	8	4168824
1409	8	4182136
1410	8	4184184
1411	8	4185208
1412	8	4185720
1413	8	4929912
1414	8	5183600
1415	8	5183608
1416	8	5191800
1417	8	5192056
1418	8	5192184
1419	8	5192304
1420	8	5208944
1421	8	5378160
1422	8	5378168
1423	8	5386360
1424	8	5386616
1425	8	5386744
1426	8	5386864
1427	8	5388408
1428	8	5403504
1429	8	5421432
1430	8	5452152
1431	8	5640304
1432	8	5640432
1433	8	5649008
1434	8	5649136
1435	8	5656688
1436	8	5657200
1437	8	5658736
1438	8	5664880
1439	8	5665392
1440	8	5665648
1441	8	5665776
1442	8	5666928
1443	8	5667440
1444	8	5667952
1445	8	5675120
1446	8	5675128
1447	8	5683320
1448	8	5683576
1449	8	5683704
1450	8	5683824
1451	8	5700464
1452	8	5705840
1453	8	5714544
1454	8	5731184
1455	8	5738872
1456	8	5747064
1457	8	5912696
1458	8	5967992
1459	8	5976184
1460	8	5976440
1461	8	5976568
1462	8	6174840
1463	8	6174968
1464	8	6183024
1465	8	6191728
1466	8	6230136
1467	8	6238328
1468	8	6246512
1469	8	6247024
1470	8	6255216
1471	8	6369656
1472	8	6432888
1473	8	6436984
1474	8	6500728
1475	8	6502776
1476	8	6623344
1477	8	6632048
1478	8	6639984
1479	8	6648688
1480	8	6703216
1481	8	6707312
1482	8	6711408
1483	8	6711920
1484	8	6715504
1485	8	6716016
1486	8	6754416
1487	8	6756464
1488	8	6763120
1489	8	6765168
1490	8	6765688
1491	8	6779760
1492	8	6781808
1493	8	6797688
1494	8	7018616
1495	8	7026808
1496	8	7027064
1497	8	7027192
1498	8	7280760
1499	8	7288952
1500	8	7297136
1501	8	7297648
1502	8	7305840
1503	8	7387256
1504	8	7403896
1505	8	7409784
1506	8	7417976
1507	8	7418232
1508	8	7418360
1509	8	7419000
1510	8	7435640
1511	8	7451000
1512	8	7459192
1513	8	7467384
1514	8	7475320
1515	8	7483512
1516	8	7483768
1517	8	7483896
1518	8	7485560
1519	8	7518584
1520	8	7534968
1521	8	7540856
1522	8	7542904
1523	8	7549048
1524	8	7549304
1525	8	7549432
1526	8	7550584
1527	8	7551096
1528	8	7551352
1529	8	7551480
1530	8	7552120
1531	8	7568760
1532	8	7573880
1533	8	7582072
1534	8	7584120
1535	8	7585144
1536	8	7649400
1537	8	7649528
1538	8	7657584
1539	8	7666288
1540	8	7681144
1541	8	7681272
1542	8	7688304
1543	8	7688816
1544	8	7697008
1545	8	7704696
1546	8	7712888
1547	8	7753840
1548	8	7754352
1549	8	7755888
1550	8	7762544
1551	8	7764592
1552	8	7772280
1553	8	7780472
1554	8	7814264
1555	8	7819376
1556	8	7819888
1557	8	7821424
1558	8	7821936
1559	8	7822448
1560	8	7828080
1561	8	7830128
1562	8	7831152
1563	8	7835768
1564	8	7836024
1565	8	7836152
1566	8	7836272
1567	8	7837816
1568	8	7838840
1569	8	7843960
1570	8	7846008
1571	8	7847032
1572	8	7847544
1573	8	7852912
1574	8	7934072
1575	8	7934200
1576	8	7942264
1577	8	7942392
1578	8	7950960
1579	8	8009848
1580	8	8009976
1581	8	8065144
1582	8	8067192
1583	8	8073336
1584	8	8075384
1585	8	8076408
1586	8	8099960
1587	8	8108152
1588	8	8108664
1589	8	8116600
1590	8	8196216
1591	8	8196344
1592	8	8213104
1593	8	8213232
1594	8	8327288
1595	8	8327416
1596	8	8329336
1597	8	8329464
1598	8	8344176
1599	8	8346224
1600	8	8346744
1601	8	8362104
1602	8	8378488
1603	8	8378992
1604	8	9058424
1605	8	9122168
1606	8	9328752
1607	8	9337456
1608	8	9353336
1609	8	9353840
1610	8	9384560
1611	8	9572464
1612	8	9581168
1613	8	9581688
1614	8	9597808
1615	8	9613688
1616	8	9834608
1617	8	9843312
1618	8	9850992
1619	8	9851504
1620	8	9852016
1621	8	9859184
1622	8	9859696
1623	8	9859952
1624	8	9860080
1625	8	9860208
1626	8	9860720
1627	8	9867376
1628	8	9876080
1629	8	9892720
1630	8	10096760
1631	8	10104952
1632	8	10105208
1633	8	10105336
1634	8	10375280
1635	8	10375792
1636	8	10383984
1637	8	10580848
1638	8	10596728
1639	8	10621040
1640	8	10628216
1641	8	10629744
1642	8	10646384
1643	8	10664312
1644	8	10691960
1645	8	10817648
1646	8	10826352
1647	8	10842992
1648	8	10850416
1649	8	10859120
1650	8	10875760
1651	8	10883184
1652	8	10891888
1653	8	10898544
1654	8	10899568
1655	8	10900080
1656	8	10901616
1657	8	10907248
1658	8	10907760
1659	8	10908272
1660	8	10908528
1661	8	10908656
1662	8	10909808
1663	8	10910320
1664	8	10910832
1665	8	10918000
1666	8	10926704
1667	8	10934640
1668	8	10943344
1669	8	10945648
1670	8	10948720
1671	8	10950768
1672	8	10954352
1673	8	10957424
1674	8	10959472
1675	8	10970992
1676	8	10974064
1677	8	10976112
1678	8	10993016
1679	8	11079800
1680	8	11087992
1681	8	11088248
1682	8	11088376
1683	8	11155576
1684	8	11188344
1685	8	11204984
1686	8	11210872
1687	8	11212920
1688	8	11219064
1689	8	11219320
1690	8	11219448
1691	8	11221112
1692	8	11221368
1693	8	11221496
1694	8	11222136
1695	8	11238776
1696	8	11254136
1697	8	11327600
1698	8	11336304
1699	8	11358320
1700	8	11358832
1701	8	11367024
1702	8	11425904
1703	8	11434608
1704	8	11450488
1705	8	11458672
1706	8	11467376
1707	8	11484280
1708	8	11489392
1709	8	11489904
1710	8	11491440
1711	8	11491952
1712	8	11492464
1713	8	11498096
1714	8	11500144
1715	8	11501168
1716	8	11507832
1717	8	11516024
1718	8	11571320
1719	8	11579512
1720	8	11579768
1721	8	11579896
1722	8	11674744
1723	8	11678840
1724	8	11710840
1725	8	11712888
1726	8	11730296
1727	8	11744376
1728	8	11768184
1729	8	11776376
1730	8	11777400
1731	8	11849840
1732	8	11850352
1733	8	11858544
1734	8	11945072
1735	8	11948144
1736	8	11948656
1737	8	11949168
1738	8	11950192
1739	8	11953776
1740	8	11956848
1741	8	11957872
1742	8	11958896
1743	8	11975800
1744	8	12013680
1745	8	12014192
1746	8	12014704
1747	8	12022384
1748	8	12023408
1749	8	12030576
1750	8	12031096
1751	8	12039288
1752	8	12047216
1753	8	12193912
1754	8	12194040
1755	8	12202104
1756	8	12202232
1757	8	12204152
1758	8	12204280
1759	8	12210800
1760	8	12221560
1761	8	12228728
1762	8	12236920
1763	8	12237432
1764	8	12259448
1765	8	12267640
1766	8	12268664
1767	8	12269176
1768	8	12292216
1769	8	12292472
1770	8	12292600
1771	8	12300408
1772	8	12308856
1773	8	12472944
1774	8	12473072
1775	8	12490872
1776	8	12491000
1777	8	12507760
1778	8	12538480
1779	8	12554360
1780	8	12571248
1781	8	13252728
1782	8	13316472
1783	8	13523056
1784	8	13531248
1785	8	13570160
1786	8	13578864
1787	8	13586800
1788	8	13766768
1789	8	13775472
1790	8	13792112
1791	8	14028912
1792	8	14037616
1793	8	14045296
1794	8	14053488
1795	8	14291056
1796	8	14291064
1797	8	14299256
1798	8	14299512
1799	8	14299640
1800	8	14299760
1801	8	14316400
1802	8	14553200
1803	8	14553328
1804	8	14561904
1805	8	14562032
1806	8	14569584
1807	8	14577776
1808	8	14775152
1809	8	14791032
1810	8	14815344
1811	8	14822000
1812	8	14822520
1813	8	14824048
1814	8	14840688
1815	8	14858616
1816	8	15011952
1817	8	15020656
1818	8	15044720
1819	8	15053424
1820	8	15061360
1821	8	15077488
1822	8	15084144
1823	8	15086192
1824	8	15092848
1825	8	15093872
1826	8	15095920
1827	8	15102064
1828	8	15104112
1829	8	15105136
1830	8	15112304
1831	8	15121008
1832	8	15143024
1833	8	15145072
1834	8	15151728
1835	8	15153776
1836	8	15159664
1837	8	15187320
1838	8	15274096
1839	8	15274104
1840	8	15282296
1841	8	15282552
1842	8	15282680
1843	8	15282800
1844	8	15299440
1845	8	15349880
1846	8	15405168
1847	8	15405176
1848	8	15407216
1849	8	15407224
1850	8	15413368
1851	8	15413624
1852	8	15413752
1853	8	15413872
1854	8	15415416
1855	8	15415672
1856	8	15415800
1857	8	15415920
1858	8	15416440
1859	8	15430512
1860	8	15432560
1861	8	15433080
1862	8	15448440
1863	8	15536240
1864	8	15536368
1865	8	15544944
1866	8	15545072
1867	8	15552624
1868	8	15560816
1869	8	15620208
1870	8	15628400
1871	8	15667312
1872	8	15669360
1873	8	15669488
1874	8	15676016
1875	8	15678064
1876	8	15678192
1877	8	15678584
1878	8	15683696
1879	8	15685744
1880	8	15686768
1881	8	15691888
1882	8	15693936
1883	8	15694960
1884	8	15702128
1885	8	15702136
1886	8	15710328
1887	8	15710832
1888	8	15863920
1889	8	15872624
1890	8	15889264
1891	8	15907192
1892	8	15929456
1893	8	15938160
1894	8	15938680
1895	8	15954800
1896	8	15962488
1897	8	15970680
1898	8	16126064
1899	8	16126192
1900	8	16134768
1901	8	16134896
1902	8	16142448
1903	8	16144496
1904	8	16150640
1905	8	16152688
1906	8	16153712
1907	8	16160880
1908	8	16169584
1909	8	16177520
1910	8	16191600
1911	8	16200304
1912	8	16207984
1913	8	16209008
1914	8	16216176
1915	8	16217200
1916	8	16224368
1917	8	16224880
1918	8	16233072
1919	8	16388216
1920	8	16388344
1921	8	16396408
1922	8	16396536
1923	8	16398456
1924	8	16398584
1925	8	16404592
1926	8	16405104
1927	8	16406640
1928	8	16413296
1929	8	16415344
1930	8	16415864
1931	8	16423032
1932	8	16431224
1933	8	16431736
1934	8	16453752
1935	8	16461944
1936	8	16486520
1937	8	16486776
1938	8	16486904
1939	8	16487024
1940	8	16494712
1941	8	16503160
1942	8	16503664
1943	8	16666736
1944	8	16666864
1945	8	16668784
1946	8	16668912
1947	8	16685176
1948	8	16685304
1949	8	16701552
1950	8	16732272
1951	8	16748664
1952	8	16749168
1953	8	16765040
1954	8	17371256
1955	8	17379448
1956	8	17379704
1957	8	17379832
1958	8	17442936
1959	8	17447032
1960	8	17510776
1961	8	17512824
1962	8	17649776
1963	8	17650288
1964	8	17658480
1965	8	17713264
1966	8	17717360
1967	8	17721968
1968	8	17726064
1969	8	17773168
1970	8	17775736
1971	8	17807736
1972	8	17904240
1973	8	17936760
1974	8	18004344
1975	8	18166384
1976	8	18174064
1977	8	18182768
1978	8	18199152
1979	8	18239600
1980	8	18240112
1981	8	18241648
1982	8	18248304
1983	8	18250352
1984	8	18297456
1985	8	18428024
1986	8	18452600
1987	8	18460792
1988	8	18461048
1989	8	18461176
1990	8	18469240
1991	8	18477432
1992	8	18485368
1993	8	18493560
1994	8	18493816
1995	8	18493944
1996	8	18495608
1997	8	18513016
1998	8	18520184
1999	8	18528376
2000	8	18528632
2001	8	18528760
2002	8	18528888
2003	8	18545016
2004	8	18550904
2005	8	18559096
2006	8	18559352
2007	8	18559480
2008	8	18583928
2009	8	18592120
2010	8	18698352
2011	8	18707056
2012	8	18714744
2013	8	18722936
2014	8	18731120
2015	8	18731632
2016	8	18739824
2017	8	18763888
2018	8	18764400
2019	8	18765936
2020	8	18772592
2021	8	18774640
2022	8	18782328
2023	8	18790520
2024	8	18798704
2025	8	18799216
2026	8	18807408
2027	8	18829424
2028	8	18829936
2029	8	18838128
2030	8	18845816
2031	8	18846072
2032	8	18846200
2033	8	18846320
2034	8	18854008
2035	8	18862960
2036	8	18917752
2037	8	18985336
2038	8	18987384
2039	8	19016824
2040	8	19048824
2041	8	19171440
2042	8	19180144
2043	8	19196784
2044	8	19206256
2045	8	19214960
2046	8	19231600
2047	8	19239024
2048	8	19241072
2049	8	19247728
2050	8	19249776
2051	8	19264368
2052	8	19266416
2053	8	19286128
2054	8	19287152
2055	8	19294320
2056	8	19294832
2057	8	19295344
2058	8	19295856
2059	8	19302512
2060	8	19311216
2061	8	19327856
2062	8	19335280
2063	8	19343984
2064	8	19360624
2065	8	19377528
2066	8	19468408
2067	8	19476600
2068	8	19476856
2069	8	19476984
2070	8	19478648
2071	8	19511672
2072	8	19528056
2073	8	19540088
2074	8	19597432
2075	8	19605624
2076	8	19605880
2077	8	19606008
2078	8	19606648
2079	8	19607160
2080	8	19623288
2081	8	19630456
2082	8	19638648
2083	8	19746928
2084	8	19747440
2085	8	19748976
2086	8	19755632
2087	8	19757680
2088	8	19765368
2089	8	19773560
2090	8	19810416
2091	8	19819120
2092	8	19868792
2093	8	19875952
2094	8	19876464
2095	8	19876976
2096	8	19884656
2097	8	19885680
2098	8	19892344
2099	8	19892600
2100	8	19892728
2101	8	19892848
2102	8	19900536
2103	8	19909488
2104	8	19970168
2105	8	20001912
2106	8	20033912
2107	8	20065400
2108	8	20097400
2109	8	20120696
2110	8	20128888
2111	8	20129144
2112	8	20129272
2113	8	20240496
2114	8	20249200
2115	8	20271216
2116	8	20271728
2117	8	20272240
2118	8	20279920
2119	8	20280944
2120	8	20334704
2121	8	20335728
2122	8	20343408
2123	8	20344432
2124	8	20399216
2125	8	20399728
2126	8	20407920
2127	8	20494456
2128	8	20494584
2129	8	20502648
2130	8	20510840
2131	8	20516984
2132	8	20517112
2133	8	20525176
2134	8	20525304
2135	8	20533872
2136	8	20549752
2137	8	20550264
2138	8	20557944
2139	8	20566392
2140	8	20588664
2141	8	20588792
2142	8	20589688
2143	8	20589816
2144	8	20606072
2145	8	20613240
2146	8	20621432
2147	8	20629880
2148	8	20796016
2149	8	20796144
2150	8	20811896
2151	8	20812024
2152	8	20828784
2153	8	20875384
2154	8	20875512
2155	8	20892272
2156	8	21707128
2157	8	21960816
2158	8	21969520
2159	8	22131064
2160	8	22155376
2161	8	22164080
2162	8	22180720
2163	8	22198648
2164	8	22368368
2165	8	22376560
2166	8	22384752
2167	8	22393456
2168	8	22401392
2169	8	22417520
2170	8	22426224
2171	8	22433904
2172	8	22435952
2173	8	22442096
2174	8	22444144
2175	8	22445168
2176	8	22452336
2177	8	22461040
2178	8	22483056
2179	8	22491760
2180	8	22492784
2181	8	22499696
2182	8	22622328
2183	8	22622832
2184	8	22689912
2185	8	22745208
2186	8	22753400
2187	8	22753656
2188	8	22753784
2189	8	22753904
2190	8	22884976
2191	8	22885104
2192	8	22892656
2193	8	22960240
2194	8	23016048
2195	8	23023728
2196	8	23163760
2197	8	23181688
2198	8	23210608
2199	8	23400560
2200	8	23409264
2201	8	23435376
2202	8	23444080
2203	8	23472752
2204	8	23480432
2205	8	23488624
2206	8	23529584
2207	8	23538288
2208	8	23539312
2209	8	23546224
2210	8	23672952
2211	8	23791728
2212	8	23791736
2213	8	23799928
2214	8	23800184
2215	8	23800312
2216	8	23800432
2217	8	23817072
2218	8	23943280
2219	8	23951472
2220	8	24053872
2221	8	24062576
2222	8	24070256
2223	8	24078448
2224	8	24164472
2225	8	24186992
2226	8	24195696
2227	8	24196216
2228	8	24203632
2229	8	24212336
2230	8	24228216
2231	8	24245104
2232	8	24259704
2233	8	24291704
2234	8	24308592
2235	8	24434800
2236	8	24442992
2237	8	24449136
2238	8	24449264
2239	8	24457840
2240	8	24457968
2241	8	24465520
2242	8	24465776
2243	8	24465904
2244	8	24466544
2245	8	24473712
2246	8	24481904
2247	8	24490608
2248	8	24529008
2249	8	24530032
2250	8	24537200
2251	8	24538224
2252	8	24545392
2253	8	24554096
2254	8	24711288
2255	8	24711416
2256	8	24719480
2257	8	24719608
2258	8	24727664
2259	8	24728176
2260	8	24736368
2261	8	24782968
2262	8	24783096
2263	8	24791152
2264	8	24799856
2265	8	24989808
2266	8	24989936
2267	8	25053296
2268	8	25053424
2269	8	25759856
2270	8	25768560
2271	8	25785200
2272	8	26015856
2273	8	26022000
2274	8	26030704
2275	8	26038384
2276	8	26046576
2277	8	26105968
2278	8	26114160
2279	8	26153072
2280	8	26155120
2281	8	26161776
2282	8	26163824
2283	8	26169712
2284	8	26276720
2285	8	26349680
2286	8	26355312
2287	8	26358384
2288	8	26375024
2289	8	26513520
2290	8	26522224
2291	8	26611824
2292	8	26617456
2293	8	26620528
2294	8	26625136
2295	8	26628208
2296	8	26629232
2297	8	26630256
2298	8	26633328
2299	8	26636400
2300	8	26637424
2301	8	26638448
2302	8	26639472
2303	8	26644592
2304	8	26646640
2305	8	26653296
2306	8	26655344
2307	8	26661232
2308	8	26677360
2309	8	26686064
2310	8	26687088
2311	8	26694000
2312	8	26908792
2313	8	26916984
2314	8	26917240
2315	8	26917368
2316	8	26948208
2317	8	26948728
2318	8	26972536
2319	8	26980728
2320	8	27152496
2321	8	27154544
2322	8	27187312
2323	8	27210352
2324	8	27218032
2325	8	27219056
2326	8	27234928
2327	8	27243120
2328	8	27358064
2329	8	27404912
2330	8	27594864
2331	8	27603568
2332	8	27627632
2333	8	27636336
2334	8	27644272
2335	8	27667056
2336	8	27674736
2337	8	27675760
2338	8	27682928
2339	8	27683952
2340	8	27691120
2341	8	27699824
2342	8	27707760
2343	8	27722864
2344	8	27731568
2345	8	27739504
2346	8	27953272
2347	8	27961464
2348	8	27961720
2349	8	27961848
2350	8	27961968
2351	8	28135536
2352	8	28199024
2353	8	28224112
2354	8	28231792
2355	8	28348528
2356	8	28357232
2357	8	28373872
2358	8	28381296
2359	8	28390000
2360	8	28406640
2361	8	28423544
2362	8	28439408
2363	8	28509296
2364	8	28518000
2365	8	28534640
2366	8	28542328
2367	8	28550520
2368	8	28610672
2369	8	28610800
2370	8	28619376
2371	8	28619504
2372	8	28627056
2373	8	28629104
2374	8	28635248
2375	8	28637296
2376	8	28638320
2377	8	28643440
2378	8	28643568
2379	8	28652144
2380	8	28652272
2381	8	28659824
2382	8	28660848
2383	8	28668016
2384	8	28669040
2385	8	28676208
2386	8	28677232
2387	8	28684912
2388	8	28685936
2389	8	28722288
2390	8	28730480
2391	8	28771440
2392	8	28780144
2393	8	28787824
2394	8	28796016
2395	8	28804208
2396	8	28804720
2397	8	28812912
2398	8	28883064
2399	8	28883192
2400	8	28891248
2401	8	28899952
2402	8	28914808
2403	8	28914936
2404	8	28921968
2405	8	28922480
2406	8	28922992
2407	8	28930672
2408	8	28931696
2409	8	28938360
2410	8	28946552
2411	8	29033592
2412	8	29041784
2413	8	29153392
2414	8	29153520
2415	8	29184112
2416	8	29184240
2417	8	29185136
2418	8	29185264
2419	8	29216880
2420	8	29312112
2421	8	29954160
2422	8	29962352
2423	8	29962864
2424	8	29978992
2425	8	30029936
2426	8	30046576
2427	8	30216304
2428	8	30224496
2429	8	30292080
2430	8	30347376
2431	8	30349424
2432	8	30355568
2433	8	30357616
2434	8	30358640
2435	8	30543984
2436	8	30552176
2437	8	30552688
2438	8	30554224
2439	8	30568816
2440	8	30570864
2441	8	30806128
2442	8	30814320
2443	8	30816368
2444	8	30840944
2445	8	30849136
2446	8	30871664
2447	8	30879856
2448	8	30880880
2449	8	30904688
2450	8	31068272
2451	8	31076976
2452	8	31103088
2453	8	31103096
2454	8	31111288
2455	8	31111544
2456	8	31111672
2457	8	31111792
2458	8	31133808
2459	8	31142512
2460	8	31150448
2461	8	31166840
2462	8	31175032
2463	8	31330416
2464	8	31330544
2465	8	31365232
2466	8	31395952
2467	8	31428720
2468	8	31521136
2469	8	31551856
2470	8	31598704
2471	8	31599216
2472	8	31599728
2473	8	31615344
2474	8	31616368
2475	8	31766640
2476	8	31789168
2477	8	31797360
2478	8	31821936
2479	8	31830128
2480	8	31860848
2481	8	31861872
2482	8	31885424
2483	8	31893616
2484	8	32051312
2485	8	32060016
2486	8	32123504
2487	8	32313456
2488	8	32313584
2489	8	32575600
2490	8	32584304
2491	8	32625008
2492	8	32703600
2493	8	32712304
2494	8	32720240
2495	8	32837744
2496	8	32837872
2497	8	32870512
2498	8	32965744
2499	8	33077368
2500	8	33077496
2501	8	33085552
2502	8	33093744
2503	8	33099888
2504	8	33100016
2505	8	33108592
2506	8	33108720
2507	8	33116272
2508	8	33124464
2509	8	33132656
2510	8	33132664
2511	8	33140856
2512	8	33141360
2513	8	33362032
2514	8	33362160
2515	8	33394800
2516	8	33394928
2517	8	33995128
2518	8	34224248
2519	8	34240888
2520	8	34287992
2521	8	34486392
2522	8	34541688
2523	8	34549880
2524	8	34550136
2525	8	34550264
2526	8	34738296
2527	8	34746488
2528	8	34746744
2529	8	34746872
2530	8	35262584
2531	8	35270776
2532	8	35271032
2533	8	35271160
2534	8	35271288
2535	8	35287416
2536	8	35524728
2537	8	35524856
2538	8	35532920
2539	8	35533048
2540	8	35715448
2541	8	35729784
2542	8	35762552
2543	8	35786872
2544	8	35794040
2545	8	35795064
2546	8	35795320
2547	8	35795448
2548	8	35797112
2549	8	35810680
2550	8	35830136
2551	8	35860856
2552	8	35862904
2553	8	35960952
2554	8	36016248
2555	8	36024440
2556	8	36024696
2557	8	36024824
2558	8	36056184
2559	8	36083832
2560	8	36092024
2561	8	36092280
2562	8	36092408
2563	8	36125816
2564	8	36147576
2565	8	36155768
2566	8	36157816
2567	8	36158840
2568	8	36206712
2569	8	36245624
2570	8	36253816
2571	8	36254072
2572	8	36254200
2573	8	36254328
2574	8	36270456
2575	8	36317816
2576	8	36321400
2577	8	36338040
2578	8	36373112
2579	8	36376696
2580	8	36378744
2581	8	36381304
2582	8	36381560
2583	8	36381688
2584	8	36384888
2585	8	36385144
2586	8	36385272
2587	8	36385400
2588	8	36386936
2589	8	36387192
2590	8	36387320
2591	8	36387448
2592	8	36387960
2593	8	36393336
2594	8	36401528
2595	8	36403576
2596	8	36404600
2597	8	36419960
2598	8	36507768
2599	8	36507896
2600	8	36515960
2601	8	36516088
2602	8	36583544
2603	8	36583672
2604	8	36638840
2605	8	36640888
2606	8	36647032
2607	8	36649080
2608	8	36650104
2609	8	36658296
2610	8	36666488
2611	8	36673656
2612	8	36681848
2613	8	36682360
2614	8	36690296
2615	8	36835448
2616	8	36843640
2617	8	36843896
2618	8	36844024
2619	8	36845688
2620	8	36878712
2621	8	36895096
2622	8	36900984
2623	8	36909176
2624	8	36909432
2625	8	36909560
2626	8	36910200
2627	8	36910712
2628	8	36926840
2629	8	36934008
2630	8	36942200
2631	8	36942712
2632	8	37132408
2633	8	37140600
2634	8	37172344
2635	8	37180536
2636	8	37188728
2637	8	37195896
2638	8	37196152
2639	8	37196280
2640	8	37204088
2641	8	37245048
2642	8	37245176
2643	8	37253240
2644	8	37253368
2645	8	37359736
2646	8	37359864
2647	8	37364344
2648	8	37364472
2649	8	37367928
2650	8	37368056
2651	8	37368440
2652	8	37368568
2653	8	37369976
2654	8	37370104
2655	8	37376120
2656	8	37378168
2657	8	37384312
2658	8	37386360
2659	8	37387384
2660	8	37394552
2661	8	37402744
2662	8	37403256
2663	8	37425272
2664	8	37433464
2665	8	37433976
2666	8	37441912
2667	8	37458040
2668	8	37458296
2669	8	37458424
2670	8	37458552
2671	8	37466232
2672	8	37466744
2673	8	37474680
2674	8	37475192
2675	8	37621880
2676	8	37622008
2677	8	37656696
2678	8	37656824
2679	8	37673080
2680	8	37687416
2681	8	37687544
2682	8	37720184
2683	8	37720696
2684	8	37736568
2685	8	38932592
2686	8	38932600
2687	8	38940792
2688	8	38941048
2689	8	38941176
2690	8	38941296
2691	8	38957936
2692	8	39194736
2693	8	39194864
2694	8	39203440
2695	8	39203568
2696	8	39211120
2697	8	39211632
2698	8	39219312
2699	8	39219824
2700	8	39220080
2701	8	39220208
2702	8	39924088
2703	8	39991416
2704	8	40055160
2705	8	40057208
2706	8	40177776
2707	8	40186480
2708	8	40194416
2709	8	40203120
2710	8	40261744
2711	8	40269936
2712	8	40270448
2713	8	40308848
2714	8	40310896
2715	8	40317552
2716	8	40319600
2717	8	40320120
2718	8	40334192
2719	8	40336240
2720	8	40352120
2721	8	40573048
2722	8	40581240
2723	8	40581496
2724	8	40581624
2725	8	40581752
2726	8	40597880
2727	8	40835192
2728	8	40843384
2729	8	40851568
2730	8	40852080
2731	8	40860272
2732	8	41029752
2733	8	41037944
2734	8	41038200
2735	8	41038328
2736	8	41039992
2737	8	41073016
2738	8	41089400
2739	8	41095288
2740	8	41103480
2741	8	41103736
2742	8	41103864
2743	8	41105016
2744	8	41128312
2745	8	41136504
2746	8	41137016
2747	8	41308272
2748	8	41308784
2749	8	41310320
2750	8	41316976
2751	8	41319024
2752	8	41326712
2753	8	41334904
2754	8	41373808
2755	8	41374320
2756	8	41382512
2757	8	41390200
2758	8	41390456
2759	8	41390584
2760	8	41390704
2761	8	41398392
2762	8	41407344
2763	8	41564280
2764	8	41564408
2765	8	41572472
2766	8	41580664
2767	8	41619576
2768	8	41627768
2769	8	41628280
2770	8	41636216
2771	8	41881720
2772	8	41881848
2773	8	41898608
2774	8	44175456
2775	8	44175472
2776	8	44175480
2777	8	44183672
2778	8	44183928
2779	8	44184056
2780	8	44184176
2781	8	44185720
2782	8	44200816
2783	8	44218744
2784	8	44249464
2785	8	44437616
2786	8	44446320
2787	8	44454000
2788	8	44454512
2789	8	44456048
2790	8	44462192
2791	8	44462704
2792	8	44462960
2793	8	44463088
2794	8	44464240
2795	8	44464752
2796	8	44465264
2797	8	44470368
2798	8	44471392
2799	8	44472416
2800	8	44472432
2801	8	44472440
2802	8	44480096
2803	8	44480632
2804	8	44480888
2805	8	44481016
2806	8	44481136
2807	8	44497776
2808	8	44503152
2809	8	44511856
2810	8	44512376
2811	8	44528496
2812	8	44536184
2813	8	44544376
2814	8	44710008
2815	8	44742776
2816	8	44759416
2817	8	44765304
2818	8	44773496
2819	8	44773752
2820	8	44773880
2821	8	44972152
2822	8	44972280
2823	8	44979296
2824	8	44980336
2825	8	44989040
2826	8	45004920
2827	8	45011040
2828	8	45012064
2829	8	45012576
2830	8	45013088
2831	8	45013104
2832	8	45013112
2833	8	45014112
2834	8	45020768
2835	8	45021304
2836	8	45021808
2837	8	45022816
2838	8	45027448
2839	8	45035640
2840	8	45043824
2841	8	45044336
2842	8	45044832
2843	8	45052528
2844	8	45224056
2845	8	45232248
2846	8	45232504
2847	8	45232632
2848	8	45233272
2849	8	45249912
2850	8	45265272
2851	8	45273464
2852	8	45281656
2853	8	45495416
2854	8	45495544
2855	8	45502576
2856	8	45503088
2857	8	45503600
2858	8	45511280
2859	8	45512304
2860	8	45518968
2861	8	45527160
2862	8	45748344
2863	8	45748472
2864	8	45756536
2865	8	45756664
2866	8	45765232
2867	8	46010488
2868	8	46010616
2869	8	46027376
2870	8	46027504
2871	8	46061152
2872	8	48369760
2873	8	48369776
2874	8	48369784
2875	8	48377952
2876	8	48377976
2877	8	48378232
2878	8	48378360
2879	8	48378480
2880	8	48380024
2881	8	48395120
2882	8	48395616
2883	8	48413048
2884	8	48443768
2885	8	48631920
2886	8	48640624
2887	8	48648304
2888	8	48650352
2889	8	48656496
2890	8	48658544
2891	8	48659568
2892	8	48664672
2893	8	48665696
2894	8	48666720
2895	8	48666736
2896	8	48666744
2897	8	48672864
2898	8	48674400
2899	8	48674936
2900	8	48675192
2901	8	48675320
2902	8	48675440
2903	8	48697456
2904	8	48706160
2905	8	48714096
2906	8	48730488
2907	8	48738680
2908	8	48894048
2909	8	48904312
2910	8	48926816
2911	8	48928864
2912	8	48935520
2913	8	48937568
2914	8	48959584
2915	8	48959600
2916	8	48959608
2917	8	48967800
2918	8	48968056
2919	8	48968184
2920	8	48968304
2921	8	48984944
2922	8	49156192
2923	8	49156320
2924	8	49166456
2925	8	49166584
2926	8	49173600
2927	8	49174640
2928	8	49181792
2929	8	49182832
2930	8	49183840
2931	8	49188960
2932	8	49191008
2933	8	49205344
2934	8	49207392
2935	8	49213536
2936	8	49215584
2937	8	49221728
2938	8	49221744
2939	8	49221752
2940	8	49229944
2941	8	49230448
2942	8	49238128
2943	8	49239136
2944	8	49246320
2945	8	49247328
2946	8	49254496
2947	8	49418336
2948	8	49418352
2949	8	49418360
2950	8	49426552
2951	8	49426808
2952	8	49426936
2953	8	49427056
2954	8	49443696
2955	8	49680496
2956	8	49680624
2957	8	49689200
2958	8	49689328
2959	8	49696880
2960	8	49705072
2961	8	49713248
2962	8	49714272
2963	8	49722976
2964	8	49942648
2965	8	49942776
2966	8	49950840
2967	8	49950968
2968	8	49959024
2969	8	49959536
2970	8	49960032
2971	8	49967728
2972	8	50204792
2973	8	50204920
2974	8	50221168
2975	8	50221296
2976	8	50222176
2977	8	50222304
2978	8	50253920
2979	8	50641016
2980	8	50704760
2981	8	50772344
2982	8	50925688
2983	8	50933880
2984	8	50934136
2985	8	50934264
2986	8	51001464
2987	8	51018104
2988	8	51065208
2989	8	51067256
2990	8	51187832
2991	8	51196024
2992	8	51196280
2993	8	51196408
2994	8	51204208
2995	8	51204720
2996	8	51212912
2997	8	51263608
2998	8	51271792
2999	8	51280496
3000	8	51318904
3001	8	51320952
3002	8	51327096
3003	8	51327352
3004	8	51327480
3005	8	51327600
3006	8	51329144
3007	8	51329400
3008	8	51329528
3009	8	51330168
3010	8	51346808
3011	8	51362168
3012	8	51515512
3013	8	51523704
3014	8	51523960
3015	8	51524088
3016	8	51525752
3017	8	51558776
3018	8	51589496
3019	8	51794032
3020	8	51794544
3021	8	51796080
3022	8	51802736
3023	8	51804784
3024	8	51812472
3025	8	51820664
3026	8	51820920
3027	8	51821048
3028	8	51821168
3029	8	51851888
3030	8	51852408
3031	8	51876216
3032	8	51884408
3033	8	52039800
3034	8	52047992
3035	8	52048248
3036	8	52048376
3037	8	52050040
3038	8	52056184
3039	8	52064376
3040	8	52064760
3041	8	52074616
3042	8	52082808
3043	8	52083064
3044	8	52083192
3045	8	52083320
3046	8	52099448
3047	8	52105336
3048	8	52113528
3049	8	52113784
3050	8	52113912
3051	8	52138360
3052	8	52146552
3053	8	52147064
3054	8	52301944
3055	8	52302072
3056	8	52310136
3057	8	52310264
3058	8	52312184
3059	8	52312312
3060	8	52318320
3061	8	52318832
3062	8	52319328
3063	8	52320368
3064	8	52327024
3065	8	52329072
3066	8	52329592
3067	8	52336760
3068	8	52344952
3069	8	52352096
3070	8	52352608
3071	8	52353120
3072	8	52353136
3073	8	52353144
3074	8	52353648
3075	8	52354144
3076	8	52360800
3077	8	52361336
3078	8	52361840
3079	8	52362848
3080	8	52367480
3081	8	52375672
3082	8	52383856
3083	8	52384368
3084	8	52384864
3085	8	52392560
3086	8	52400248
3087	8	52400504
3088	8	52400632
3089	8	52400752
3090	8	52408440
3091	8	52416888
3092	8	52417392
3093	8	52492664
3094	8	52507000
3095	8	52539768
3096	8	52540280
3097	8	52541816
3098	8	52570232
3099	8	52571256
3100	8	52603256
3101	8	52738168
3102	8	52760688
3103	8	52769392
3104	8	52786032
3105	8	52793456
3106	8	52794464
3107	8	52795504
3108	8	52801912
3109	8	52802160
3110	8	52804208
3111	8	52804728
3112	8	52818800
3113	8	52820848
3114	8	52833400
3115	8	52840560
3116	8	52841584
3117	8	52848752
3118	8	52849264
3119	8	52849776
3120	8	52850288
3121	8	52856928
3122	8	52856944
3123	8	52856952
3124	8	52865144
3125	8	52865400
3126	8	52865528
3127	8	52865648
3128	8	52882288
3129	8	53022840
3130	8	53031032
3131	8	53031288
3132	8	53031416
3133	8	53082488
3134	8	53094520
3135	8	53161592
3136	8	53284984
3137	8	53285112
3138	8	53293176
3139	8	53293304
3140	8	53301360
3141	8	53301872
3142	8	53302368
3143	8	53310064
3144	8	53318240
3145	8	53356664
3146	8	53356792
3147	8	53364848
3148	8	53373552
3149	8	53397600
3150	8	53398624
3151	8	53407328
3152	8	53524600
3153	8	53541240
3154	8	53547128
3155	8	53555320
3156	8	53555576
3157	8	53555704
3158	8	53556344
3159	8	53572984
3160	8	53588344
3161	8	53596536
3162	8	53604728
3163	8	53619832
3164	8	53675128
3165	8	53683320
3166	8	53683576
3167	8	53683704
3168	8	53683832
3169	8	53691768
3170	8	53699960
3171	8	53786744
3172	8	53786872
3173	8	53794928
3174	8	53803632
3175	8	53818488
3176	8	53818616
3177	8	53825648
3178	8	53826160
3179	8	53826672
3180	8	53834352
3181	8	53835376
3182	8	53842040
3183	8	53850232
3184	8	53890160
3185	8	53898864
3186	8	53937272
3187	8	53945464
3188	8	53953648
3189	8	53954160
3190	8	53962352
3191	8	54048888
3192	8	54049016
3193	8	54057080
3194	8	54065272
3195	8	54071416
3196	8	54071544
3197	8	54079608
3198	8	54079736
3199	8	54088304
3200	8	54104184
3201	8	54112376
3202	8	54112888
3203	8	54120824
3204	8	54144120
3205	8	54144248
3206	8	54152312
3207	8	54231672
3208	8	54231928
3209	8	54232056
3210	8	54239864
3211	8	54319224
3212	8	54319352
3213	8	54333560
3214	8	54333688
3215	8	54350448
3216	8	54350576
3217	8	54366328
3218	8	54366456
3219	8	54382712
3220	8	54383216
3221	8	54384224
3222	8	55261560
3223	8	55515248
3224	8	55515256
3225	8	55523448
3226	8	55523704
3227	8	55523832
3228	8	55523952
3229	8	55709792
3230	8	55709808
3231	8	55709816
3232	8	55718008
3233	8	55718264
3234	8	55718392
3235	8	55718512
3236	8	55720056
3237	8	55735152
3238	8	55753080
3239	8	55783800
3240	8	55971952
3241	8	55980656
3242	8	55988336
3243	8	55990384
3244	8	55996528
3245	8	55998576
3246	8	55999600
3247	8	56004704
3248	8	56005728
3249	8	56006752
3250	8	56006768
3251	8	56006776
3252	8	56014432
3253	8	56014968
3254	8	56015224
3255	8	56015352
3256	8	56015472
3257	8	56037488
3258	8	56046192
3259	8	56047216
3260	8	56054128
3261	8	56070520
3262	8	56078712
3263	8	56244344
3264	8	56250464
3265	8	56260192
3266	8	56275552
3267	8	56277600
3268	8	56299640
3269	8	56307832
3270	8	56308088
3271	8	56308216
3272	8	56308336
3273	8	56506488
3274	8	56506616
3275	8	56513632
3276	8	56514672
3277	8	56545376
3278	8	56547424
3279	8	56561784
3280	8	56569976
3281	8	56570480
3282	8	56578160
3283	8	56579168
3284	8	56701304
3285	8	56718192
3286	8	56736120
3287	8	56764536
3288	8	56765040
3289	8	56954992
3290	8	56963696
3291	8	56988768
3292	8	56989808
3293	8	56998512
3294	8	57027184
3295	8	57034864
3296	8	57043056
3297	8	57051232
3298	8	57060960
3299	8	57093744
3300	8	57217120
3301	8	57313376
3302	8	57322080
3303	8	57479264
3304	8	57479392
3305	8	57496672
3306	8	57504864
3307	8	57512032
3308	8	57512544
3309	8	57568352
3310	8	57575520
3311	8	57591904
3312	8	57600096
3313	8	57718904
3314	8	57735544
3315	8	57741408
3316	8	57741424
3317	8	57741432
3318	8	57749624
3319	8	57749880
3320	8	57750008
3321	8	57750128
3322	8	57750648
3323	8	57766768
3324	8	57767288
3325	8	57782648
3326	8	57790840
3327	8	57799032
3328	8	57799536
3329	8	57813616
3330	8	57814136
3331	8	57981048
3332	8	57981176
3333	8	57989232
3334	8	57997424
3335	8	58003568
3336	8	58003696
3337	8	58012272
3338	8	58012400
3339	8	58012792
3340	8	58012920
3341	8	58019952
3342	8	58020976
3343	8	58028144
3344	8	58036320
3345	8	58036336
3346	8	58036344
3347	8	58037344
3348	8	58044536
3349	8	58045040
3350	8	58046048
3351	8	58075760
3352	8	58075888
3353	8	58084464
3354	8	58109536
3355	8	58265720
3356	8	58265848
3357	8	58273912
3358	8	58274040
3359	8	58282096
3360	8	58282608
3361	8	58283104
3362	8	58290800
3363	8	58346592
3364	8	58527864
3365	8	58527992
3366	8	58544240
3367	8	58544368
3368	8	58545248
3369	8	58545376
3370	8	58576992
3371	8	59390072
3372	8	59453816
3373	8	59660400
3374	8	59668592
3375	8	59684984
3376	8	59707504
3377	8	59716208
3378	8	59724144
3379	8	59904112
3380	8	59912816
3381	8	59913336
3382	8	59929456
3383	8	59945336
3384	8	60166256
3385	8	60174960
3386	8	60182640
3387	8	60183664
3388	8	60190832
3389	8	60191856
3390	8	60199024
3391	8	60200032
3392	8	60207728
3393	8	60215664
3394	8	60428408
3395	8	60436600
3396	8	60436856
3397	8	60436984
3398	8	60706928
3399	8	60740704
3400	8	60912496
3401	8	60928376
3402	8	60959344
3403	8	60959864
3404	8	61023608
3405	8	61149296
3406	8	61158000
3407	8	61182064
3408	8	61183072
3409	8	61190768
3410	8	61198704
3411	8	61221488
3412	8	61230192
3413	8	61277296
3414	8	61286000
3415	8	61293936
3416	8	61411448
3417	8	61419640
3418	8	61419896
3419	8	61420024
3420	8	61689968
3421	8	61902960
3422	8	61902968
3423	8	61911160
3424	8	61911416
3425	8	61911544
3426	8	61911664
3427	8	61928304
3428	8	62006392
3429	8	62165104
3430	8	62165232
3431	8	62173808
3432	8	62173936
3433	8	62181488
3434	8	62189680
3435	8	62276720
3436	8	62284912
3437	8	63584368
3438	8	63584376
3439	8	63601008
3440	8	63648120
3441	8	63846512
3442	8	63901808
3443	8	63910000
3444	8	64098416
3445	8	64106608
3446	8	64107120
3447	8	64107616
3448	8	64123248
3449	8	64360560
3450	8	64368752
3451	8	64394336
3452	8	64402528
3453	8	64622688
3454	8	64622704
3455	8	64622712
3456	8	64630904
3457	8	64631160
3458	8	64631288
3459	8	64631408
3460	8	64655456
3461	8	64672096
3462	8	64884848
3463	8	64884976
3464	8	64917600
3465	8	65075568
3466	8	65106288
3467	8	65122680
3468	8	65153648
3469	8	65154144
3470	8	65154160
3471	8	65154168
3472	8	65170800
3473	8	65321072
3474	8	65343600
3475	8	65351792
3476	8	65376368
3477	8	65377376
3478	8	65384560
3479	8	65385568
3480	8	65416304
3481	8	65605728
3482	8	65605744
3483	8	65605752
3484	8	65613944
3485	8	65614200
3486	8	65614328
3487	8	65614448
3488	8	65655136
3489	8	65677936
3490	8	65867888
3491	8	65868016
3492	8	65900640
3493	8	67844472
3494	8	68098168
3495	8	68106360
3496	8	68106616
3497	8	68106744
3498	8	68235384
3499	8	68268408
3500	8	68292728
3501	8	68300920
3502	8	68301176
3503	8	68301304
3504	8	68302968
3505	8	68335992
3506	8	68366712
3507	8	68522104
3508	8	68530296
3509	8	68530552
3510	8	68530680
3511	8	68589688
3512	8	68597880
3513	8	68598136
3514	8	68598264
3515	8	68653432
3516	8	68661624
3517	8	68759672
3518	8	68776312
3519	8	68827256
3520	8	68843896
3521	8	68882552
3522	8	68890744
3523	8	68891000
3524	8	68891128
3525	8	68891256
3526	8	68899192
3527	8	68907384
3528	8	69021816
3529	8	69021944
3530	8	69089400
3531	8	69089528
3532	8	69144696
3533	8	69152888
3534	8	69284216
3535	8	69319032
3536	8	69347448
3537	8	69413240
3538	8	69572728
3539	8	69580920
3540	8	69581176
3541	8	69581304
3542	8	69676152
3543	8	69692792
3544	8	69699960
3545	8	69708152
3546	8	69810296
3547	8	69826936
3548	8	69929080
3549	8	69937272
3550	8	69937528
3551	8	69937656
3552	8	69937784
3553	8	69945720
3554	8	69953912
3555	8	70072440
3556	8	70072568
3557	8	70191224
3558	8	70199416
3559	8	70301816
3560	8	70318456
3561	8	70324344
3562	8	70332536
3563	8	70332792
3564	8	70332920
3565	8	70333560
3566	8	70350200
3567	8	70365560
3568	8	70373752
3569	8	70381944
3570	8	70396024
3571	8	70397048
3572	8	70413688
3573	8	70429048
3574	8	70437240
3575	8	70445432
3576	8	70484856
3577	8	70493048
3578	8	70563960
3579	8	70564088
3580	8	70595704
3581	8	70595832
3582	8	70619256
3583	8	70627448
3584	8	70659192
3585	8	70659320
3586	8	70675576
3587	8	70682744
3588	8	70690936
3589	8	70809720
3590	8	70809848
3591	8	70848632
3592	8	70848760
3593	8	70856824
3594	8	70856952
3595	8	70857336
3596	8	70857464
3597	8	70865016
3598	8	70873208
3599	8	70920312
3600	8	70920440
3601	8	70920824
3602	8	70920952
3603	8	70928504
3604	8	70936696
3605	8	70976120
3606	8	70984312
3607	8	71110776
3608	8	71110904
3609	8	72429688
3610	8	72497272
3611	8	72561016
3612	8	72700016
3613	8	72708208
3614	8	72708720
3615	8	72767600
3616	8	72775792
3617	8	72776304
3618	8	72814704
3619	8	72823408
3620	8	72840048
3621	8	73607544
3622	8	73861232
3623	8	73869936
3624	8	73886576
3625	8	74518648
3626	8	74526840
3627	8	74527096
3628	8	74527224
3629	8	74590328
3630	8	74797168
3631	8	74797680
3632	8	74805872
3633	8	74860656
3634	8	74869360
3635	8	75870584
3636	8	76099704
3637	8	76167288
3638	8	76231032
3639	8	76370032
3640	8	76378736
3641	8	76437616
3642	8	76446320
3643	8	76493424
3644	8	76681328
3645	8	76690032
3646	8	76690552
3647	8	76706672
3648	8	76722552
3649	8	76943472
3650	8	76943600
3651	8	76952176
3652	8	76952304
3653	8	76959856
3654	8	76960368
3655	8	76960880
3656	8	76968048
3657	8	76968560
3658	8	76968816
3659	8	76968944
3660	8	76969584
3661	8	76976240
3662	8	76977248
3663	8	76978272
3664	8	76978296
3665	8	76984944
3666	8	76986488
3667	8	76986744
3668	8	76986872
3669	8	77001584
3670	8	77009008
3671	8	77017712
3672	8	77018232
3673	8	77034352
3674	8	77042040
3675	8	77050232
3676	8	77205624
3677	8	77213816
3678	8	77214072
3679	8	77214200
3680	8	77215864
3681	8	77248888
3682	8	77271160
3683	8	77279352
3684	8	77279608
3685	8	77279736
3686	8	77304184
3687	8	77312376
3688	8	77312888
3689	8	77484144
3690	8	77484656
3691	8	77486192
3692	8	77492848
3693	8	77494896
3694	8	77495416
3695	8	77502584
3696	8	77510776
3697	8	77517920
3698	8	77549680
3699	8	77550192
3700	8	77550688
3701	8	77558384
3702	8	77566072
3703	8	77566328
3704	8	77566456
3705	8	77566576
3706	8	77574264
3707	8	77583216
3708	8	77705592
3709	8	77737080
3710	8	77769080
3711	8	77903992
3712	8	77926512
3713	8	77935216
3714	8	77935736
3715	8	77943152
3716	8	77951856
3717	8	77959280
3718	8	77960288
3719	8	77967736
3720	8	77967984
3721	8	77984624
3722	8	77999224
3723	8	78006384
3724	8	78007408
3725	8	78014576
3726	8	78015088
3727	8	78015600
3728	8	78016112
3729	8	78022768
3730	8	78031224
3731	8	78031472
3732	8	78048112
3733	8	78188664
3734	8	78196856
3735	8	78197112
3736	8	78197240
3737	8	78260344
3738	8	78467184
3739	8	78467696
3740	8	78475888
3741	8	78530672
3742	8	78539376
3743	8	78564448
3744	8	78738808
3745	8	78754168
3746	8	78984312
3747	8	78984440
3748	8	78991472
3749	8	79000176
3750	8	79007864
3751	8	79016056
3752	8	79245432
3753	8	79245560
3754	8	79270008
3755	8	79278200
3756	8	79278712
3757	8	79286648
3758	8	79532152
3759	8	79532280
3760	8	79549040
3761	8	80875632
3762	8	80884336
3763	8	80900976
3764	8	81137776
3765	8	81146480
3766	8	81154160
3767	8	81162352
3768	8	81171552
3769	8	81172576
3770	8	81172600
3771	8	81180792
3772	8	81181048
3773	8	81181176
3774	8	81203312
3775	8	81212016
3776	8	81219952
3777	8	81236344
3778	8	81244536
3779	8	81399904
3780	8	81410168
3781	8	81432672
3782	8	81441376
3783	8	81465440
3784	8	81465456
3785	8	81465464
3786	8	81473656
3787	8	81473912
3788	8	81474040
3789	8	81474160
3790	8	81490800
3791	8	81680496
3792	8	81687648
3793	8	81688688
3794	8	81689696
3795	8	81694816
3796	8	81696864
3797	8	81727600
3798	8	81736304
3799	8	81743984
3800	8	81744992
3801	8	81752176
3802	8	81753184
3803	8	81760352
3804	8	81884016
3805	8	81930864
3806	8	82120816
3807	8	82129520
3808	8	82154592
3809	8	82193008
3810	8	82200688
3811	8	82208880
3812	8	82382944
3813	8	82479200
3814	8	82487904
3815	8	82670688
3816	8	82677856
3817	8	82734176
3818	8	82741344
3819	8	82933112
3820	8	82948472
3821	8	82965360
3822	8	83178616
3823	8	83178744
3824	8	83185776
3825	8	83193968
3826	8	83202144
3827	8	83202160
3828	8	83202168
3829	8	83210360
3830	8	83210864
3831	8	83439736
3832	8	83439864
3833	8	83447920
3834	8	83456624
3835	8	83710064
3836	8	83710192
3837	8	83711072
3838	8	83711200
3839	8	84261240
3840	8	84490360
3841	8	84617592
3842	8	84752504
3843	8	84760688
3844	8	84769392
3845	8	84871288
3846	8	84879480
3847	8	84879736
3848	8	84879864
3849	8	84879984
3850	8	84998520
3851	8	85004408
3852	8	85012600
3853	8	85012856
3854	8	85012984
3855	8	85013624
3856	8	85030264
3857	8	85045624
3858	8	85076088
3859	8	85077112
3860	8	85109112
3861	8	85244024
3862	8	85275768
3863	8	85282928
3864	8	85283440
3865	8	85283952
3866	8	85291632
3867	8	85292656
3868	8	85299320
3869	8	85307512
3870	8	85307768
3871	8	85307896
3872	8	85308016
3873	8	85339256
3874	8	85346416
3875	8	85347440
3876	8	85355120
3877	8	85356144
3878	8	85362808
3879	8	85371000
3880	8	85371256
3881	8	85371384
3882	8	85371504
3883	8	85528696
3884	8	85536888
3885	8	85537144
3886	8	85537272
3887	8	85600376
3888	8	85790840
3889	8	85790968
3890	8	85799032
3891	8	85799160
3892	8	85807216
3893	8	85807728
3894	8	85808224
3895	8	85815920
3896	8	85840992
3897	8	85841504
3898	8	85849696
3899	8	85862520
3900	8	85862648
3901	8	85870704
3902	8	85879408
3903	8	85904480
3904	8	85913184
3905	8	86059384
3906	8	86076792
3907	8	86092152
3908	8	86313072
3909	8	86321776
3910	8	86322296
3911	8	86338416
3912	8	86345840
3913	8	86346848
3914	8	86354296
3915	8	86354544
3916	8	86371184
3917	8	86575224
3918	8	86583416
3919	8	86583672
3920	8	86583800
3921	8	86837368
3922	8	86837496
3923	8	86845560
3924	8	86845688
3925	8	86853744
3926	8	86854256
3927	8	86854752
3928	8	86862448
3929	8	87059576
3930	8	87066744
3931	8	87074936
3932	8	87075192
3933	8	87075320
3934	8	87091576
3935	8	87107192
3936	8	87328888
3937	8	87329016
3938	8	87337080
3939	8	87337208
3940	8	87345264
3941	8	87345776
3942	8	87353968
3943	8	89198688
3944	8	89198704
3945	8	89198712
3946	8	89206904
3947	8	89207160
3948	8	89207288
3949	8	89207408
3950	8	89224048
3951	8	89270392
3952	8	89270896
3953	8	89460848
3954	8	89469552
3955	8	89477232
3956	8	89485424
3957	8	89493600
3958	8	89494624
3959	8	89503328
3960	8	89533040
3961	8	89540720
3962	8	89548912
3963	8	89557088
3964	8	89566816
3965	8	89764448
3966	8	89827936
3967	8	90002528
3968	8	90034272
3969	8	90097760
3970	8	90253688
3971	8	90270576
3972	8	90507376
3973	8	90516080
3974	8	90541152
3975	8	90769504
3976	8	91031648
3977	8	91031776
3978	8	91049056
3979	8	91057248
3980	8	91064416
3981	8	92868720
3982	8	92868728
3983	8	92876920
3984	8	92877176
3985	8	92877304
3986	8	92877424
3987	8	92894064
3988	8	92940408
3989	8	92940912
3990	8	93130864
3991	8	93139568
3992	8	93147248
3993	8	93155440
3994	8	93203056
3995	8	93210736
3996	8	93218928
3997	8	93385584
3998	8	93434232
3999	8	93464176
4000	8	93671536
4001	8	93679728
4002	8	93680752
4003	8	93687920
4004	8	93696624
4005	8	93704560
4006	8	93925496
4007	8	93950072
4008	8	93958264
4009	8	93958520
4010	8	93958648
4011	8	93958768
4012	8	93966712
4013	8	93974904
4014	8	94195824
4015	8	94212216
4016	8	94220408
4017	8	94220912
4018	8	94228592
4019	8	94229600
4020	8	94415224
4021	8	94432112
4022	8	94668912
4023	8	94677616
4024	8	94709360
4025	8	97595504
4026	8	97612144
4027	8	97628536
4028	8	97857648
4029	8	97882224
4030	8	97890416
4031	8	97891424
4032	8	98119800
4033	8	98144352
4034	8	98160992
4035	8	98406496
4036	8	100995192
4037	8	101003384
4038	8	101003640
4039	8	101003768
4040	8	101070968
4041	8	101134712
4042	8	101136760
4043	8	101398904
4044	8	101652600
4045	8	101660792
4046	8	101661048
4047	8	101661176
4048	8	101661304
4049	8	101677432
4050	8	101740920
4051	8	101847160
4052	8	101851768
4053	8	101855352
4054	8	101855608
4055	8	101855736
4056	8	101855864
4057	8	101857400
4058	8	101871992
4059	8	101874040
4060	8	101890424
4061	8	101921144
4062	8	102109304
4063	8	102117496
4064	8	102117752
4065	8	102117880
4066	8	102119544
4067	8	102136952
4068	8	102144120
4069	8	102152312
4070	8	102152568
4071	8	102152696
4072	8	102152824
4073	8	102168952
4074	8	102174840
4075	8	102183032
4076	8	102183288
4077	8	102183416
4078	8	102184568
4079	8	102207864
4080	8	102216056
4081	8	102216568
4082	8	102381688
4083	8	102398328
4084	8	102436984
4085	8	102445176
4086	8	102445432
4087	8	102445560
4088	8	102445688
4089	8	102453624
4090	8	102461816
4091	8	102462328
4092	8	102643832
4093	8	102643960
4094	8	102652024
4095	8	102660216
4096	8	102699128
4097	8	102707320
4098	8	102707832
4099	8	102715512
4100	8	102715768
4101	8	102715896
4102	8	102723704
4103	8	102838648
4104	8	102855032
4105	8	102901880
4106	8	102902392
4107	8	102918520
4108	8	102966136
4109	8	103092344
4110	8	103100536
4111	8	103100792
4112	8	103100920
4113	8	103164024
4114	8	103829624
4115	8	103837816
4116	8	103838072
4117	8	103838200
4118	8	103839864
4119	8	103856248
4120	8	103872888
4121	8	103878776
4122	8	103886968
4123	8	103887224
4124	8	103887352
4125	8	103887480
4126	8	103887992
4127	8	103903608
4128	8	103904632
4129	8	103919992
4130	8	103928184
4131	8	103936376
4132	8	103936888
4133	8	103948920
4134	8	104006264
4135	8	104014456
4136	8	104014712
4137	8	104014840
4138	8	104039288
4139	8	104047480
4140	8	104118392
4141	8	104118520
4142	8	104126584
4143	8	104134776
4144	8	104140920
4145	8	104141048
4146	8	104149112
4147	8	104149240
4148	8	104150136
4149	8	104150264
4150	8	104158328
4151	8	104173688
4152	8	104181880
4153	8	104182392
4154	8	104190328
4155	8	104301176
4156	8	104301432
4157	8	104301560
4158	8	104309368
4159	8	104364152
4160	8	104364280
4161	8	104403064
4162	8	104403192
4163	8	104411256
4164	8	104411384
4165	8	104411768
4166	8	104411896
4167	8	104419448
4168	8	104419960
4169	8	104427640
4170	8	104428152
4171	8	104530552
4172	8	104538744
4173	8	104547192
4174	8	104665208
4175	8	104665336
4176	8	104681592
4177	8	104681720
4178	8	104792696
4179	8	104792824
4180	8	105331064
4181	8	106051704
4182	8	106068344
4183	8	106115448
4184	8	106313848
4185	8	106322032
4186	8	106330224
4187	8	106330736
4188	8	106369136
4189	8	106369144
4190	8	106377336
4191	8	106377592
4192	8	106377720
4193	8	106377840
4194	8	106394480
4195	8	108034168
4196	8	108073080
4197	8	108081272
4198	8	108081528
4199	8	108081656
4200	8	108081784
4201	8	108097912
4202	8	108200568
4203	8	108208760
4204	8	108209016
4205	8	108209144
4206	8	108335224
4207	8	108335352
4208	8	108343416
4209	8	108343544
4210	8	108351600
4211	8	108352112
4212	8	108360304
4213	8	109492600
4214	8	109721720
4215	8	109738360
4216	8	109785464
4217	8	109983864
4218	8	109992048
4219	8	110000752
4220	8	110039160
4221	8	110047352
4222	8	110047608
4223	8	110047736
4224	8	110047856
4225	8	110235744
4226	8	110235760
4227	8	110235768
4228	8	110243960
4229	8	110244216
4230	8	110244344
4231	8	110244464
4232	8	110244984
4233	8	110261104
4234	8	110261624
4235	8	110276984
4236	8	110497904
4237	8	110506608
4238	8	110514288
4239	8	110514800
4240	8	110515312
4241	8	110522480
4242	8	110522992
4243	8	110523248
4244	8	110523376
4245	8	110523488
4246	8	110524016
4247	8	110530656
4248	8	110530672
4249	8	110530680
4250	8	110531680
4251	8	110538872
4252	8	110539256
4253	8	110539376
4254	8	110540384
4255	8	110556016
4256	8	110760056
4257	8	110768248
4258	8	110768504
4259	8	110768632
4260	8	110768760
4261	8	110784888
4262	8	111022200
4263	8	111022328
4264	8	111030392
4265	8	111030520
4266	8	111038576
4267	8	111039088
4268	8	111039584
4269	8	111047280
4270	8	111071328
4271	8	111212920
4272	8	111227256
4273	8	111244144
4274	8	111244664
4275	8	111260024
4276	8	111291512
4277	8	111308152
4278	8	111458424
4279	8	111480944
4280	8	111489648
4281	8	111490168
4282	8	111506288
4283	8	111513696
4284	8	111513712
4285	8	111513720
4286	8	111514720
4287	8	111521912
4288	8	111522168
4289	8	111522296
4290	8	111522416
4291	8	111523424
4292	8	111539056
4293	8	111553656
4294	8	111561840
4295	8	111570544
4296	8	111704184
4297	8	111743096
4298	8	111751288
4299	8	111751544
4300	8	111751672
4301	8	111751800
4302	8	111767928
4303	8	111815288
4304	8	111870584
4305	8	111878776
4306	8	111879032
4307	8	111879160
4308	8	112005240
4309	8	112005368
4310	8	112013432
4311	8	112013560
4312	8	112021616
4313	8	112022128
4314	8	112022624
4315	8	112030320
4316	8	112742520
4317	8	112742648
4318	8	112750712
4319	8	112750840
4320	8	112861816
4321	8	112861944
4322	8	114430048
4323	8	114430064
4324	8	114430072
4325	8	114438264
4326	8	114438520
4327	8	114438648
4328	8	114438768
4329	8	114455408
4330	8	114692208
4331	8	114700912
4332	8	114708592
4333	8	114716784
4334	8	114717792
4335	8	114724960
4336	8	114954336
4337	8	114963040
4338	8	115216480
4339	8	115216608
4340	8	115421560
4341	8	115438448
4342	8	115485296
4343	8	115675248
4344	8	115683952
4345	8	115708000
4346	8	115747440
4347	8	115937376
4348	8	115946080
4349	8	116199520
4350	8	116199648
4351	8	118567032
4352	8	118567536
4353	8	118600056
4354	8	118829680
4355	8	118837360
4356	8	118846064
4357	8	118853752
4358	8	118861944
4359	8	118862200
4360	8	118862328
4361	8	118862448
4362	8	118863456
4363	8	119091320
4364	8	119107960
4365	8	119353464
4366	8	119353592
4367	8	119361648
4368	8	119362656
4369	8	119370352
4370	8	119394400
4371	8	122761336
4372	8	123031664
4373	8	123039856
4374	8	123040864
4375	8	123048032
4376	8	123286112
4377	8	126138488
4378	8	126202232
4379	8	126423152
4380	8	126423160
4381	8	126431352
4382	8	126431608
4383	8	126431736
4384	8	126431856
4385	8	126448496
4386	8	126685296
4387	8	126685304
4388	8	126693496
4389	8	126693752
4390	8	126693880
4391	8	126694000
4392	8	126701680
4393	8	126709872
4394	8	126940016
4395	8	127018608
4396	8	134527096
4397	8	134558840
4398	8	134590840
4399	8	134658424
4400	8	134686072
4401	8	134811768
4402	8	134819960
4403	8	134820216
4404	8	134820344
4405	8	134887544
4406	8	134951288
4407	8	134953336
4408	8	135067768
4409	8	135073912
4410	8	135082104
4411	8	135082360
4412	8	135082488
4413	8	135149688
4414	8	135182456
4415	8	135199096
4416	8	135204984
4417	8	135207032
4418	8	135213176
4419	8	135213432
4420	8	135213560
4421	8	135215224
4422	8	135215480
4423	8	135215608
4424	8	135216248
4425	8	135232888
4426	8	135248248
4427	8	135311736
4428	8	135328120
4429	8	135401592
4430	8	135406712
4431	8	135407224
4432	8	135409784
4433	8	135410040
4434	8	135410168
4435	8	135410808
4436	8	135411832
4437	8	135423352
4438	8	135427448
4439	8	135442808
4440	8	135444856
4441	8	135475576
4442	8	135565432
4443	8	135573624
4444	8	135573880
4445	8	135574008
4446	8	135668856
4447	8	135672952
4448	8	135696504
4449	8	135698552
4450	8	135704696
4451	8	135704952
4452	8	135705080
4453	8	135706744
4454	8	135707000
4455	8	135707128
4456	8	135707768
4457	8	135724408
4458	8	135738488
4459	8	135762296
4460	8	135770488
4461	8	135771512
4462	8	135925880
4463	8	135934072
4464	8	135934328
4465	8	135934456
4466	8	135936120
4467	8	135960696
4468	8	135968888
4469	8	135969144
4470	8	135969272
4471	8	135969400
4472	8	135985528
4473	8	135991416
4474	8	135999608
4475	8	135999864
4476	8	135999992
4477	8	136000632
4478	8	136001144
4479	8	136017272
4480	8	136024440
4481	8	136032632
4482	8	136033144
4483	8	136188024
4484	8	136188152
4485	8	136196216
4486	8	136196344
4487	8	136198264
4488	8	136198392
4489	8	136215672
4490	8	136222840
4491	8	136231032
4492	8	136239224
4493	8	136247416
4494	8	136253560
4495	8	136261752
4496	8	136262776
4497	8	136263288
4498	8	136270968
4499	8	136279160
4500	8	136286328
4501	8	136286584
4502	8	136286712
4503	8	136294520
4504	8	136302968
4505	8	136378744
4506	8	136393080
4507	8	136410488
4508	8	136425848
4509	8	136456312
4510	8	136457336
4511	8	136489336
4512	8	136521080
4513	8	136624248
4514	8	136655992
4515	8	136687992
4516	8	136719480
4517	8	136743032
4518	8	136751224
4519	8	136751480
4520	8	136751608
4521	8	136774776
4522	8	136782968
4523	8	136783224
4524	8	136783352
4525	8	136908920
4526	8	136917112
4527	8	136917368
4528	8	136917496
4529	8	136980600
4530	8	137005176
4531	8	137013368
4532	8	137013624
4533	8	137013752
4534	8	137013880
4535	8	137021816
4536	8	137030008
4537	8	137164920
4538	8	137171064
4539	8	137171192
4540	8	137179256
4541	8	137179384
4542	8	137242744
4543	8	137242872
4544	8	137267320
4545	8	137275512
4546	8	137283704
4547	8	137283960
4548	8	137284088
4549	8	137291896
4550	8	137380984
4551	8	137389176
4552	8	137389432
4553	8	137389560
4554	8	137393272
4555	8	137400440
4556	8	137408632
4557	8	137408888
4558	8	137409016
4559	8	137410680
4560	8	137425272
4561	8	137427320
4562	8	137433208
4563	8	137441400
4564	8	137441656
4565	8	137441784
4566	8	137442424
4567	8	137459064
4568	8	137474424
4569	8	137475448
4570	8	137482616
4571	8	137490808
4572	8	137491832
4573	8	137492344
4574	8	137503864
4575	8	137504376
4576	8	137520504
4577	8	137561208
4578	8	137569400
4579	8	137569656
4580	8	137569784
4581	8	137569912
4582	8	137577848
4583	8	137586040
4584	8	137594232
4585	8	137602424
4586	8	137602936
4587	8	137662584
4588	8	137662712
4589	8	137670776
4590	8	137670904
4591	8	137672824
4592	8	137672952
4593	8	137690232
4594	8	137704568
4595	8	137704696
4596	8	137728120
4597	8	137729144
4598	8	137736312
4599	8	137737336
4600	8	137737848
4601	8	137766008
4602	8	137766136
4603	8	137823352
4604	8	137831544
4605	8	137856120
4606	8	137856376
4607	8	137856504
4608	8	137856632
4609	8	137864312
4610	8	137864824
4611	8	137872760
4612	8	137934968
4613	8	137935096
4614	8	137943160
4615	8	137951352
4616	8	137957496
4617	8	137957624
4618	8	137965688
4619	8	137965816
4620	8	137966712
4621	8	137966840
4622	8	137974904
4623	8	137983096
4624	8	137990264
4625	8	137998456
4626	8	137998968
4627	8	138006904
4628	8	138085496
4629	8	138093688
4630	8	138094200
4631	8	138102136
4632	8	138117752
4633	8	138118008
4634	8	138118136
4635	8	138125944
4636	8	138205304
4637	8	138205432
4638	8	138219640
4639	8	138219768
4640	8	138237048
4641	8	138237176
4642	8	138252408
4643	8	138252536
4644	8	138268792
4645	8	138347640
4646	8	138347768
4647	8	138364024
4648	8	138721400
4649	8	139014520
4650	8	139147640
4651	8	139268208
4652	8	139268216
4653	8	139276408
4654	8	139276664
4655	8	139276792
4656	8	139276912
4657	8	139293552
4658	8	139343992
4659	8	139360368
4660	8	139401328
4661	8	139401336
4662	8	139407736
4663	8	139409528
4664	8	139409784
4665	8	139409912
4666	8	139410032
4667	8	139426672
4668	8	139427192
4669	8	139442552
4670	8	139595888
4671	8	139595896
4672	8	139604088
4673	8	139604344
4674	8	139604472
4675	8	139604592
4676	8	139606136
4677	8	139621232
4678	8	139639160
4679	8	139669880
4680	8	139858032
4681	8	139858160
4682	8	139866736
4683	8	139866864
4684	8	139874416
4685	8	139874928
4686	8	139876464
4687	8	139882608
4688	8	139883120
4689	8	139883376
4690	8	139883504
4691	8	139884656
4692	8	139885168
4693	8	139885680
4694	8	139892848
4695	8	139892856
4696	8	139901048
4697	8	139901304
4698	8	139901432
4699	8	139901552
4700	8	139909488
4701	8	139918192
4702	8	139923568
4703	8	139932272
4704	8	139932792
4705	8	139948912
4706	8	139956600
4707	8	139964792
4708	8	140130424
4709	8	140163192
4710	8	140179832
4711	8	140185720
4712	8	140193912
4713	8	140194168
4714	8	140194296
4715	8	140392568
4716	8	140392696
4717	8	140400752
4718	8	140409456
4719	8	140425336
4720	8	140433520
4721	8	140433528
4722	8	140441720
4723	8	140442224
4724	8	140447864
4725	8	140456056
4726	8	140464240
4727	8	140464752
4728	8	140472944
4729	8	140587384
4730	8	140650616
4731	8	140683640
4732	8	140841072
4733	8	140849776
4734	8	140857712
4735	8	140866416
4736	8	140920944
4737	8	140929136
4738	8	140929648
4739	8	140937328
4740	8	140937336
4741	8	140945528
4742	8	140945784
4743	8	140945912
4744	8	140946032
4745	8	140962672
4746	8	141103224
4747	8	141111416
4748	8	141111672
4749	8	141111800
4750	8	141174904
4751	8	141365368
4752	8	141365496
4753	8	141373560
4754	8	141373688
4755	8	141381744
4756	8	141382256
4757	8	141390448
4758	8	141437048
4759	8	141437176
4760	8	141445232
4761	8	141453936
4762	8	141604984
4763	8	141621624
4764	8	141627512
4765	8	141635704
4766	8	141635960
4767	8	141636088
4768	8	141636728
4769	8	141653368
4770	8	141668728
4771	8	141676920
4772	8	141685112
4773	8	141755512
4774	8	141763704
4775	8	141763960
4776	8	141764088
4777	8	141764216
4778	8	141772152
4779	8	141780344
4780	8	141867128
4781	8	141867256
4782	8	141875312
4783	8	141884016
4784	8	141898872
4785	8	141899000
4786	8	141906032
4787	8	141906544
4788	8	141907056
4789	8	141914736
4790	8	141915760
4791	8	141922424
4792	8	141930616
4793	8	142017656
4794	8	142025848
4795	8	142034032
4796	8	142034544
4797	8	142042736
4798	8	142145656
4799	8	142151800
4800	8	142151928
4801	8	142159992
4802	8	142160120
4803	8	142168688
4804	8	142399608
4805	8	142399736
4806	8	142413944
4807	8	142414072
4808	8	142430832
4809	8	142430960
4810	8	143265912
4811	8	143274104
4812	8	143274360
4813	8	143274488
4814	8	143276152
4815	8	143309176
4816	8	143339896
4817	8	143544432
4818	8	143544944
4819	8	143546480
4820	8	143553136
4821	8	143555184
4822	8	143562872
4823	8	143571064
4824	8	143571320
4825	8	143571448
4826	8	143602288
4827	8	143602808
4828	8	143626616
4829	8	143634808
4830	8	143790192
4831	8	143798896
4832	8	143799416
4833	8	143815536
4834	8	143831416
4835	8	143832440
4836	8	144052336
4837	8	144061040
4838	8	144068720
4839	8	144069232
4840	8	144069744
4841	8	144076912
4842	8	144077424
4843	8	144077680
4844	8	144077808
4845	8	144077936
4846	8	144078448
4847	8	144085104
4848	8	144086128
4849	8	144086136
4850	8	144093808
4851	8	144094328
4852	8	144094584
4853	8	144094712
4854	8	144094832
4855	8	144110448
4856	8	144111472
4857	8	144314488
4858	8	144322680
4859	8	144322936
4860	8	144323064
4861	8	144323704
4862	8	144340344
4863	8	144347256
4864	8	144355448
4865	8	144355704
4866	8	144355832
4867	8	144363896
4868	8	144372088
4869	8	144585848
4870	8	144585976
4871	8	144593008
4872	8	144593520
4873	8	144594032
4874	8	144601712
4875	8	144602736
4876	8	144609400
4877	8	144617592
4878	8	144625776
4879	8	144626288
4880	8	144634480
4881	8	144748920
4882	8	144798576
4883	8	144814456
4884	8	144815480
4885	8	144843896
4886	8	144845944
4887	8	144909688
4888	8	145002608
4889	8	145011312
4890	8	145019248
4891	8	145027952
4892	8	145035376
4893	8	145044080
4894	8	145060720
4895	8	145068144
4896	8	145069168
4897	8	145069176
4898	8	145076848
4899	8	145077368
4900	8	145077624
4901	8	145077752
4902	8	145077872
4903	8	145093488
4904	8	145094512
4905	8	145114224
4906	8	145116272
4907	8	145122416
4908	8	145122928
4909	8	145124976
4910	8	145163376
4911	8	145172080
4912	8	145188720
4913	8	145196408
4914	8	145204600
4915	8	145275000
4916	8	145291640
4917	8	145297528
4918	8	145305720
4919	8	145305976
4920	8	145306104
4921	8	145306744
4922	8	145323384
4923	8	145338744
4924	8	145346936
4925	8	145355128
4926	8	145370232
4927	8	145386872
4928	8	145425528
4929	8	145433720
4930	8	145433976
4931	8	145434104
4932	8	145434232
4933	8	145442168
4934	8	145450360
4935	8	145537144
4936	8	145537272
4937	8	145545328
4938	8	145554032
4939	8	145568888
4940	8	145569016
4941	8	145576048
4942	8	145576560
4943	8	145577072
4944	8	145584752
4945	8	145585776
4946	8	145592440
4947	8	145600632
4948	8	145632376
4949	8	145632504
4950	8	145687672
4951	8	145695864
4952	8	145704048
4953	8	145704560
4954	8	145712752
4955	8	145789048
4956	8	145797240
4957	8	145797496
4958	8	145797624
4959	8	145798264
4960	8	145814904
4961	8	145892472
4962	8	145925496
4963	8	145933688
4964	8	145941880
4965	8	146060408
4966	8	146060536
4967	8	146067568
4968	8	146068080
4969	8	146068592
4970	8	146076272
4971	8	146077296
4972	8	146162800
4973	8	146171504
4974	8	146179192
4975	8	146187384
4976	8	146306168
4977	8	146306296
4978	8	146313336
4979	8	146313464
4980	8	146321528
4981	8	146321656
4982	8	146322040
4983	8	146322168
4984	8	146329720
4985	8	146330224
4986	8	146337912
4987	8	146416760
4988	8	146416888
4989	8	146417272
4990	8	146417400
4991	8	146424952
4992	8	146433144
4993	8	146575480
4994	8	146575608
4995	8	146592368
4996	8	146592496
4997	8	147470456
4998	8	147534200
4999	8	147740784
5000	8	147748976
5001	8	147765368
5002	8	147787888
5003	8	147796592
5004	8	147804528
5005	8	147984496
5006	8	147993200
5007	8	147993720
5008	8	148009840
5009	8	148025720
5010	8	148246640
5011	8	148255344
5012	8	148263024
5013	8	148264048
5014	8	148271216
5015	8	148272240
5016	8	148279408
5017	8	148288112
5018	8	148296048
5019	8	148508784
5020	8	148508792
5021	8	148516984
5022	8	148517240
5023	8	148517368
5024	8	148517488
5025	8	148534128
5026	8	148770928
5027	8	148771056
5028	8	148779632
5029	8	148779760
5030	8	148787312
5031	8	148795504
5032	8	148992880
5033	8	149008760
5034	8	149039728
5035	8	149040248
5036	8	149103992
5037	8	149229680
5038	8	149238384
5039	8	149262448
5040	8	149271152
5041	8	149279088
5042	8	149301872
5043	8	149310576
5044	8	149357680
5045	8	149366384
5046	8	149374320
5047	8	149491824
5048	8	149491832
5049	8	149500024
5050	8	149500280
5051	8	149500408
5052	8	149500528
5053	8	149517168
5054	8	149747824
5055	8	149753968
5056	8	149754096
5057	8	149762672
5058	8	149762800
5059	8	149770352
5060	8	149778544
5061	8	149983344
5062	8	149983352
5063	8	149991544
5064	8	149991800
5065	8	149991928
5066	8	149992048
5067	8	149999984
5068	8	150008688
5069	8	150086776
5070	8	150245488
5071	8	150245616
5072	8	150254192
5073	8	150254320
5074	8	150261872
5075	8	150262128
5076	8	150262256
5077	8	150270064
5078	8	150357104
5079	8	150365296
5080	8	151588984
5081	8	151597176
5082	8	151597432
5083	8	151597560
5084	8	151660664
5085	8	151693688
5086	8	151867504
5087	8	151868016
5088	8	151876208
5089	8	151930992
5090	8	151939696
5091	8	151947384
5092	8	151955576
5093	8	151955832
5094	8	151955960
5095	8	151956080
5096	8	152088952
5097	8	152121968
5098	8	152154488
5099	8	152183928
5100	8	152384112
5101	8	152391792
5102	8	152400496
5103	8	152416880
5104	8	152417400
5105	8	152417904
5106	8	152454256
5107	8	152462960
5108	8	152645752
5109	8	152670328
5110	8	152678520
5111	8	152678776
5112	8	152678904
5113	8	152686968
5114	8	152695160
5115	8	152916080
5116	8	152917104
5117	8	152924784
5118	8	152925808
5119	8	152932472
5120	8	152940664
5121	8	152948848
5122	8	152949360
5123	8	152957552
5124	8	153135480
5125	8	153389168
5126	8	153397872
5127	8	153414512
5128	8	153659512
5129	8	153676152
5130	8	153921656
5131	8	153921784
5132	8	153929840
5133	8	153938544
5134	8	155791736
5135	8	155854968
5136	8	156045424
5137	8	156054128
5138	8	156117616
5139	8	156125296
5140	8	156133488
5141	8	156348792
5142	8	156586096
5143	8	156594288
5144	8	156595312
5145	8	156602480
5146	8	156611184
5147	8	156619120
5148	8	156840056
5149	8	156840560
5150	8	157102704
5151	8	157102832
5152	8	157110384
5153	8	159955064
5154	8	159977584
5155	8	159986288
5156	8	159986808
5157	8	160002928
5158	8	160018808
5159	8	160114040
5160	8	160225392
5161	8	160233584
5162	8	160239728
5163	8	160248432
5164	8	160256112
5165	8	160257136
5166	8	160264304
5167	8	160265328
5168	8	160272496
5169	8	160281200
5170	8	160289136
5171	8	160367728
5172	8	160376432
5173	8	160384368
5174	8	160494448
5175	8	160573040
5176	8	160605560
5177	8	160731248
5178	8	160739952
5179	8	160835184
5180	8	160842864
5181	8	160851056
5182	8	160859248
5183	8	160867952
5184	8	160875888
5185	8	160993400
5186	8	161001592
5187	8	161001848
5188	8	161001976
5189	8	161096824
5190	8	161271920
5191	8	161367152
5192	8	162563184
5193	8	162563192
5194	8	162571384
5195	8	162571640
5196	8	162571768
5197	8	162571888
5198	8	162588528
5199	8	162825328
5200	8	162825456
5201	8	162834032
5202	8	162834160
5203	8	162841712
5204	8	162849904
5205	8	164171888
5206	8	164180080
5207	8	164180592
5208	8	164196720
5209	8	164434032
5210	8	164442224
5211	8	164688240
5212	8	164766832
5213	8	164767344
5214	8	164783472
5215	8	164925552
5216	8	164933744
5217	8	165028976
5218	8	168212856
5219	8	168441976
5220	8	168458616
5221	8	168505720
5222	8	168704120
5223	8	168736888
5224	8	168753528
5225	8	168759416
5226	8	168767608
5227	8	168767864
5228	8	168767992
5229	8	168956024
5230	8	168964216
5231	8	168964472
5232	8	168964600
5233	8	168965240
5234	8	168981880
5235	8	168997240
5236	8	169227384
5237	8	169243768
5238	8	169250936
5239	8	169259128
5240	8	169259384
5241	8	169259512
5242	8	169480312
5243	8	169488504
5244	8	169488760
5245	8	169488888
5246	8	169489016
5247	8	169505144
5248	8	169742456
5249	8	169742584
5250	8	169750648
5251	8	169750776
5252	8	169933176
5253	8	169947512
5254	8	169964920
5255	8	169980280
5256	8	170011768
5257	8	170028408
5258	8	170075512
5259	8	170178680
5260	8	170210424
5261	8	170233976
5262	8	170242168
5263	8	170242424
5264	8	170242552
5265	8	170273912
5266	8	170329208
5267	8	170337400
5268	8	170337656
5269	8	170337784
5270	8	170345848
5271	8	170354040
5272	8	170424440
5273	8	170463352
5274	8	170471544
5275	8	170471800
5276	8	170471928
5277	8	170472056
5278	8	170488184
5279	8	170535544
5280	8	170590840
5281	8	170599032
5282	8	170599288
5283	8	170599416
5284	8	170719352
5285	8	170725496
5286	8	170725624
5287	8	170733688
5288	8	170733816
5289	8	170947704
5290	8	170954872
5291	8	170963064
5292	8	170963320
5293	8	170963448
5294	8	170963576
5295	8	170979704
5296	8	171058296
5297	8	171058808
5298	8	171074936
5299	8	171090808
5300	8	171217016
5301	8	171217144
5302	8	171225208
5303	8	171225336
5304	8	171320440
5305	8	171320568
5306	8	171328632
5307	8	171336824
5308	8	171462776
5309	8	171462904
5310	8	171470968
5311	8	171471096
5312	8	171582072
5313	8	171582200
5314	8	172898424
5315	8	172914800
5316	8	172962168
5317	8	173150320
5318	8	173150328
5319	8	173158520
5320	8	173158776
5321	8	173158904
5322	8	173159024
5323	8	173175664
5324	8	173412464
5325	8	173421168
5326	8	173428848
5327	8	173429360
5328	8	173437040
5329	8	173437552
5330	8	173437808
5331	8	173437936
5332	8	174141816
5333	8	174158704
5334	8	174205552
5335	8	174395504
5336	8	174404208
5337	8	174420848
5338	8	174467696
5339	8	174618744
5340	8	174657656
5341	8	174665848
5342	8	174666104
5343	8	174666232
5344	8	174666360
5345	8	174682488
5346	8	174729848
5347	8	174793592
5348	8	174919800
5349	8	174919928
5350	8	174927992
5351	8	174928120
5352	8	174936176
5353	8	174936688
5354	8	174944880
5355	8	176567416
5356	8	176599416
5357	8	176820344
5358	8	176828536
5359	8	176828792
5360	8	176828920
5361	8	177082488
5362	8	177090680
5363	8	177090936
5364	8	177091064
5365	8	177098864
5366	8	177099376
5367	8	177107568
5368	8	178303352
5369	8	178319736
5370	8	178398328
5371	8	178398840
5372	8	178414968
5373	8	178557040
5374	8	178557048
5375	8	178565240
5376	8	178565496
5377	8	178565624
5378	8	178565744
5379	8	178582384
5380	8	178660472
5381	8	178668656
5382	8	178676848
5383	8	178677360
5384	8	184858744
5385	8	184890488
5386	8	184922488
5387	8	185017720
5388	8	185143416
5389	8	185151608
5390	8	185151864
5391	8	185151992
5392	8	185399416
5393	8	185405560
5394	8	185413752
5395	8	185414008
5396	8	185414136
5397	8	185421936
5398	8	185422448
5399	8	185430640
5400	8	185643384
5401	8	185659768
5402	8	185738360
5403	8	185738872
5404	8	185755000
5405	8	185897080
5406	8	185905272
5407	8	185905528
5408	8	185905656
5409	8	185905776
5410	8	186000504
5411	8	186008688
5412	8	186017392
5413	8	187712632
5414	8	187720824
5415	8	187721080
5416	8	187721208
5417	8	189053048
5418	8	189346168
5419	8	189599856
5420	8	189599864
5421	8	189608056
5422	8	189608312
5423	8	189608440
5424	8	189608560
5425	8	189672048
5426	8	201635960
5427	8	201699704
5428	8	201731192
5429	8	201763192
5430	8	201920632
5431	8	201928824
5432	8	201929080
5433	8	201929208
5434	8	201929336
5435	8	201945464
5436	8	201992312
5437	8	201992824
5438	8	202008952
5439	8	202056568
5440	8	202182776
5441	8	202190968
5442	8	202191224
5443	8	202191352
5444	8	202254456
5445	8	202453112
5446	8	202486136
5447	8	202732664
5448	8	202739832
5449	8	202748024
5450	8	202748280
5451	8	202748408
5452	8	202920056
5453	8	202928248
5454	8	202928504
5455	8	202928632
5456	8	202977400
5457	8	202994040
5458	8	203001976
5459	8	203010168
5460	8	203010424
5461	8	203010552
5462	8	203010680
5463	8	203018616
5464	8	203026808
5465	8	203027320
5466	8	203039352
5467	8	203239544
5468	8	203239672
5469	8	203264120
5470	8	203272312
5471	8	203272824
5472	8	203280504
5473	8	203280760
5474	8	203280888
5475	8	203288696
5476	8	203467128
5477	8	203483512
5478	8	203531128
5479	8	203720824
5480	8	203729016
5481	8	203729272
5482	8	203729400
5483	8	203966584
5484	8	203974776
5485	8	203975032
5486	8	203975160
5487	8	204022392
5488	8	206647416
5489	8	206680440
5490	8	206917744
5491	8	206925936
5492	8	206926448
5493	8	206934128
5494	8	206934136
5495	8	206942328
5496	8	206942584
5497	8	206942712
5498	8	206942832
5499	8	206959472
5500	8	207171704
5501	8	207188344
5502	8	207433848
5503	8	207433976
5504	8	207442032
5505	8	207450736
5506	8	210056312
5507	8	210088312
5508	8	210317432
5509	8	210587760
5510	8	210596464
5511	8	210809208
5512	8	210920824
5513	8	211062896
5514	8	211062904
5515	8	211071096
5516	8	211071352
5517	8	211071480
5518	8	211071600
5519	8	211088240
5520	8	211166328
5521	8	214282616
5522	8	214511736
5523	8	214782064
5524	8	214790256
5525	8	218400888
5526	8	218409080
5527	8	218409336
5528	8	218409464
5529	8	235190392
5530	8	235207032
5531	8	235212920
5532	8	235221112
5533	8	235221368
5534	8	235221496
5535	8	235254136
5536	8	235475064
5537	8	235483256
5538	8	235483512
5539	8	235483640
5540	8	235483768
5541	8	235499896
5542	8	235500408
5543	8	235611000
5544	8	235698296
5545	8	235737208
5546	8	235745400
5547	8	235745656
5548	8	235745784
5549	8	235745912
5550	8	235753592
5551	8	235761784
5552	8	235762040
5553	8	235762168
5554	8	235864696
5555	8	235872888
5556	8	235873144
5557	8	235873272
5558	8	235958648
5559	8	236069496
5560	8	236474488
5561	8	236482680
5562	8	236482936
5563	8	236483064
5564	8	236483192
5565	8	236593784
5566	8	236610424
5567	8	236736632
5568	8	236736760
5569	8	236744824
5570	8	236744952
5571	8	236855928
5572	8	236856056
5573	8	238568056
5574	8	238568184
5575	8	238576248
5576	8	238576376
5577	8	239407224
5578	8	239415416
5579	8	239415672
5580	8	239415800
5581	8	240152952
5582	8	240263800
5583	9	76038384
5584	9	76072176
5585	9	76138224
5586	9	78135536
5587	9	78169328
5588	9	78201072
5589	9	78202096
5590	9	78233840
5591	9	78234864
5592	9	78235376
5593	9	78235632
5594	9	78733552
5595	9	78766320
5596	9	78767344
5597	9	79184112
5598	9	79192304
5599	9	79217904
5600	9	79226096
5601	9	79283952
5602	9	79292144
5603	9	83456240
5604	9	83490032
5605	9	87159024
5606	9	87318768
5607	9	87352560
5608	9	87384816
5609	9	87418608
5610	9	95502576
5611	9	95503600
5612	9	95510768
5613	9	95536368
5614	9	95544560
5615	9	95772912
5616	9	95773936
5617	9	95806704
5618	9	96026864
5619	9	96027888
5620	9	96060656
5621	9	96224496
5622	9	96290544
5623	9	99968240
5624	9	100484336
5625	9	103563504
5626	9	103597296
5627	9	103663344
5628	9	103887088
5629	9	103919856
5630	9	103920880
5631	9	103936240
5632	9	104079600
5633	9	104095984
5634	9	104113392
5635	9	104129776
5636	9	104179440
5637	9	104195824
5638	9	111755504
5639	9	111756528
5640	9	111789296
5641	9	112271600
5642	9	112287984
5643	9	112305392
5644	9	112321776
5645	9	112804080
5646	9	112805104
5647	9	112812272
5648	9	112813296
5649	9	112816368
5650	9	112837872
5651	9	112846064
5652	9	112850160
5653	9	117269744
5654	9	119890160
5655	9	119923952
5656	9	120148208
5657	9	120182000
5658	9	121180400
5659	9	121181424
5660	9	121196784
5661	9	121204976
5662	9	121214192
5663	9	121230576
5664	9	121238768
5665	9	121390320
5666	9	121456368
5667	9	125662448
5668	9	126436592
5669	9	126960880
5670	9	128410864
5671	9	128533744
5672	9	128534000
5673	9	128795888
5674	9	129058032
5675	9	129058288
5676	9	129328368
5677	9	129582320
5678	9	129590512
5679	9	129844464
5680	9	129852656
5681	9	129856752
5682	9	146301168
5683	9	146334960
5684	9	146401008
5685	9	150561008
5686	9	150562032
5687	9	150594800
5688	9	152060144
5689	9	152093936
5690	9	152159984
5691	9	154157296
5692	9	154157552
5693	9	154191088
5694	9	154191344
5695	9	154222832
5696	9	154223856
5697	9	154231024
5698	9	154255600
5699	9	154256624
5700	9	154257136
5701	9	154257392
5702	9	154263792
5703	9	154264816
5704	9	154267888
5705	9	154427632
5706	9	154461424
5707	9	154527472
5708	9	154681584
5709	9	154715376
5710	9	154781424
5711	9	158560496
5712	9	158594288
5713	9	158687472
5714	9	158688496
5715	9	158721264
5716	9	159139056
5717	9	159205104
5718	9	162619632
5719	9	162653424
5720	9	163135728
5721	9	163136752
5722	9	163137776
5723	9	163169520
5724	9	163171568
5725	9	163202288
5726	9	163268336
5727	9	167331056
5728	9	170410224
5729	9	170444016
5730	9	170476272
5731	9	170510064
5732	9	170991856
5733	9	171008240
5734	9	171024624
5735	9	171025648
5736	9	171041008
5737	9	171042032
5738	9	171458800
5739	9	171466992
5740	9	171492592
5741	9	171500784
5742	9	171558640
5743	9	171566832
5744	9	175730928
5745	9	175764720
5746	9	179921136
5747	9	179922160
5748	9	179923184
5749	9	179954928
5750	9	179956976
5751	9	184116464
5752	9	186999024
5753	9	187032816
5754	9	187252976
5755	9	187254000
5756	9	187286768
5757	9	187581680
5758	9	187647728
5759	9	187777264
5760	9	187778288
5761	9	187785456
5762	9	187811056
5763	9	187819248
5764	9	188301552
5765	9	188302576
5766	9	188309744
5767	9	188310768
5768	9	188313840
5769	9	188335344
5770	9	188343536
5771	9	188347632
5772	9	188484848
5773	9	188499184
5774	9	188550896
5775	9	188565232
5776	9	191710448
5777	9	192242928
5778	9	192759024
5779	9	192767216
5780	9	192771312
5781	9	193545456
5782	9	195642608
5783	9	195642864
5784	9	195773680
5785	9	196306160
5786	9	196676848
5787	9	196691184
5788	9	196699376
5789	9	196961520
5790	9	213410032
5791	9	213443824
5792	9	215507184
5793	9	215540976
5794	9	215607024
5795	9	217604336
5796	9	217638128
5797	9	217669872
5798	9	217702640
5799	9	219169008
5800	9	219202800
5801	9	219268848
5802	9	221266160
5803	9	221299952
5804	9	221331696
5805	9	221339888
5806	9	221364464
5807	9	221372656
5808	9	221376752
5809	9	221536496
5810	9	221570288
5811	9	221790448
5812	9	221824240
5813	9	221828336
5814	9	221856496
5815	9	223633648
5816	9	223667440
5817	9	223733488
5818	9	225571056
5819	9	225730800
5820	9	225764592
5821	9	225796336
5822	9	225829104
5823	9	226246896
5824	9	226247920
5825	9	226280688
5826	9	228081904
5827	9	228115696
5828	9	228181744
5829	9	229728496
5830	9	229761264
5831	9	230179056
5832	9	230212848
5833	9	230244592
5834	9	230277360
5835	9	231825648
5836	9	231859440
5837	9	233922800
5838	9	233923056
5839	9	234438896
5840	9	235521776
5841	9	235971824
5842	9	237519088
5843	9	237552880
5844	9	238068976
5845	9	238100720
5846	9	238117104
5847	9	238133488
5848	9	238149872
5849	9	238567664
5850	9	238575856
5851	9	238601456
5852	9	238609648
5853	9	238633712
5854	9	242839792
5855	9	242872560
5856	9	243032304
5857	9	243066096
5858	9	244867312
5859	9	244901104
5860	9	244967152
5861	9	246964464
5862	9	246998256
5863	9	247030000
5864	9	247062768
5865	9	251224304
5866	9	252176112
5867	9	252199152
5868	9	252232944
5869	9	252298992
5870	9	252561136
5871	9	252723440
5872	9	252757232
5873	9	252823280
5874	9	253093616
5875	9	253247728
5876	9	253255920
5877	9	253281520
5878	9	253285616
5879	9	253289712
5880	9	253347568
5881	9	253355760
5882	9	254013680
5883	9	254107888
5884	9	254140656
5885	9	254173424
5886	9	254207216
5887	9	254296304
5888	9	254296560
5889	9	254330096
5890	9	254330352
5891	9	254361840
5892	9	254365936
5893	9	254394608
5894	9	254558448
5895	9	254592240
5896	9	254689520
5897	9	254690544
5898	9	254723312
5899	9	254820592
5900	9	254820848
5901	9	254854384
5902	9	254854640
5903	9	254886128
5904	9	254894320
5905	9	254918896
5906	9	254927088
5907	9	254931184
5908	9	255090928
5909	9	255124720
5910	9	255222000
5911	9	255255792
5912	9	255344880
5913	9	255353072
5914	9	255378672
5915	9	255382768
5916	9	255386864
5917	9	255410416
5918	9	255416560
5919	9	255418608
5920	9	255422704
5921	9	255443184
5922	9	255451376
5923	9	255455472
5924	9	255457520
5925	9	255488240
5926	9	255522032
5927	9	255607024
5928	9	255608048
5929	9	255615216
5930	9	255619312
5931	9	255640816
5932	9	255649008
5933	9	255653104
5934	9	255739632
5935	9	256205040
5936	9	256238832
5937	9	257705200
5938	9	257771248
5939	9	258302192
5940	9	258302448
5941	9	258818288
5942	9	259350768
5943	9	259617008
5944	9	259802352
5945	9	259866864
5946	9	259875056
5947	9	259879152
5948	9	259881200
5949	9	260653296
5950	9	260654320
5951	9	260687088
5952	9	261185776
5953	9	261219568
5954	9	262750448
5955	9	262750704
5956	9	263282928
5957	9	263283184
5958	9	263799024
5959	9	263807216
5960	9	263811312
5961	9	264069360
5962	9	264071408
5963	9	264135920
5964	9	264848624
5965	9	264848880
5966	9	265897200
5967	9	265905392
5968	9	280060144
5969	9	280093936
5970	9	280290544
5971	9	280544496
5972	9	284254448
5973	9	284288240
5974	9	284516592
5975	9	284550384
5976	9	284770544
5977	9	284771568
5978	9	284804336
5979	9	286277872
5980	9	286311664
5981	9	286377712
5982	9	288375024
5983	9	288408816
5984	9	288440560
5985	9	288441584
5986	9	288444656
5987	9	288473328
5988	9	288474352
5989	9	288474864
5990	9	288475120
5991	9	288477424
5992	9	288478448
5993	9	288479472
5994	9	288510192
5995	9	288543984
5996	9	288610032
5997	9	288637168
5998	9	288670960
5999	9	288737008
6000	9	292638960
6001	9	292672752
6002	9	292897008
6003	9	292898032
6004	9	292930800
6005	9	296829168
6006	9	296830192
6007	9	296862960
6008	9	298927344
6009	9	301024496
6010	9	301024752
6011	9	302630640
6012	9	303055088
6013	9	303088880
6014	9	303154928
6015	9	304505072
6016	9	304538864
6017	9	304604912
6018	9	304627952
6019	9	304661744
6020	9	304727792
6021	9	304763120
6022	9	304796912
6023	9	304862960
6024	9	304890096
6025	9	304923888
6026	9	304989936
6027	9	305152240
6028	9	305186032
6029	9	305213680
6030	9	305217776
6031	9	305218800
6032	9	305225968
6033	9	305247472
6034	9	305250544
6035	9	305251568
6036	9	305252080
6037	9	305252336
6038	9	305258736
6039	9	305259760
6040	9	305262832
6041	9	305422576
6042	9	305456368
6043	9	305488624
6044	9	305522416
6045	9	305664240
6046	9	305676528
6047	9	305684720
6048	9	305698032
6049	9	305710320
6050	9	305718512
6051	9	305764080
6052	9	305776368
6053	9	305784560
6054	9	308633840
6055	9	308667632
6056	9	308891888
6057	9	308925680
6058	9	309682416
6059	9	309683440
6060	9	309716208
6061	9	309924080
6062	9	309925104
6063	9	309940464
6064	9	309948656
6065	9	309957872
6066	9	309974256
6067	9	309982448
6068	9	310134000
6069	9	310200048
6070	9	312828144
6071	9	312861936
6072	9	313082096
6073	9	313083120
6074	9	313115888
6075	9	313614576
6076	9	313648368
6077	9	313876720
6078	9	313878768
6079	9	313910512
6080	9	313912560
6081	9	314130672
6082	9	314131696
6083	9	314138864
6084	9	314139888
6085	9	314142960
6086	9	314164464
6087	9	314172656
6088	9	314176752
6089	9	315180272
6090	9	317277424
6091	9	317277680
6092	9	318203120
6093	9	318326000
6094	9	318334192
6095	9	318469360
6096	9	318596336
6097	9	321081584
6098	9	321115376
6099	9	321208560
6100	9	321209584
6101	9	321242352
6102	9	321982704
6103	9	321984752
6104	9	321994992
6105	9	321996016
6106	9	321999088
6107	9	322003184
6108	9	322016496
6109	9	322018544
6110	9	322028784
6111	9	322032880
6112	9	322036976
6113	9	322323696
6114	9	322389744
6115	9	322519280
6116	9	322520304
6117	9	322523376
6118	9	322525424
6119	9	322553072
6120	9	322557168
6121	9	322559216
6122	9	322716912
6123	9	322782960
6124	9	323306736
6125	9	325403888
6126	9	325404144
6127	9	326452464
6128	9	326460656
6129	9	326976752
6130	9	326980848
6131	9	328287472
6132	9	330384624
6133	9	330384880
6134	9	330654960
6135	9	330908912
6136	9	331171056
6137	9	331173104
6138	9	347169008
6139	9	347201776
6140	9	347619568
6141	9	347653360
6142	9	347685616
6143	9	349496560
6144	9	351593712
6145	9	351625456
6146	9	355553520
6147	9	355586288
6148	9	355746032
6149	9	355779824
6150	9	355812080
6151	9	361775344
6152	9	361809136
6153	9	361875184
6154	9	363872496
6155	9	363872752
6156	9	363906288
6157	9	363906544
6158	9	363938032
6159	9	363970800
6160	9	371998960
6161	9	372032752
6162	9	372065008
6163	9	372322544
6164	9	372371696
6165	9	372531440
6166	9	372565232
6167	9	372773104
6168	9	372806896
6169	9	372823280
6170	9	372839152
6171	9	377254128
6172	9	377287920
6173	9	378005232
6174	9	378028272
6175	9	378062064
6176	9	378128112
6177	9	379076848
6178	9	379085040
6179	9	379110640
6180	9	379118832
6181	9	379176688
6182	9	379184880
6183	9	379969776
6184	9	380002544
6185	9	380036336
6186	9	380125424
6187	9	380125680
6188	9	380159216
6189	9	380159472
6190	9	380190960
6191	9	380223728
6192	9	380723440
6193	9	380756208
6194	9	380985584
6195	9	381018352
6196	9	381051120
6197	9	381084912
6198	9	381174000
6199	9	381182192
6200	9	381182448
6201	9	381207792
6202	9	381215984
6203	9	381216240
6204	9	381239536
6205	9	381247728
6206	9	381251824
6207	9	381272304
6208	9	381280496
6209	9	381284592
6210	9	381286640
6211	9	381317360
6212	9	381351152
6213	9	381444336
6214	9	381478128
6215	9	382034160
6216	9	382067952
6217	9	384131312
6218	9	384131568
6219	9	385179888
6220	9	385446128
6221	9	385704176
6222	9	386154736
6223	9	386188528
6224	9	386220784
6225	9	386254576
6226	9	387303152
6227	9	388251888
6228	9	388252144
6229	9	388285680
6230	9	388285936
6231	9	388317424
6232	9	388317936
6233	9	388318192
6234	9	388350192
6235	9	389091568
6236	9	389107952
6237	9	389124336
6238	9	389140720
6239	9	389148912
6240	9	389300464
6241	9	389308656
6242	9	389334256
6243	9	389342448
6244	9	389374704
6245	9	389443824
6246	9	389477616
6247	9	389509872
6248	9	389632240
6249	9	389665008
6250	9	389824752
6251	9	389825776
6252	9	389828848
6253	9	389858544
6254	9	389862640
6255	9	393572592
6256	9	394088688
6257	9	395395312
6258	9	395396336
6259	9	395403504
6260	9	395429104
6261	9	395437296
6262	9	396117232
6263	9	396183280
6264	9	397492464
6265	9	397492720
6266	9	397500656
6267	9	397500912
6268	9	397635824
6269	9	397762800
6270	9	398016752
6271	9	398020848
6272	9	398022896
6273	9	398214384
6274	9	398278896
6275	9	398345456
6276	9	399860976
6277	9	410120432
6278	9	410280176
6279	9	410313968
6280	9	414277872
6281	9	414310640
6282	9	414312688
6283	9	414343408
6284	9	414377200
6285	9	414728432
6286	9	414762224
6287	9	414764272
6288	9	414794480
6289	9	416859376
6290	9	418472176
6291	9	418956528
6292	9	418988272
6293	9	420495600
6294	9	420529392
6295	9	420595440
6296	9	422592752
6297	9	422626544
6298	9	422658288
6299	9	422691056
6300	9	428884208
6301	9	428918000
6302	9	428984048
6303	9	429115120
6304	9	430981360
6305	9	430981616
6306	9	431015152
6307	9	431015408
6308	9	431046896
6309	9	431048944
6310	9	431079664
6311	9	431081712
6312	9	431112432
6313	9	431146224
6314	9	433144048
6315	9	433145072
6316	9	433177840
6317	9	435241200
6318	9	435241456
6319	9	436848368
6320	9	437272816
6321	9	437298416
6322	9	437306608
6323	9	437372656
6324	9	438722800
6325	9	438756592
6326	9	438845680
6327	9	438879472
6328	9	439107824
6329	9	439141616
6330	9	439143664
6331	9	439173872
6332	9	439369968
6333	9	439395568
6334	9	439403760
6335	9	439431408
6336	9	439435504
6337	9	439443696
6338	9	439466224
6339	9	439468272
6340	9	439476464
6341	9	439480560
6342	9	439496944
6343	9	439530736
6344	9	439640304
6345	9	439659760
6346	9	439674096
6347	9	439894256
6348	9	439902448
6349	9	439928048
6350	9	439936240
6351	9	439960304
6352	9	441238768
6353	9	442851568
6354	9	443335920
6355	9	443367664
6356	9	443625712
6357	9	443805936
6358	9	443900144
6359	9	444166384
6360	9	444265712
6361	9	444351728
6362	9	444384496
6363	9	444392688
6364	9	445137136
6365	9	445170928
6366	9	445236976
6367	9	445368048
6368	9	446171376
6369	9	446185712
6370	9	446193904
6371	9	446205168
6372	9	446219504
6373	9	446227696
6374	9	446271216
6375	9	446285552
6376	9	446293744
6377	9	446914800
6378	9	446947568
6379	9	447234288
6380	9	447234544
6381	9	447268080
6382	9	447268336
6383	9	447299824
6384	9	447301872
6385	9	447332592
6386	9	447334640
6387	9	447365360
6388	9	447399152
6389	9	447817968
6390	9	447832304
6391	9	447865072
6392	9	447867120
6393	9	447897840
6394	9	447931632
6395	9	447963888
6396	9	448268528
6397	9	448282864
6398	9	448291056
6399	9	448291312
6400	9	448302320
6401	9	448316656
6402	9	448324848
6403	9	448325104
6404	9	448334064
6405	9	448348400
6406	9	448350448
6407	9	448356592
6408	9	448358640
6409	9	448360688
6410	9	448366832
6411	9	448381168
6412	9	448383216
6413	9	448389360
6414	9	448391408
6415	9	448393456
6416	9	448395504
6417	9	448413936
6418	9	448414960
6419	9	448422128
6420	9	448426224
6421	9	448447728
6422	9	448455920
6423	9	448460016
6424	9	448553200
6425	9	448586992
6426	9	449396976
6427	9	449398000
6428	9	449430768
6429	9	449929456
6430	9	449963248
6431	9	451494128
6432	9	451494384
6433	9	452026608
6434	9	452026864
6435	9	452542704
6436	9	452550896
6437	9	452554992
6438	9	452686064
6439	9	452813040
6440	9	452815088
6441	9	452879600
6442	9	454050032
6443	9	454083824
6444	9	454149872
6445	9	454574320
6446	9	454608112
6447	9	454674160
6448	9	456147184
6449	9	456147440
6450	9	456180976
6451	9	456181232
6452	9	456212720
6453	9	456220912
6454	9	456245488
6455	9	456253680
6456	9	456257776
6457	9	456417520
6458	9	456451312
6459	9	456483568
6460	9	456548592
6461	9	456582384
6462	9	456671472
6463	9	456705264
6464	9	456737008
6465	9	456741104
6466	9	456743152
6467	9	456769776
6468	9	456773872
6469	9	456775920
6470	9	456806640
6471	9	456840432
6472	9	456933616
6473	9	456934640
6474	9	456935664
6475	9	456967408
6476	9	456969456
6477	9	457066224
6478	9	459031792
6479	9	459097840
6480	9	460550384
6481	9	460677360
6482	9	460935408
6483	9	461066480
6484	9	461128944
6485	9	461193456
6486	9	461586672
6487	9	461587696
6488	9	461620464
6489	9	462489840
6490	9	462504176
6491	9	462505200
6492	9	462506224
6493	9	462512368
6494	9	462523632
6495	9	462537968
6496	9	462540016
6497	9	462546160
6498	9	463161072
6499	9	463226096
6500	9	463292144
6501	9	463683824
6502	9	463684080
6503	9	464586992
6504	9	464587248
6505	9	464601328
6506	9	464601584
6507	9	464603376
6508	9	464603632
6509	9	464609520
6510	9	464609776
6511	9	464732400
6512	9	464740592
6513	9	464744688
6514	9	464871664
6515	9	464873712
6516	9	465125616
6517	9	465127664
6518	9	465192176
6519	9	465323248
6520	9	465387760
6521	9	465389808
6522	9	465454320
6523	9	465456368
6524	9	466699504
6525	9	466699760
6526	9	466969840
6527	9	467223792
6528	9	477389040
6529	9	477421808
6530	9	477905648
6531	9	479256816
6532	9	479322864
6533	9	481353968
6534	9	481837296
6535	9	481870064
6536	9	483934448
6537	9	483968240
6538	9	484000496
6539	9	486031600
6540	9	487604464
6541	9	487637232
6542	9	487638256
6543	9	487703280
6544	9	489701616
6545	9	489734384
6546	9	495993072
6547	9	496026864
6548	9	498090224
6549	9	498090480
6550	9	500187376
6551	9	500187632
6552	9	500221168
6553	9	500221424
6554	9	500252912
6555	9	500285680
6556	9	502284528
6557	9	502284784
6558	9	503702256
6559	9	503956208
6560	9	504381680
6561	9	504407280
6562	9	504410352
6563	9	504414448
6564	9	504415472
6565	9	504422640
6566	9	504476400
6567	9	504480496
6568	9	504488688
6569	9	505733360
6570	9	505831664
6571	9	505864432
6572	9	505954544
6573	9	505987312
6574	9	506216688
6575	9	506249456
6576	9	506348272
6577	9	506478832
6578	9	506507504
6579	9	506511600
6580	9	506519792
6581	9	506654960
6582	9	506749168
6583	9	506781936
6584	9	507003120
6585	9	507011312
6586	9	507035888
6587	9	507044080
6588	9	507048176
6589	9	507265776
6590	9	508379888
6591	9	508846320
6592	9	508880112
6593	9	510410992
6594	9	510943472
6595	9	511459568
6596	9	511467760
6597	9	511471856
6598	9	512246000
6599	9	512279792
6600	9	512795888
6601	9	513294576
6602	9	513302768
6603	9	513328368
6604	9	513336560
6605	9	513360624
6606	9	514343152
6607	9	514343408
6608	9	515391728
6609	9	515399920
6610	9	515535088
6611	9	515662064
6612	9	516440304
6613	9	516440560
6614	9	516474096
6615	9	516474352
6616	9	516505840
6617	9	516538608
6618	9	517038320
6619	9	517071088
6620	9	517488880
6621	9	517497072
6622	9	517522672
6623	9	517530864
6624	9	517632240
6625	9	517666032
6626	9	517759216
6627	9	517793008
6628	9	518537456
6629	9	518537712
6630	9	519586032
6631	9	519586288
6632	9	519594224
6633	9	519594480
6634	9	519729392
6635	9	519856368
6636	9	519987440
6637	9	521158896
6638	9	521192688
6639	9	521683184
6640	9	521716976
6641	9	521721072
6642	9	521749232
6643	9	523256048
6644	9	523256304
6645	9	523526384
6646	9	523657456
6647	9	523780336
6648	9	523915504
6649	9	524042480
6650	9	525463792
6651	9	525623536
6652	9	525657328
6653	9	525689584
6654	9	526139632
6655	9	526140656
6656	9	526173424
6657	9	527720688
6658	9	527720944
6659	9	528236784
6660	9	529547504
6661	9	529547760
6662	9	529581296
6663	9	529581552
6664	9	529613040
6665	9	529621232
6666	9	529645808
6667	9	529654000
6668	9	529658096
6669	9	529817840
6670	9	529851632
6671	9	530071792
6672	9	530105584
6673	9	530333936
6674	9	530334960
6675	9	530335984
6676	9	530367728
6677	9	530369776
6678	9	530466544
6679	9	531644656
6680	9	531644912
6681	9	531914992
6682	9	531915248
6683	9	532046064
6684	9	532168944
6685	9	532169200
6686	9	532431088
6687	9	532433136
6688	9	532562160
6689	9	533807344
6690	9	533807600
6691	9	533815536
6692	9	533815792
6693	9	533950704
6694	9	534077680
6695	9	534331632
6696	9	534529264
6697	9	534660336
6698	9	543514864
6699	9	543548656
6700	9	543999216
6701	9	544289008
6702	9	544322800
6703	9	544515312
6704	9	547963120
6705	9	547964144
6706	9	547996912
6707	9	548479216
6708	9	548495600
6709	9	548513008
6710	9	548529392
6711	9	548979952
6712	9	552157424
6713	9	552158448
6714	9	552191216
6715	9	552673520
6716	9	552689904
6717	9	552707312
6718	9	552723696
6719	9	553206000
6720	9	553207024
6721	9	553214192
6722	9	553215216
6723	9	553218288
6724	9	553239792
6725	9	553247984
6726	9	553252080
6727	9	554222832
6728	9	556319984
6729	9	556351728
6730	9	556385520
6731	9	556455152
6732	9	556582128
6733	9	556876016
6734	9	556877040
6735	9	556884208
6736	9	556909808
6737	9	556918000
6738	9	557368560
6739	9	560550128
6740	9	560583920
6741	9	560808176
6742	9	560809200
6743	9	560841968
6744	9	561340656
6745	9	561341680
6746	9	561374448
6747	9	561598704
6748	9	561632496
6749	9	561792240
6750	9	561858288
6751	9	564740336
6752	9	564774128
6753	9	565002480
6754	9	565003504
6755	9	565004528
6756	9	565036272
6757	9	565038320
6758	9	565069040
6759	9	565135088
6760	9	565264624
6761	9	565265648
6762	9	565272816
6763	9	565298416
6764	9	565306608
6765	9	565534960
6766	9	565535984
6767	9	565537008
6768	9	565568752
6769	9	565570800
6770	9	565788912
6771	9	565789936
6772	9	565822704
6773	9	565986544
6774	9	566052592
6775	9	567362800
6776	9	569197808
6777	9	569328880
6778	9	569459952
6779	9	569460208
6780	9	569730288
6781	9	569861360
6782	9	569984240
6783	9	570246384
6784	9	572793072
6785	9	572826864
6786	9	572892912
6787	9	572924144
6788	9	572940528
6789	9	572957936
6790	9	572974320
6791	9	573023984
6792	9	573040368
6793	9	573063408
6794	9	573097200
6795	9	573163248
6796	9	573325552
6797	9	573333744
6798	9	573359344
6799	9	573367536
6800	9	573425392
6801	9	573433584
6802	9	573645040
6803	9	573649136
6804	9	573677808
6805	9	573678832
6806	9	573681904
6807	9	573682928
6808	9	573683952
6809	9	573841648
6810	9	573875440
6811	9	573941488
6812	9	574103792
6813	9	574137584
6814	9	574203632
6815	9	577052912
6816	9	577053936
6817	9	577069296
6818	9	577086704
6819	9	577103088
6820	9	577597680
6821	9	577631472
6822	9	577843440
6823	9	577877232
6824	9	578101488
6825	9	578102512
6826	9	578135280
6827	9	578367728
6828	9	578401520
6829	9	578561264
6830	9	578627312
6831	9	581517552
6832	9	581518576
6833	9	581525744
6834	9	581551344
6835	9	581559536
6836	9	582033648
6837	9	582067440
6838	9	582557936
6839	9	582558960
6840	9	582562032
6841	9	582564080
6842	9	582591728
6843	9	582595824
6844	9	582597872
6845	9	582755568
6846	9	582821616
6847	9	583615728
6848	9	585712880
6849	9	585713136
6850	9	585983216
6851	9	586753264
6852	9	586888432
6853	9	587015408
6854	9	589652208
6855	9	589686000
6856	9	589906160
6857	9	589907184
6858	9	589910256
6859	9	589939952
6860	9	589944048
6861	9	590234864
6862	9	590300912
6863	9	590422256
6864	9	590426352
6865	9	590456048
6866	9	590460144
6867	9	590750960
6868	9	590817008
6869	9	590942448
6870	9	590943472
6871	9	590944496
6872	9	590976240
6873	9	590978288
6874	9	591009008
6875	9	591075056
6876	9	594363632
6877	9	594879728
6878	9	595137776
6879	9	596198640
6880	9	598172912
6881	9	598295792
6882	9	598296048
6883	9	598557936
6884	9	598947056
6885	9	599074032
6886	9	599592176
6887	9	612909296
6888	9	612943088
6889	9	613009136
6890	9	613459184
6891	9	615006448
6892	9	615040240
6893	9	615071984
6894	9	615104752
6895	9	615556336
6896	9	615588080
6897	9	615604464
6898	9	615620848
6899	9	615637232
6900	9	616055024
6901	9	616063216
6902	9	616088816
6903	9	616097008
6904	9	616121072
6905	9	620327152
6906	9	620553456
6907	9	623497456
6908	9	623657200
6909	9	623690992
6910	9	623723248
6911	9	624029936
6912	9	624189680
6913	9	624223472
6914	9	624481520
6915	9	629720304
6916	9	629948656
6917	9	629982448
6918	9	630048496
6919	9	630481136
6920	9	630514928
6921	9	630580976
6922	9	630768880
6923	9	631817456
6924	9	631817712
6925	9	631849200
6926	9	632045808
6927	9	632079600
6928	9	632111344
6929	9	632144112
6930	9	632177904
6931	9	632210672
6932	9	632373488
6933	9	632381680
6934	9	632418544
6935	9	632516848
6936	9	632578288
6937	9	632578544
6938	9	632612080
6939	9	632612336
6940	9	632643824
6941	9	632645872
6942	9	632676592
6943	9	632743152
6944	9	632866032
6945	9	632897776
6946	9	633094384
6947	9	633095408
6948	9	633128176
6949	9	635192560
6950	9	635258608
6951	9	636305648
6952	9	636838128
6953	9	637289712
6954	9	637354224
6955	9	637904624
6956	9	639901936
6957	9	639935728
6958	9	640434416
6959	9	640442608
6960	9	640468208
6961	9	640476400
6962	9	640500464
6963	9	640758000
6964	9	640790768
6965	9	640950512
6966	9	640984304
6967	9	641016560
6968	9	641250544
6969	9	645673200
6970	9	645706992
6971	9	646463728
6972	9	646497520
6973	9	646563568
6974	9	647504112
6975	9	647537904
6976	9	647603952
6977	9	648560880
6978	9	648561136
6979	9	648594672
6980	9	648594928
6981	9	648626416
6982	9	648634608
6983	9	648659184
6984	9	648667376
6985	9	648671472
6986	9	648831216
6987	9	648865008
6988	9	648897264
6989	9	648962288
6990	9	648996080
6991	9	649142512
6992	9	649175280
6993	9	649601264
6994	9	649635056
6995	9	649666800
6996	9	649670896
6997	9	649672944
6998	9	649699568
6999	9	649703664
7000	9	649705712
7001	9	649736432
7002	9	649770224
7003	9	649863408
7004	9	649864432
7005	9	649897200
7006	9	649996016
7007	9	651961584
7008	9	652027632
7009	9	653091056
7010	9	653865200
7011	9	654058736
7012	9	654123248
7013	9	655214320
7014	9	655730416
7015	9	655888624
7016	9	655922416
7017	9	655988464
7018	9	656761072
7019	9	656793840
7020	9	657019120
7021	9	657051888
7022	9	657211632
7023	9	657245424
7024	9	657535216
7025	9	657567984
7026	9	657727728
7027	9	657761520
7028	9	657985776
7029	9	658019568
7030	9	658051312
7031	9	658084080
7032	9	663052528
7033	9	663086320
7034	9	663306480
7035	9	663307504
7036	9	663340272
7037	9	663701232
7038	9	663822576
7039	9	663826672
7040	9	663856368
7041	9	663860464
7042	9	664217328
7043	9	665149680
7044	9	665149936
7045	9	665280752
7046	9	665403632
7047	9	665403888
7048	9	665665776
7049	9	665732336
7050	9	665919728
7051	9	665919984
7052	9	665923824
7053	9	665924080
7054	9	666054896
7055	9	666181872
7056	9	666248432
7057	9	667763952
7058	9	668280048
7059	9	683172080
7060	9	683205872
7061	9	687431920
7062	9	688931056
7063	9	688964848
7064	9	689030896
7065	9	690569456
7066	9	690602224
7067	9	690766064
7068	9	690799856
7069	9	690832112
7070	9	691028208
7071	9	691062000
7072	9	691093744
7073	9	691101936
7074	9	691126512
7075	9	691134704
7076	9	691138800
7077	9	691298544
7078	9	691332336
7079	9	691552496
7080	9	691586288
7081	9	691590384
7082	9	691618544
7083	9	692897008
7084	9	694994160
7085	9	695025904
7086	9	695558384
7087	9	696009968
7088	9	696042736
7089	9	696829168
7090	9	697877744
7091	9	698926320
7092	9	698926576
7093	9	698958064
7094	9	699057392
7095	9	699490544
7096	9	699974896
7097	9	700006640
7098	9	700008688
7099	9	700073200
7100	9	700105968
7101	9	701055216
7102	9	701089008
7103	9	701587696
7104	9	701621488
7105	9	703152368
7106	9	703152624
7107	9	703684848
7108	9	703685104
7109	9	704200944
7110	9	705283824
7111	9	705733872
7112	9	707281136
7113	9	707314928
7114	9	707551472
7115	9	707585264
7116	9	707831024
7117	9	707862768
7118	9	707895536
7119	9	708321520
7120	9	708355312
7121	9	708359408
7122	9	708387568
7123	9	711811312
7124	9	712585456
7125	9	712684784
7126	9	712778992
7127	9	712811760
7128	9	714612976
7129	9	714646768
7130	9	714712816
7131	9	715743472
7132	9	715776240
7133	9	715778288
7134	9	715809008
7135	9	715842800
7136	9	716710128
7137	9	716743920
7138	9	716775664
7139	9	716777712
7140	9	716808432
7141	9	716810480
7142	9	716841200
7143	9	716842224
7144	9	716874992
7145	9	717840624
7146	9	717874416
7147	9	719937776
7148	9	719938032
7149	9	720969968
7150	9	721961200
7151	9	721994992
7152	9	722027248
7153	9	722061040
7154	9	722323184
7155	9	722839280
7156	9	723775728
7157	9	723869936
7158	9	723902704
7159	9	723904752
7160	9	723935472
7161	9	723969264
7162	9	724058352
7163	9	724058608
7164	9	724092144
7165	9	724092400
7166	9	724123888
7167	9	724124400
7168	9	724124656
7169	9	724127984
7170	9	724156656
7171	9	724320496
7172	9	724354288
7173	9	724451568
7174	9	724452592
7175	9	724485360
7176	9	724639984
7177	9	724644080
7178	9	724672752
7179	9	724676848
7180	9	724678896
7181	9	724709616
7182	9	724743408
7183	9	724836592
7184	9	724870384
7185	9	724967664
7186	9	724968688
7187	9	725001456
7188	9	725354736
7189	9	725355760
7190	9	725388528
7191	9	725967088
7192	9	726000880
7193	9	726741232
7194	9	726775024
7195	9	728064240
7196	9	728064496
7197	9	728580336
7198	9	728838384
7199	9	728838640
7200	9	728969456
7201	9	729096432
7202	9	730030320
7203	9	730064112
7204	9	730415344
7205	9	730416368
7206	9	730417392
7207	9	730449136
7208	9	730451184
7209	9	730931440
7210	9	730933488
7211	9	730965232
7212	9	730967280
7213	9	732127472
7214	9	732127728
7215	9	732512496
7216	9	732512752
7217	9	732514544
7218	9	732514800
7219	9	732643568
7220	9	733028592
7221	9	733028848
7222	9	733030640
7223	9	733030896
7224	9	733159664
7225	9	733546736
7226	9	734610672
7227	9	734610928
7228	9	746123504
7229	9	750280944
7230	9	750313712
7231	9	752378096
7232	9	752411888
7233	9	754475248
7234	9	755548400
7235	9	755614448
7236	9	756039920
7237	9	756072688
7238	9	756073712
7239	9	756080880
7240	9	756138736
7241	9	756146928
7242	9	757645552
7243	9	757874928
7244	9	757907696
7245	9	758006512
7246	9	758137072
7247	9	758169840
7248	9	758178032
7249	9	758313200
7250	9	758407408
7251	9	758440176
7252	9	758661360
7253	9	758694128
7254	9	758700272
7255	9	758924016
7256	9	759972080
7257	9	760005872
7258	9	760038128
7259	9	760504560
7260	9	760538352
7261	9	760796400
7262	9	762069232
7263	9	762601712
7264	9	763117808
7265	9	764952816
7266	9	764986608
7267	9	765018864
7268	9	767049968
7269	9	768132336
7270	9	768132592
7271	9	768164080
7272	9	768696560
7273	9	769180912
7274	9	772391664
7275	9	772399856
7276	9	772841712
7277	9	772842736
7278	9	772907760
7279	9	774390000
7280	9	774422768
7281	9	774430960
7282	9	774566128
7283	9	774660336
7284	9	774693104
7285	9	774938864
7286	9	775430384
7287	9	775463152
7288	9	775467248
7289	9	775469296
7290	9	775693040
7291	9	777565424
7292	9	778854640
7293	9	779886832
7294	9	781721840
7295	9	781755632
7296	9	781787888
7297	9	783818992
7298	9	784949488
7299	9	784982256
7300	9	785916144
7301	9	785949936
7302	9	788013296
7303	9	788013552
7304	9	789070064
7305	9	789103856
7306	9	789398256
7307	9	789619952
7308	9	789914352
7309	9	790142192
7310	9	791044336
7311	9	791167216
7312	9	791167472
7313	9	791302384
7314	9	791429360
7315	9	791560432
7316	9	791945456
7317	9	792076528
7318	9	793075952
7319	9	793108720
7320	9	793334000
7321	9	793526512
7322	9	793560304
7323	9	793850096
7324	9	793882864
7325	9	794042608
7326	9	794076400
7327	9	795623664
7328	9	795623920
7329	9	796139760
7330	9	796140016
7331	9	797458672
7332	9	797458928
7333	9	797492464
7334	9	797492720
7335	9	797524208
7336	9	797524720
7337	9	797524976
7338	9	797556976
7339	9	798040304
7340	9	798073072
7341	9	799555824
7342	9	799556080
7343	9	801718512
7344	9	801718768
7345	9	802234608
7346	9	802234864
7347	9	811950320
7348	9	811983088
7349	9	812208368
7350	9	812241136
7351	9	812400880
7352	9	812434672
7353	9	812466928
7354	9	812773616
7355	9	812933360
7356	9	812967152
7357	9	813175024
7358	9	813208816
7359	9	813225200
7360	9	813241072
7361	9	814235888
7362	9	814269680
7363	9	814335728
7364	9	816177392
7365	9	816333040
7366	9	816366832
7367	9	816398576
7368	9	816431344
7369	9	816931056
7370	9	816963824
7371	9	817381616
7372	9	817389808
7373	9	817415408
7374	9	817423600
7375	9	817447664
7376	9	818341104
7377	9	819512560
7378	9	820438256
7379	9	820470000
7380	9	820592880
7381	9	821125360
7382	9	821387504
7383	9	821486832
7384	9	821609712
7385	9	821641456
7386	9	821649648
7387	9	821653744
7388	9	821880048
7389	9	822462192
7390	9	823148784
7391	9	823170288
7392	9	823182576
7393	9	823248624
7394	9	824459504
7395	9	824493296
7396	9	824590576
7397	9	824624368
7398	9	824656624
7399	9	825245936
7400	9	825267440
7401	9	825279728
7402	9	825299184
7403	9	825301232
7404	9	825311472
7405	9	825315568
7406	9	825319664
7407	9	825331952
7408	9	825334000
7409	9	825344240
7410	9	825348336
7411	9	825350384
7412	9	825352432
7413	9	825356528
7414	9	825364720
7415	9	825381104
7416	9	825398512
7417	9	825414896
7418	9	825430768
7419	9	825508080
7420	9	825516272
7421	9	825541872
7422	9	825550064
7423	9	825574128
7424	9	825770224
7425	9	825804016
7426	9	825808112
7427	9	825836272
7428	9	827639024
7429	9	828719344
7430	9	829493488
7431	9	829509872
7432	9	829736176
7433	9	829767920
7434	9	829776112
7435	9	829780208
7436	9	830034160
7437	9	830227696
7438	9	830260464
7439	9	830264560
7440	9	832095472
7441	9	833700080
7442	9	833708272
7443	9	833970416
7444	9	833972464
7445	9	834069744
7446	9	834192624
7447	9	834224368
7448	9	834228464
7449	9	834230512
7450	9	834327792
7451	9	834422000
7452	9	834454768
7453	9	834456816
7454	9	835797232
7455	9	835798256
7456	9	835805424
7457	9	835831024
7458	9	835839216
7459	9	836519152
7460	9	836585200
7461	9	837894384
7462	9	837894640
7463	9	837902576
7464	9	837902832
7465	9	838037744
7466	9	838164720
7467	9	838295792
7468	9	838418672
7469	9	838422768
7470	9	838424816
7471	9	838553840
7472	9	838616304
7473	9	838680816
7474	9	838747376
7475	9	839501552
7476	9	839951600
7477	9	841375984
7478	9	841409776
7479	9	841498864
7480	9	841532656
7481	9	841634032
7482	9	841667824
7483	9	841761008
7484	9	841794800
7485	9	841827056
7486	9	842048752
7487	9	842080496
7488	9	842084592
7489	9	842113264
7490	9	842117360
7491	9	842119408
7492	9	842183920
7493	9	842277104
7494	9	842310896
7495	9	842343152
7496	9	842535152
7497	9	842568944
7498	9	842570992
7499	9	842601200
7500	9	844408048
7501	9	844666096
7502	9	845504752
7503	9	845762800
7504	9	845989104
7505	9	846278896
7506	9	846505200
7507	9	846536944
7508	9	846763248
7509	9	846794992
7510	9	848602352
7511	9	849798384
7512	9	849953008
7513	9	850469104
7514	9	850699504
7515	9	850731248
7516	9	850733296
7517	9	850797808
7518	9	850830576
7519	9	851796208
7520	9	851830000
7521	9	852050160
7522	9	852051184
7523	9	852083952
7524	9	852566256
7525	9	852600048
7526	9	852894960
7527	9	852961008
7528	9	853893360
7529	9	853893616
7530	9	854024432
7531	9	854147312
7532	9	854147568
7533	9	854663408
7534	9	854663664
7535	9	854925552
7536	9	854992112
7537	9	855056624
7538	9	855773424
7539	9	855807216
7540	9	855873264
7541	9	855916784
7542	9	855950576
7543	9	856016624
7544	9	856147696
7545	9	856178928
7546	9	856212720
7547	9	856278768
7548	9	856540912
7549	9	856921840
7550	9	857215216
7551	9	857249008
7552	9	857315056
7553	9	857870576
7554	9	857870832
7555	9	857904368
7556	9	857904624
7557	9	857936112
7558	9	857952496
7559	9	857968880
7560	9	857985264
7561	9	857993456
7562	9	858013936
7563	9	858014192
7564	9	858047728
7565	9	858047984
7566	9	858079472
7567	9	858087664
7568	9	858112240
7569	9	858120432
7570	9	858124528
7571	9	858145008
7572	9	858153200
7573	9	858178800
7574	9	858186992
7575	9	858276080
7576	9	858276336
7577	9	858309872
7578	9	858310128
7579	9	858341616
7580	9	858345712
7581	9	858374384
7582	9	858378480
7583	9	858380528
7584	9	858411248
7585	9	858445040
7586	9	858538224
7587	9	858542320
7588	9	858572016
7589	9	858576112
7590	9	858669296
7591	9	858670320
7592	9	858673392
7593	9	858675440
7594	9	858703088
7595	9	858707184
7596	9	858709232
7597	9	858853616
7598	9	858855664
7599	9	858886384
7600	9	858888432
7601	9	858919152
7602	9	858952944
7603	9	859312368
7604	9	859346160
7605	9	859377904
7606	9	859379952
7607	9	859410672
7608	9	859412720
7609	9	859443440
7610	9	859444464
7611	9	859477232
7612	9	859574512
7613	9	859575536
7614	9	859576560
7615	9	859608304
7616	9	859610352
7617	9	859707120
7618	9	860176624
7619	9	860177648
7620	9	860184816
7621	9	860210416
7622	9	860218608
7623	9	860442864
7624	9	860476656
7625	9	860950768
7626	9	860984560
7627	9	861672688
7628	9	861738736
7629	9	862273776
7630	9	862274032
7631	9	862281968
7632	9	862282224
7633	9	862417136
7634	9	862540016
7635	9	862540272
7636	9	862798064
7637	9	862802160
7638	9	862804208
7639	9	863047920
7640	9	863048176
7641	9	863572208
7642	9	863769840
7643	9	863834352
7644	9	863836400
7645	9	863900912
7646	9	864379120
7647	9	864412912
7648	9	864633072
7649	9	864634096
7650	9	864637168
7651	9	864666864
7652	9	864670960
7653	9	865027824
7654	9	865801968
7655	9	865864944
7656	9	865930992
7657	9	866476272
7658	9	866476528
7659	9	866607344
7660	9	866730224
7661	9	866730480
7662	9	866734320
7663	9	866734576
7664	9	866865392
7665	9	866992368
7666	9	866994416
7667	9	867058928
7668	9	867766512
7669	9	867768560
7670	9	867833072
7671	9	867962096
7672	9	868026608
7673	9	868705520
7674	9	868828400
7675	9	868828656
7676	9	868963568
7677	9	869090544
7678	9	869864688
7679	9	881344752
7680	9	881377520
7681	9	881378544
7682	9	881443568
7683	9	881910000
7684	9	881976048
7685	9	883351792
7686	9	883441904
7687	9	883474672
7688	9	884007152
7689	9	884269296
7690	9	884490480
7691	9	884498672
7692	9	884523248
7693	9	884531440
7694	9	884535536
7695	9	888955120
7696	9	889570032
7697	9	890278128
7698	9	890279152
7699	9	890294512
7700	9	890344176
7701	9	890360560
7702	9	891568368
7703	9	891601136
7704	9	892375280
7705	9	892391664
7706	9	892616944
7707	9	892625136
7708	9	892649712
7709	9	892657904
7710	9	892662000
7711	9	892915952
7712	9	893141744
7713	9	897339632
7714	9	898646256
7715	9	898680048
7716	9	898916592
7717	9	898950384
7718	9	899170544
7719	9	899204336
7720	9	899208432
7721	9	899236592
7722	9	900743408
7723	9	900743664
7724	9	901013744
7725	9	901144816
7726	9	901267696
7727	9	901402864
7728	9	901529840
7729	9	903628016
7730	9	903660784
7731	9	906355440
7732	9	906613488
7733	9	907063536
7734	9	907129584
7735	9	908386544
7736	9	908644592
7737	9	908869872
7738	9	908902640
7739	9	909160688
7740	9	909385968
7741	9	909418736
7742	9	909644016
7743	9	909676784
7744	9	914899184
7745	9	914932976
7746	9	915449072
7747	9	915677424
7748	9	915711216
7749	9	915743472
7750	9	916996336
7751	9	916996592
7752	9	917774576
7753	9	917905648
7754	9	919905520
7755	9	923025648
7756	9	923059440
7757	9	923615984
7758	9	923833584
7759	9	924324080
7760	9	924357872
7761	9	924390128
7762	9	925122800
7763	9	925123056
7764	9	925647088
7765	9	925651184
7766	9	925782256
7767	9	926421232
7768	9	926683376
7769	9	926685424
7770	9	927330544
7771	9	927748336
7772	9	927782128
7773	9	928780528
7774	9	928781552
7775	9	928814320
7776	9	929845488
7777	9	929845744
7778	9	930877680
7779	9	931393776
7780	9	931487984
7781	9	931520752
7782	9	931553520
7783	9	931587312
7784	9	931676400
7785	9	931676656
7786	9	931710192
7787	9	931710448
7788	9	931741936
7789	9	931746032
7790	9	931774704
7791	9	931778800
7792	9	931780848
7793	9	931811568
7794	9	931845360
7795	9	931938544
7796	9	931972336
7797	9	932712688
7798	9	932746480
7799	9	933650672
7800	9	933650928
7801	9	933773552
7802	9	933773808
7803	9	933908720
7804	9	933908976
7805	9	934035696
7806	9	934035952
7807	9	934166768
7808	9	934809840
7809	9	934810096
7810	9	934940912
7811	9	935682288
7812	9	935682544
7813	9	935940336
7814	9	935940592
7815	9	936198384
7816	9	936972528
7817	9	944038128
7818	9	944104176
7819	9	946135280
7820	9	946618608
7821	9	946651376
7822	9	947151088
7823	9	947183856
7824	9	947450096
7825	9	947667696
7826	9	948167408
7827	9	948453616
7828	9	948486384
7829	9	948487408
7830	9	948488432
7831	9	948552432
7832	9	948554480
7833	9	949018864
7834	9	949084912
7835	9	950198512
7836	9	950550768
7837	9	950583536
7838	9	950585584
7839	9	950681840
7840	9	950714608
7841	9	951116016
7842	9	951214320
7843	9	951247088
7844	9	951585008
7845	9	951599344
7846	9	951607536
7847	9	951617776
7848	9	951632112
7849	9	951634160
7850	9	951640304
7851	9	951642352
7852	9	951644400
7853	9	951730928
7854	9	952647920
7855	9	952681712
7856	9	953696496
7857	9	953704688
7858	9	953730288
7859	9	953738480
7860	9	953762544
7861	9	954745072
7862	9	954745328
7863	9	955793648
7864	9	955801840
7865	9	955937008
7866	9	956063984
7867	9	957366512
7868	9	957399280
7869	9	957400304
7870	9	957407472
7871	9	957465328
7872	9	957473520
7873	9	959463664
7874	9	959496432
7875	9	959504624
7876	9	959639792
7877	9	959734000
7878	9	959766768
7879	9	959768816
7880	9	959987952
7881	9	960020720
7882	9	960024816
7883	9	960026864
7884	9	960250608
7885	9	961831152
7886	9	961864944
7887	9	962122992
7888	9	963928304
7889	9	964317424
7890	9	964444400
7891	9	964837616
7892	9	964871408
7893	9	965755120
7894	9	965774576
7895	9	965788912
7896	9	965952240
7897	9	966025456
7898	9	966059248
7899	9	966279408
7900	9	966313200
7901	9	966315248
7902	9	966345456
7903	9	966934768
7904	9	966935024
7905	9	967852272
7906	9	967852528
7907	9	967983344
7908	9	967991536
7909	9	968122608
7910	9	968253680
7911	9	968255728
7912	9	968376560
7913	9	968507632
7914	9	968638704
7915	9	968640752
7916	9	970014960
7917	9	970023152
7918	9	970384624
7919	9	970507504
7920	9	970736880
7921	9	970769648
7922	9	970771696
7923	9	973464304
7924	9	973718256
7925	9	974168304
7926	9	974169328
7927	9	974172400
7928	9	974234352
7929	9	974238448
7930	9	975495408
7931	9	975593712
7932	9	975626480
7933	9	975716592
7934	9	975749360
7935	9	975978736
7936	9	976011504
7937	9	976013552
7938	9	976110320
7939	9	976265456
7940	9	976269552
7941	9	976367856
7942	9	976400624
7943	9	976494832
7944	9	976527600
7945	9	976529648
7946	9	976626416
7947	9	977013488
7948	9	978075888
7949	9	978109680
7950	9	978141936
7951	9	978591984
7952	9	978625776
7953	9	978658032
7954	9	980173040
7955	9	980689136
7956	9	982008048
7957	9	982041840
7958	9	982205168
7959	9	982557936
7960	9	982721264
7961	9	983042288
7962	9	983076080
7963	9	983108336
7964	9	984105200
7965	9	984105456
7966	9	984236272
7967	9	984752368
7968	9	985139440
7969	9	986267888
7970	9	986783984
7971	9	990396656
7972	9	990430448
7973	9	990724848
7974	9	991432944
7975	9	991466736
7976	9	991468784
7977	9	991498992
7978	9	992370928
7979	9	992493808
7980	9	992494064
7981	9	992628976
7982	9	992755952
7983	9	992887024
7984	9	993530096
7985	9	993661168
7986	9	993790192
7987	9	994402544
7988	9	994660592
7989	9	994759920
7990	9	994886896
7991	9	995661040
7992	9	995759344
7993	9	995792112
7994	9	998392048
7995	9	998392304
7996	9	998425840
7997	9	998426096
7998	9	998457584
7999	9	998465776
8000	9	998490352
8001	9	998498544
8002	9	998502640
8003	9	998596848
8004	9	998629616
8005	9	998631664
8006	9	998662384
8007	9	998696176
8008	9	998785264
8009	9	998785520
8010	9	998819056
8011	9	998819312
8012	9	998850800
8013	9	998852848
8014	9	998883568
8015	9	998885616
8016	9	998916336
8017	9	998950128
8018	9	999047408
8019	9	999081200
8020	9	999360752
8021	9	999393520
8022	9	999819504
8023	9	999853296
8024	9	1000081648
8025	9	1000082672
8026	9	1000115440
8027	9	1000214256
8028	9	1000489200
8029	9	1000489456
8030	9	1000759536
8031	9	1000759792
8032	9	1000882416
8033	9	1000882672
8034	9	1001013488
8035	9	1001013744
8036	9	1001144560
8037	9	1001144816
8038	9	1001275632
8039	9	1001277680
8040	9	1001916656
8041	9	1001916912
8042	9	1002178800
8043	9	1002309872
8044	9	1002791152
8045	9	1002791408
8046	9	1002922224
8047	9	1003045104
8048	9	1003045360
8049	9	1003307248
8050	9	1003309296
8051	9	1003373808
8052	9	1004276976
8053	9	1011146992
8054	9	1011663600
8055	9	1012196080
8056	9	1015562480
8057	9	1015595248
8058	9	1015595760
8059	9	1015596016
8060	9	1016127728
8061	9	1016644336
8062	9	1016652528
8063	9	1019756784
8064	9	1019789552
8065	9	1020322032
8066	9	1020805360
8067	9	1020813552
8068	9	1020838128
8069	9	1020846320
8070	9	1020850416
8071	9	1024475376
8072	9	1024508144
8073	9	1024508656
8074	9	1024508912
8075	9	1024516336
8076	9	1024778992
8077	9	1025032944
8078	9	1028940016
8079	9	1028972784
8080	9	1029230832
8081	9	1029456624
8082	9	1032863984
8083	9	1032896752
8084	9	1032904944
8085	9	1033134320
8086	9	1033167088
8087	9	1033169136
8088	9	1033388272
8089	9	1033421040
8090	9	1033650928
8091	9	1037058288
8092	9	1037058544
8093	9	1037328624
8094	9	1037459696
8095	9	1037582576
8096	9	1037844720
8097	9	1040638704
8098	9	1040761584
8099	9	1041023728
8100	9	1041277168
8101	9	1041281264
8102	9	1041539824
8103	9	1044701424
8104	9	1045475568
8105	9	1045700848
8106	9	1045733616
8107	9	1049116912
8108	9	1049149680
8109	9	1049665776
8110	9	1053311216
8111	9	1053311472
8112	9	1057284336
8113	9	1057505520
8114	9	1057538288
8115	9	1057542384
8116	9	1057899248
8117	9	1058541808
8118	9	1058574576
8119	9	1058576624
8120	9	1058673392
8121	9	1061961968
8122	9	1062736112
8123	9	1065771248
8124	9	1065894128
8125	9	1065894384
8126	9	1066156272
8127	9	1067190512
8128	9	1069965552
8129	9	1069965808
8130	9	1070088432
8131	9	1070088688
8132	9	1070350576
8133	9	1070350832
8134	9	1070481648
8135	9	1152934128
8136	9	1152967920
8137	9	1153033968
8138	9	1160900848
8139	9	1161060592
8140	9	1161094384
8141	9	1161126640
8142	9	1161160432
8143	9	1169252592
8144	9	1169286384
8145	9	1169768688
8146	9	1169769712
8147	9	1169802480
8148	9	1186554096
8149	9	1186555120
8150	9	1186587888
8151	9	1193631984
8152	9	1193665776
8153	9	1193890032
8154	9	1193923824
8155	9	1194946800
8156	9	1194980592
8157	9	1195132144
8158	9	1195198192
8159	9	1199404272
8160	9	1200178416
8161	9	1202275568
8162	9	1202275824
8163	9	1203324144
8164	9	1203332336
8165	9	1203594480
8166	9	1227972848
8167	9	1228005616
8168	9	1228006640
8169	9	1228038368
8170	9	1228423408
8171	9	1228457200
8172	9	1228523248
8173	9	1232298208
8174	9	1232300256
8175	9	1232334048
8176	9	1232685280
8177	9	1245208816
8178	9	1245242608
8179	9	1245308656
8180	9	1249470688
8181	9	1260994800
8182	9	1260995824
8183	9	1261028592
8184	9	1261527280
8185	9	1261561072
8186	9	1262043376
8187	9	1262044400
8188	9	1262051568
8189	9	1262052592
8190	9	1262055664
8191	9	1262077168
8192	9	1262085360
8193	9	1262089456
8194	9	1265323232
8195	9	1266371808
8196	9	1266380000
8197	9	1266509040
8198	9	1270441200
8199	9	1292951776
8200	9	1295081712
8201	9	1295114480
8202	9	1295147232
8203	9	1295180000
8204	9	1295532272
8205	9	1295566064
8206	9	1295598320
8207	9	1297244384
8208	9	1297278176
8209	9	1297629408
8210	9	1299310816
8211	9	1299341536
8212	9	1299407072
8213	9	1299439840
8214	9	1299726560
8215	9	1299794144
8216	9	1299826912
8217	9	1299857632
8218	9	1312317680
8219	9	1312351472
8220	9	1312352480
8221	9	1314414816
8222	9	1316511968
8223	9	1316512224
8224	9	1316579552
8225	9	1316612320
8226	9	1316643040
8227	9	1325940960
8228	9	1325940976
8229	9	1325974768
8230	9	1326040816
8231	9	1326989536
8232	9	1326989552
8233	9	1326997728
8234	9	1326997744
8235	9	1327023344
8236	9	1327031536
8237	9	1327089392
8238	9	1327097584
8239	9	1328038128
8240	9	1328038384
8241	9	1328071920
8242	9	1328072176
8243	9	1328103664
8244	9	1328136432
8245	9	1328169184
8246	9	1328171232
8247	9	1328205024
8248	9	1328636144
8249	9	1328668912
8250	9	1328701664
8251	9	1329086704
8252	9	1329094896
8253	9	1329120496
8254	9	1329128688
8255	9	1329152240
8256	9	1329160432
8257	9	1329164528
8258	9	1329185008
8259	9	1329193200
8260	9	1329197296
8261	9	1329199344
8262	9	1329217760
8263	9	1329219808
8264	9	1329225952
8265	9	1329228000
8266	9	1329230048
8267	9	1329230064
8268	9	1329253600
8269	9	1329261792
8270	9	1329263856
8271	9	1329357040
8272	9	1329390832
8273	9	1330202848
8274	9	1331315936
8275	9	1332300000
8276	9	1332300256
8277	9	1332429024
8278	9	1332961504
8279	9	1333348576
8280	9	1333356768
8281	9	1333358832
8282	9	1333477600
8283	9	1333485792
8284	9	1333489888
8285	9	1333616880
8286	9	1333618912
8287	9	1337549040
8288	9	1339647216
8289	9	1353801968
8290	9	1353835760
8291	9	1354286320
8292	9	1357996272
8293	9	1358030064
8294	9	1358129376
8295	9	1358163168
8296	9	1358512368
8297	9	1358513392
8298	9	1358514400
8299	9	1358546160
8300	9	1360019680
8301	9	1360019696
8302	9	1360053488
8303	9	1360119536
8304	9	1362116848
8305	9	1362150640
8306	9	1362182384
8307	9	1362183408
8308	9	1362186480
8309	9	1362215152
8310	9	1362216176
8311	9	1362216688
8312	9	1362216944
8313	9	1362220272
8314	9	1362221296
8315	9	1362247904
8316	9	1362249952
8317	9	1362252016
8318	9	1362283744
8319	9	1362285808
8320	9	1362351856
8321	9	1362378992
8322	9	1362412784
8323	9	1362478832
8324	9	1366378720
8325	9	1366507744
8326	9	1366509792
8327	9	1366510816
8328	9	1366513888
8329	9	1366543584
8330	9	1366638832
8331	9	1366639856
8332	9	1366672624
8333	9	1370570992
8334	9	1370572016
8335	9	1370604784
8336	9	1372669168
8337	9	1374766320
8338	9	1374766576
8339	9	1374899424
8340	9	1376372464
8341	9	1376796896
8342	9	1376796912
8343	9	1376830704
8344	9	1376896752
8345	9	1378246896
8346	9	1378280688
8347	9	1378346736
8348	9	1378369776
8349	9	1378403568
8350	9	1378469616
8351	9	1378500832
8352	9	1378502880
8353	9	1378504944
8354	9	1378536672
8355	9	1378538736
8356	9	1378604784
8357	9	1378631920
8358	9	1378665712
8359	9	1378731760
8360	9	1378894064
8361	9	1378927856
8362	9	1378955504
8363	9	1378959600
8364	9	1378960624
8365	9	1378967792
8366	9	1378989296
8367	9	1378992368
8368	9	1378993392
8369	9	1378993904
8370	9	1378994160
8371	9	1379000560
8372	9	1379001584
8373	9	1379004656
8374	9	1379025120
8375	9	1379027168
8376	9	1379033312
8377	9	1379060960
8378	9	1379164400
8379	9	1379198192
8380	9	1379264240
8381	9	1379418352
8382	9	1379426544
8383	9	1379452144
8384	9	1379456240
8385	9	1379460336
8386	9	1379518192
8387	9	1379526384
8388	9	1382375664
8389	9	1382409456
8390	9	1382631648
8391	9	1382633712
8392	9	1382667504
8393	9	1382893792
8394	9	1383147744
8395	9	1383155936
8396	9	1383284960
8397	9	1383287008
8398	9	1383288032
8399	9	1383293152
8400	9	1383295200
8401	9	1383297248
8402	9	1383320800
8403	9	1383328992
8404	9	1383424240
8405	9	1383425264
8406	9	1383426272
8407	9	1383458032
8408	9	1383680224
8409	9	1383688416
8410	9	1383690480
8411	9	1383724272
8412	9	1383875824
8413	9	1383941872
8414	9	1386823920
8415	9	1386824944
8416	9	1386857712
8417	9	1387356400
8418	9	1387390192
8419	9	1387872496
8420	9	1387873520
8421	9	1387880688
8422	9	1387881712
8423	9	1387884784
8424	9	1387906288
8425	9	1387914480
8426	9	1387918576
8427	9	1388922096
8428	9	1391019248
8429	9	1391019504
8430	9	1391152352
8431	9	1392067824
8432	9	1392076016
8433	9	1392200928
8434	9	1392209120
8435	9	1392211184
8436	9	1392338160
8437	9	1395736816
8438	9	1395737840
8439	9	1395745008
8440	9	1395770608
8441	9	1395778800
8442	9	1396065520
8443	9	1396131568
8444	9	1396261104
8445	9	1396262128
8446	9	1396265200
8447	9	1396267248
8448	9	1396294896
8449	9	1396298992
8450	9	1396301040
8451	9	1396458736
8452	9	1396524784
8453	9	1400065248
8454	9	1400202480
8455	9	1400589536
8456	9	1400718576
8457	9	1402029296
8458	9	1404126448
8459	9	1404126704
8460	9	1404396784
8461	9	1404650736
8462	9	1404912880
8463	9	1404914928
8464	9	1420910832
8465	9	1420943600
8466	9	1420976352
8467	9	1421361392
8468	9	1421395184
8469	9	1421427440
8470	9	1423107296
8471	9	1425236192
8472	9	1425623264
8473	9	1427128544
8474	9	1429295344
8475	9	1429356768
8476	9	1429358816
8477	9	1429392608
8478	9	1429487856
8479	9	1429521648
8480	9	1429553904
8481	9	1431322848
8482	9	1431453920
8483	9	1431458016
8484	9	1431487712
8485	9	1431491808
8486	9	1431584992
8487	9	1433420000
8488	9	1433420256
8489	9	1433487584
8490	9	1433520352
8491	9	1433551072
8492	9	1433616608
8493	9	1433649376
8494	9	1433813216
8495	9	1435517152
8496	9	1435517168
8497	9	1435550960
8498	9	1435617008
8499	9	1437614320
8500	9	1437614576
8501	9	1437648112
8502	9	1437648368
8503	9	1437679856
8504	9	1437712624
8505	9	1437745376
8506	9	1437747424
8507	9	1437781216
8508	9	1439779040
8509	9	1441876192
8510	9	1441876448
8511	9	1442005216
8512	9	1443905760
8513	9	1443938528
8514	9	1443946720
8515	9	1444006624
8516	9	1445609696
8517	9	1445611744
8518	9	1445645536
8519	9	1445740784
8520	9	1445774576
8521	9	1445806832
8522	9	1446064368
8523	9	1446113520
8524	9	1446129888
8525	9	1446133984
8526	9	1446136032
8527	9	1446142176
8528	9	1446161632
8529	9	1446166752
8530	9	1446169824
8531	9	1446174944
8532	9	1446179040
8533	9	1446243040
8534	9	1446273264
8535	9	1446307056
8536	9	1446308064
8537	9	1446562016
8538	9	1446565104
8539	9	1447575776
8540	9	1447837920
8541	9	1448100064
8542	9	1448231136
8543	9	1448239328
8544	9	1448264928
8545	9	1448273120
8546	9	1448305376
8547	9	1448339168
8548	9	1448370400
8549	9	1448624352
8550	9	1448632544
8551	9	1448666336
8552	9	1449519328
8553	9	1449550048
8554	9	1449672928
8555	9	1449673184
8556	9	1449740512
8557	9	1449773280
8558	9	1449804000
8559	9	1449808096
8560	9	1449935072
8561	9	1450002656
8562	9	1450035424
8563	9	1450066144
8564	9	1450197216
8565	9	1450197472
8566	9	1450256608
8567	9	1450264800
8568	9	1450297568
8569	9	1450305760
8570	9	1450328288
8571	9	1450336480
8572	9	1450370272
8573	9	1450393824
8574	9	1450402016
8575	9	1450402528
8576	9	1450402784
8577	9	1450406112
8578	9	1450426592
8579	9	1450434784
8580	9	1450438880
8581	9	1450467552
8582	9	1450467808
8583	9	1450535136
8584	9	1450567904
8585	9	1450598624
8586	9	1450721504
8587	9	1450729696
8588	9	1450729952
8589	9	1450789088
8590	9	1450797280
8591	9	1450821856
8592	9	1450830048
8593	9	1450834144
8594	9	1450852576
8595	9	1450860768
8596	9	1450864864
8597	9	1450898656
8598	9	1450983648
8599	9	1450985696
8600	9	1450991840
8601	9	1450995936
8602	9	1450995952
8603	9	1451019488
8604	9	1451029744
8605	9	1451770080
8606	9	1451770096
8607	9	1451803888
8608	9	1451869936
8609	9	1452818656
8610	9	1452818672
8611	9	1452826848
8612	9	1452826864
8613	9	1452852464
8614	9	1452860656
8615	9	1452918512
8616	9	1452926704
8617	9	1453867248
8618	9	1453867504
8619	9	1453901040
8620	9	1453901296
8621	9	1453932784
8622	9	1453965552
8623	9	1453998304
8624	9	1454000352
8625	9	1454034144
8626	9	1454465264
8627	9	1454498032
8628	9	1454530784
8629	9	1454550240
8630	9	1454915824
8631	9	1454924016
8632	9	1454924272
8633	9	1454949616
8634	9	1454957808
8635	9	1454958064
8636	9	1454981360
8637	9	1454989552
8638	9	1454993648
8639	9	1455014128
8640	9	1455022320
8641	9	1455026416
8642	9	1455028464
8643	9	1455046880
8644	9	1455048928
8645	9	1455055072
8646	9	1455057120
8647	9	1455059168
8648	9	1455059184
8649	9	1455082720
8650	9	1455090912
8651	9	1455092976
8652	9	1455186160
8653	9	1455219952
8654	9	1456031968
8655	9	1457086688
8656	9	1457122528
8657	9	1457145056
8658	9	1458129120
8659	9	1458129376
8660	9	1458258144
8661	9	1458645216
8662	9	1458645472
8663	9	1458790624
8664	9	1459177696
8665	9	1459185888
8666	9	1459186144
8667	9	1459187952
8668	9	1459306720
8669	9	1459314912
8670	9	1459319008
8671	9	1459446000
8672	9	1459448032
8673	9	1460682976
8674	9	1461044976
8675	9	1461207264
8676	9	1462890736
8677	9	1462911200
8678	9	1462913248
8679	9	1462919392
8680	9	1462947040
8681	9	1463050480
8682	9	1463084272
8683	9	1463116528
8684	9	1463175392
8685	9	1463183584
8686	9	1463185648
8687	9	1463219440
8688	9	1463251696
8689	9	1463374064
8690	9	1463406832
8691	9	1463435488
8692	9	1463437536
8693	9	1463439584
8694	9	1463471328
8695	9	1463566576
8696	9	1463567600
8697	9	1463568608
8698	9	1463600368
8699	9	1464944864
8700	9	1465533664
8701	9	1467042016
8702	9	1467042272
8703	9	1467171040
8704	9	1467179232
8705	9	1467183328
8706	9	1467312352
8707	9	1467376864
8708	9	1467566304
8709	9	1467695328
8710	9	1467699424
8711	9	1467828448
8712	9	1469137136
8713	9	1469138160
8714	9	1469139168
8715	9	1469145328
8716	9	1469170928
8717	9	1469179120
8718	9	1469859056
8719	9	1469925104
8720	9	1471234288
8721	9	1471234544
8722	9	1471242480
8723	9	1471242736
8724	9	1471367392
8725	9	1471375584
8726	9	1471377648
8727	9	1471504624
8728	9	1471758576
8729	9	1471764720
8730	9	1471956208
8731	9	1472020720
8732	9	1472087280
8733	9	1472089312
8734	9	1473602800
8735	9	1494237424
8736	9	1494271216
8737	9	1494337264
8738	9	1496334576
8739	9	1496368368
8740	9	1496400112
8741	9	1496432880
8742	9	1496467680
8743	9	1500727520
8744	9	1510590192
8745	9	1511040240
8746	9	1512587504
8747	9	1512621296
8748	9	1512720608
8749	9	1513137392
8750	9	1513185520
8751	9	1513218288
8752	9	1513636080
8753	9	1513644272
8754	9	1513669872
8755	9	1513678064
8756	9	1513702128
8757	9	1517512928
8758	9	1517908208
8759	9	1517997280
8760	9	1518007536
8761	9	1518134512
8762	9	1519935728
8763	9	1519969520
8764	9	1520035568
8765	9	1522032880
8766	9	1522033136
8767	9	1522066672
8768	9	1522066928
8769	9	1522098416
8770	9	1522100464
8771	9	1522131184
8772	9	1522133232
8773	9	1522163952
8774	9	1522165984
8775	9	1522197744
8776	9	1526292720
8777	9	1526425824
8778	9	1527791856
8779	9	1527825648
8780	9	1527891696
8781	9	1528316144
8782	9	1528349936
8783	9	1528415984
8784	9	1529889008
8785	9	1529889264
8786	9	1529922800
8787	9	1529923056
8788	9	1529954544
8789	9	1529962736
8790	9	1529987312
8791	9	1529995504
8792	9	1529999600
8793	9	1530022112
8794	9	1530159344
8795	9	1530193136
8796	9	1530225392
8797	9	1530290416
8798	9	1530292448
8799	9	1530324208
8800	9	1530413296
8801	9	1530447088
8802	9	1530478832
8803	9	1530484976
8804	9	1530511600
8805	9	1530546400
8806	9	1530675440
8807	9	1530676464
8808	9	1530677488
8809	9	1530709232
8810	9	1530711280
8811	9	1530808048
8812	9	1532053728
8813	9	1532773616
8814	9	1532839664
8815	9	1534281952
8816	9	1534290144
8817	9	1534292208
8818	9	1534419184
8819	9	1534806240
8820	9	1534870768
8821	9	1534935280
8822	9	1535003872
8823	9	1536254192
8824	9	1536287984
8825	9	1536902896
8826	9	1538351344
8827	9	1538351600
8828	9	1538482416
8829	9	1538867440
8830	9	1538869488
8831	9	1538934000
8832	9	1540965616
8833	9	1561346288
8834	9	1561379056
8835	9	1561380080
8836	9	1561381088
8837	9	1561445104
8838	9	1563443440
8839	9	1563476208
8840	9	1563576544
8841	9	1563609312
8842	9	1565540576
8843	9	1565671648
8844	9	1565737696
8845	9	1567768800
8846	9	1577698032
8847	9	1578149104
8848	9	1578150112
8849	9	1578164464
8850	9	1578230512
8851	9	1579696368
8852	9	1579729136
8853	9	1579829472
8854	9	1579862240
8855	9	1580261616
8856	9	1580394720
8857	9	1580744944
8858	9	1580753136
8859	9	1580777712
8860	9	1580785904
8861	9	1580790000
8862	9	1581793504
8863	9	1581990624
8864	9	1582457056
8865	9	1582490848
8866	9	1582842080
8867	9	1582850272
8868	9	1582877920
8869	9	1584021728
8870	9	1584554208
8871	9	1585070304
8872	9	1585078496
8873	9	1585082592
8874	9	1585209584
8875	9	1587044592
8876	9	1587078384
8877	9	1589141744
8878	9	1589274848
8879	9	1591238880
8880	9	1591238896
8881	9	1591272688
8882	9	1591369952
8883	9	1593336048
8884	9	1593336304
8885	9	1593467104
8886	9	1594900720
8887	9	1594934512
8888	9	1595425008
8889	9	1595458800
8890	9	1595459808
8891	9	1595462896
8892	9	1595491056
8893	9	1596997872
8894	9	1596998128
8895	9	1597130976
8896	9	1597268208
8897	9	1597399280
8898	9	1597401312
8899	9	1597522160
8900	9	1597655264
8901	9	1597688032
8902	9	1597784304
8903	9	1599095008
8904	9	1599095264
8905	9	1599162592
8906	9	1599195360
8907	9	1599203552
8908	9	1599205616
8909	9	1599226080
8910	9	1599234272
8911	9	1599268064
8912	9	1599300320
8913	9	1599365344
8914	9	1599365360
8915	9	1599399152
8916	9	1599431408
8917	9	1599619296
8918	9	1599750368
8919	9	1599881440
8920	9	1599881456
8921	9	1599882480
8922	9	1599883488
8923	9	1599915248
8924	9	1599917280
8925	9	1601323232
8926	9	1601323488
8927	9	1601331424
8928	9	1601331680
8929	9	1601462512
8930	9	1601462768
8931	9	1601593568
8932	9	1601847520
8933	9	1601978608
8934	9	1601980640
8935	9	1602109664
8936	9	1603363056
8937	9	1603395824
8938	9	1603428576
8939	9	1603813616
8940	9	1603847408
8941	9	1605910768
8942	9	1605911024
8943	9	1606043872
8944	9	1607557360
8945	9	1607557616
8946	9	1607688416
8947	9	1608073456
8948	9	1608075488
8949	9	1626956016
8950	9	1626957040
8951	9	1626989808
8952	9	1627964656
8953	9	1630061808
8954	9	1630093552
8955	9	1630127344
8956	9	1630194912
8957	9	1630196976
8958	9	1630323952
8959	9	1630617840
8960	9	1630618864
8961	9	1630626032
8962	9	1630651632
8963	9	1630659824
8964	9	1631110384
8965	9	1634291952
8966	9	1634325744
8967	9	1634418912
8968	9	1634420960
8969	9	1634425056
8970	9	1634454752
8971	9	1634550000
8972	9	1634551024
8973	9	1634552032
8974	9	1634583792
8975	9	1634814176
8976	9	1634945248
8977	9	1634946272
8978	9	1634953440
8979	9	1634979040
8980	9	1635082480
8981	9	1635083504
8982	9	1635116272
8983	9	1635534064
8984	9	1635600112
8985	9	1638482160
8986	9	1638515952
8987	9	1639014640
8988	9	1639048432
8989	9	1639530736
8990	9	1639531760
8991	9	1639564528
8992	9	1643726064
8993	9	1643859168
8994	9	1646805232
8995	9	1646839024
8996	9	1646905072
8997	9	1646938336
8998	9	1647075568
8999	9	1647109360
9000	9	1647175408
9001	9	1647386864
9002	9	1647419632
9003	9	1647420656
9004	9	1647452384
9005	9	1647845616
9006	9	1647879408
9007	9	1647945456
9008	9	1651067104
9009	9	1651131616
9010	9	1651337440
9011	9	1651401952
9012	9	1651712224
9013	9	1651714272
9014	9	1651748064
9015	9	1652107488
9016	9	1652109552
9017	9	1652143344
9018	9	1652303088
9019	9	1652369136
9020	9	1655267568
9021	9	1655301360
9022	9	1656299760
9023	9	1656300784
9024	9	1656333552
9025	9	1660495088
9026	9	1660628192
9027	9	1663394032
9028	9	1663427824
9029	9	1663647984
9030	9	1663649008
9031	9	1663652080
9032	9	1663681776
9033	9	1663685872
9034	9	1663976688
9035	9	1664042736
9036	9	1664164080
9037	9	1664168176
9038	9	1664197872
9039	9	1664201968
9040	9	1664492784
9041	9	1664558832
9042	9	1667976416
9043	9	1668105456
9044	9	1668621552
9045	9	1669940464
9046	9	1672037616
9047	9	1672037872
9048	9	1689805040
9049	9	1689838832
9050	9	1694066912
9051	9	1695564000
9052	9	1697267936
9053	9	1697399024
9054	9	1697432816
9055	9	1697465072
9056	9	1697771760
9057	9	1697792224
9058	9	1697794272
9059	9	1697800416
9060	9	1697828064
9061	9	1697931504
9062	9	1697965296
9063	9	1698223344
9064	9	1699398880
9065	9	1699402976
9066	9	1699823840
9067	9	1699832032
9068	9	1699859680
9069	9	1699923168
9070	9	1701527776
9071	9	1701660896
9072	9	1701923040
9073	9	1702052064
9074	9	1702060256
9075	9	1702064352
9076	9	1702193376
9077	9	1702447328
9078	9	1702451424
9079	9	1702677728
9080	9	1703462128
9081	9	1704476896
9082	9	1704510704
9083	9	1705559280
9084	9	1705559536
9085	9	1705591024
9086	9	1705656544
9087	9	1706123504
9088	9	1706189024
9089	9	1706607856
9090	9	1706639600
9091	9	1706705120
9092	9	1706707168
9093	9	1706740960
9094	9	1707690208
9095	9	1708736736
9096	9	1708772576
9097	9	1708803296
9098	9	1709916384
9099	9	1710448864
9100	9	1710835936
9101	9	1710964960
9102	9	1714047200
9103	9	1714184432
9104	9	1714218224
9105	9	1714561248
9106	9	1714597088
9107	9	1714992368
9108	9	1716011232
9109	9	1716281568
9110	9	1716315360
9111	9	1716658400
9112	9	1716692192
9113	9	1717051616
9114	9	1718108384
9115	9	1718108640
9116	9	1718175968
9117	9	1718208736
9118	9	1718216928
9119	9	1718239456
9120	9	1718240480
9121	9	1718247648
9122	9	1718281440
9123	9	1718378720
9124	9	1718378976
9125	9	1718446304
9126	9	1718479072
9127	9	1718509792
9128	9	1718510816
9129	9	1718724832
9130	9	1718755552
9131	9	1718821088
9132	9	1718853856
9133	9	1719148768
9134	9	1719216352
9135	9	1719249120
9136	9	1719253216
9137	9	1719279840
9138	9	1719283936
9139	9	1719410912
9140	9	1719412960
9141	9	1719446752
9142	9	1721245920
9143	9	1721245936
9144	9	1721279728
9145	9	1721345776
9146	9	1722376432
9147	9	1722409200
9148	9	1722441952
9149	9	1723343088
9150	9	1723376880
9151	9	1723408624
9152	9	1723441392
9153	9	1723474144
9154	9	1723476192
9155	9	1723509984
9156	9	1725572320
9157	9	1726701792
9158	9	1727604960
9159	9	1727733984
9160	9	1728594144
9161	9	1728956144
9162	9	1729472240
9163	9	1730502896
9164	9	1730535664
9165	9	1730568416
9166	9	1730760944
9167	9	1730822368
9168	9	1730824416
9169	9	1730858208
9170	9	1730890464
9171	9	1730953456
9172	9	1730987248
9173	9	1731086560
9174	9	1731277040
9175	9	1731309808
9176	9	1731338464
9177	9	1731342560
9178	9	1731469552
9179	9	1731503344
9180	9	1731600608
9181	9	1731602656
9182	9	1731636448
9183	9	1732856032
9184	9	1733372128
9185	9	1734828256
9186	9	1734953184
9187	9	1734953440
9188	9	1735017696
9189	9	1735017952
9190	9	1735082208
9191	9	1735215328
9192	9	1735598304
9193	9	1735602400
9194	9	1735731424
9195	9	1737048304
9196	9	1737049328
9197	9	1737050336
9198	9	1737082096
9199	9	1737114848
9200	9	1737564400
9201	9	1737598192
9202	9	1739145456
9203	9	1739145712
9204	9	1739278560
9205	9	1739661552
9206	9	1739661808
9207	9	1739794656
9208	9	1764311280
9209	9	1764344048
9210	9	1764843760
9211	9	1764876528
9212	9	1765294320
9213	9	1765328112
9214	9	1765360368
9215	9	1768638688
9216	9	1769171168
9217	9	1769655520
9218	9	1782063344
9219	9	1782097136
9220	9	1782129392
9221	9	1786424544
9222	9	1795703024
9223	9	1795736816
9224	9	1795802864
9225	9	1797800176
9226	9	1797800432
9227	9	1797833968
9228	9	1797834224
9229	9	1797865712
9230	9	1797898480
9231	9	1797933280
9232	9	1798381808
9233	9	1798414576
9234	9	1799964896
9235	9	1800029408
9236	9	1802193120
9237	9	1802709216
9238	9	1829290224
9239	9	1829356272
9240	9	1829822704
9241	9	1829888752
9242	9	1831387376
9243	9	1831520480
9244	9	1831919856
9245	9	1832052960
9246	9	1832403184
9247	9	1832435952
9248	9	1833582816
9249	9	1833648864
9250	9	1834084576
9251	9	1834115296
9252	9	1834149088
9253	9	1834500320
9254	9	1834536160
9255	9	1835679968
9256	9	1836212448
9257	9	1836728544
9258	9	1846141680
9259	9	1848172784
9260	9	1849172208
9261	9	1849204976
9262	9	1851269344
9263	9	1851305184
9264	9	1852465376
9265	9	1853497568
9266	9	1862811888
9267	9	1862845680
9268	9	1863361776
9269	9	1864909040
9270	9	1864909296
9271	9	1865042144
9272	9	1867006176
9273	9	1867006432
9274	9	1867073760
9275	9	1867106528
9276	9	1867137248
9277	9	1867138272
9278	9	1867622624
9279	9	1867653344
9280	9	1869234400
9281	9	1869234656
9282	9	1869750496
9283	9	1869750752
9284	9	1885692144
9285	9	1885724912
9286	9	1885950192
9287	9	1886142704
9288	9	1886176496
9289	9	1886208752
9290	9	1886515440
9291	9	1886675184
9292	9	1886708976
9293	9	1886967024
9294	9	1887977712
9295	9	1888011504
9296	9	1888077552
9297	9	1890074864
9298	9	1890108656
9299	9	1890140400
9300	9	1890173168
9301	9	1890207968
9302	9	1890672880
9303	9	1890705648
9304	9	1891123440
9305	9	1891131632
9306	9	1891157232
9307	9	1891165424
9308	9	1891189488
9309	9	1893254384
9310	9	1894334704
9311	9	1894467808
9312	9	1894867184
9313	9	1895000288
9314	9	1895351536
9315	9	1895383280
9316	9	1895391472
9317	9	1895395568
9318	9	1895484640
9319	9	1895621872
9320	9	1896204016
9321	9	1896890608
9322	9	1896912112
9323	9	1896924400
9324	9	1896990448
9325	9	1898332400
9326	9	1898334432
9327	9	1898366192
9328	9	1898398448
9329	9	1898987760
9330	9	1899021552
9331	9	1899043056
9332	9	1899053296
9333	9	1899057392
9334	9	1899061488
9335	9	1899086064
9336	9	1899092208
9337	9	1899094256
9338	9	1899098352
9339	9	1899120864
9340	9	1899122928
9341	9	1899156720
9342	9	1899249904
9343	9	1899258096
9344	9	1899283696
9345	9	1899291888
9346	9	1899315952
9347	9	1899512048
9348	9	1899545840
9349	9	1899549936
9350	9	1899578096
9351	9	1901152480
9352	9	1901380848
9353	9	1903380704
9354	9	1903388896
9355	9	1903509744
9356	9	1903517936
9357	9	1903522032
9358	9	1903775984
9359	9	1903873248
9360	9	1903969520
9361	9	1904002288
9362	9	1905837296
9363	9	1907441904
9364	9	1907450096
9365	9	1907712240
9366	9	1907714288
9367	9	1907811568
9368	9	1907934448
9369	9	1907966192
9370	9	1907972336
9371	9	1908163824
9372	9	1908196592
9373	9	1908198640
9374	9	1909539056
9375	9	1909540080
9376	9	1909541088
9377	9	1909547248
9378	9	1909572848
9379	9	1909581040
9380	9	1910260976
9381	9	1910327024
9382	9	1911636208
9383	9	1911636464
9384	9	1911644400
9385	9	1911644656
9386	9	1911769312
9387	9	1911777504
9388	9	1911779568
9389	9	1911906544
9390	9	1912037616
9391	9	1912039648
9392	9	1912160496
9393	9	1912166640
9394	9	1912358128
9395	9	1912422640
9396	9	1912489200
9397	9	1912491232
9398	9	1913243376
9399	9	1913693424
9400	9	1915117808
9401	9	1915151600
9402	9	1915240688
9403	9	1915274480
9404	9	1915375856
9405	9	1915409648
9406	9	1915502832
9407	9	1915536624
9408	9	1915568880
9409	9	1915790576
9410	9	1915822320
9411	9	1915826416
9412	9	1915855088
9413	9	1915859184
9414	9	1915861232
9415	9	1915925744
9416	9	1916018928
9417	9	1916052720
9418	9	1916084976
9419	9	1916312816
9420	9	1918149872
9421	9	1919246576
9422	9	1919504624
9423	9	1919730928
9424	9	1919864032
9425	9	1920020720
9426	9	1920149728
9427	9	1920153824
9428	9	1920247024
9429	9	1920278768
9430	9	1920380128
9431	9	1921565936
9432	9	1923663088
9433	9	1923663344
9434	9	1923694832
9435	9	1924210928
9436	9	1925791984
9437	9	1925793008
9438	9	1925794016
9439	9	1925825776
9440	9	1925858528
9441	9	1926308080
9442	9	1926341872
9443	9	1927889136
9444	9	1927889392
9445	9	1928022240
9446	9	1928405232
9447	9	1928405488
9448	9	1928538336
9449	9	1929889520
9450	9	1929920752
9451	9	1929954544
9452	9	1930020592
9453	9	1930282736
9454	9	1930957040
9455	9	1930990832
9456	9	1931056880
9457	9	1931735280
9458	9	1931829488
9459	9	1931862256
9460	9	1931895024
9461	9	1931928816
9462	9	1932017904
9463	9	1932018160
9464	9	1932051696
9465	9	1932051952
9466	9	1932083440
9467	9	1932087536
9468	9	1932116208
9469	9	1932120304
9470	9	1932122352
9471	9	1932151008
9472	9	1932153072
9473	9	1932186864
9474	9	1932280048
9475	9	1932313840
9476	9	1932411120
9477	9	1932412144
9478	9	1932417248
9479	9	1932417264
9480	9	1932444912
9481	9	1932451056
9482	9	1933054192
9483	9	1933087984
9484	9	1933119728
9485	9	1933121776
9486	9	1933152496
9487	9	1933154544
9488	9	1933185264
9489	9	1933186288
9490	9	1933187296
9491	9	1933219056
9492	9	1933926640
9493	9	1933960432
9494	9	1934182624
9495	9	1934184688
9496	9	1934218480
9497	9	1936023792
9498	9	1936024048
9499	9	1936156896
9500	9	1936281840
9501	9	1936282096
9502	9	1936410848
9503	9	1936414944
9504	9	1936539888
9505	9	1937314032
9506	9	1937447136
9507	9	1938120944
9508	9	1938154736
9509	9	1938374896
9510	9	1938375920
9511	9	1938378992
9512	9	1938408688
9513	9	1938412784
9514	9	1938769648
9515	9	1939606768
9516	9	1939672816
9517	9	1940218096
9518	9	1940218352
9519	9	1940349168
9520	9	1940472048
9521	9	1940472304
9522	9	1940476144
9523	9	1940476400
9524	9	1940734192
9525	9	1940736240
9526	9	1940800752
9527	9	1941703920
9528	9	1941768432
9529	9	1942447344
9530	9	1942570224
9531	9	1942570480
9532	9	1942703328
9533	9	1942705392
9534	9	1942832368
9535	9	1955086576
9536	9	1955119344
9537	9	1955120368
9538	9	1955121376
9539	9	1955185392
9540	9	1955651824
9541	9	1955717872
9542	9	1957183728
9543	9	1957216496
9544	9	1957316832
9545	9	1957349600
9546	9	1957748976
9547	9	1957882080
9548	9	1958232304
9549	9	1958240496
9550	9	1958265072
9551	9	1958273264
9552	9	1958277360
9553	9	1959280864
9554	9	1959411936
9555	9	1959477984
9556	9	1959913696
9557	9	1959944416
9558	9	1959978208
9559	9	1960329440
9560	9	1960337632
9561	9	1960365280
9562	9	1961509088
9563	9	1962041568
9564	9	1962557664
9565	9	1962565856
9566	9	1962569952
9567	9	1962696944
9568	9	1963311856
9569	9	1964020976
9570	9	1964034272
9571	9	1964036336
9572	9	1964102384
9573	9	1965443296
9574	9	1965476064
9575	9	1966229728
9576	9	1966262496
9577	9	1966270688
9578	9	1966358768
9579	9	1966366960
9580	9	1966391536
9581	9	1966399728
9582	9	1966403824
9583	9	1966657776
9584	9	1966883568
9585	9	1968193760
9586	9	1968261344
9587	9	1968294112
9588	9	1968324832
9589	9	1968328928
9590	9	1968333024
9591	9	1968366816
9592	9	1968390880
9593	9	1968464096
9594	9	1968718048
9595	9	1968753888
9596	9	1970421984
9597	9	1970430176
9598	9	1970692320
9599	9	1970946272
9600	9	1970950368
9601	9	1971079392
9602	9	1972388080
9603	9	1972421872
9604	9	1972658416
9605	9	1972692208
9606	9	1972912368
9607	9	1972946160
9608	9	1972950256
9609	9	1972978416
9610	9	1974485232
9611	9	1974485488
9612	9	1974618336
9613	9	1974755568
9614	9	1974886640
9615	9	1974888672
9616	9	1975009520
9617	9	1975142624
9618	9	1975271664
9619	9	1976649952
9620	9	1977174240
9621	9	1977369840
9622	9	1977402608
9623	9	1977404640
9624	9	1980097264
9625	9	1980355312
9626	9	1980803296
9627	9	1980805360
9628	9	1980871408
9629	9	1982128368
9630	9	1982386416
9631	9	1982611696
9632	9	1982644464
9633	9	1982902512
9634	9	1983031520
9635	9	1983035616
9636	9	1983127792
9637	9	1983160560
9638	9	1984446688
9639	9	1984643808
9640	9	1984708832
9641	9	1984744672
9642	9	1985093856
9643	9	1985097952
9644	9	1985131744
9645	9	1985159904
9646	9	1985224928
9647	9	1985260768
9648	9	1986420960
9649	9	1986674912
9650	9	1986937056
9651	9	1987191008
9652	9	1987195104
9653	9	1987453152
9654	9	1988641008
9655	9	1988674800
9656	9	1989190896
9657	9	1990738160
9658	9	1990738416
9659	9	1990871264
9660	9	1992902880
9661	9	1992967392
9662	9	1997357808
9663	9	1998065904
9664	9	1998099696
9665	9	1998131952
9666	9	1999259872
9667	9	1999388912
9668	9	1999526112
9669	9	2000163056
9670	9	2000296160
9671	9	2001070304
9672	9	2001101024
9673	9	2001134816
9674	9	2001223904
9675	9	2001224160
9676	9	2001291488
9677	9	2001324256
9678	9	2001328352
9679	9	2001354976
9680	9	2001359072
9681	9	2001392864
9682	9	2001486048
9683	9	2002260192
9684	9	2002391264
9685	9	2003198176
9686	9	2003198432
9687	9	2003452128
9688	9	2003452384
9689	9	2003456224
9690	9	2003456480
9691	9	2003714272
9692	9	2004488416
9693	9	2005135600
9694	9	2005229808
9695	9	2005262576
9696	9	2005295328
9697	9	2005295344
9698	9	2005329136
9699	9	2005418224
9700	9	2005418480
9701	9	2005452016
9702	9	2005452272
9703	9	2005483760
9704	9	2005487856
9705	9	2005516528
9706	9	2005522672
9707	9	2005549280
9708	9	2005551328
9709	9	2005553392
9710	9	2005585120
9711	9	2005587184
9712	9	2005680368
9713	9	2005714160
9714	9	2007392496
9715	9	2007392752
9716	9	2007515376
9717	9	2007515632
9718	9	2007648480
9719	9	2007648736
9720	9	2007650544
9721	9	2007650800
9722	9	2007777520
9723	9	2007777776
9724	9	2007908592
9725	9	2007910624
9726	9	2009424112
9727	9	2009424368
9728	9	2009555168
9729	9	2009680096
9730	9	2009680352
9731	9	2009682160
9732	9	2009682416
9733	9	2009809120
9734	9	2009940208
9735	9	2009942240
9736	9	2021191920
9737	9	2025349360
9738	9	2025382128
9739	9	2025384176
9740	9	2027446512
9741	9	2027480304
9742	9	2029543664
9743	9	2029676768
9744	9	2031108336
9745	9	2031141104
9746	9	2031142128
9747	9	2031149296
9748	9	2031207152
9749	9	2031215344
9750	9	2033205488
9751	9	2033238256
9752	9	2033246448
9753	9	2033381616
9754	9	2033475824
9755	9	2033508592
9756	9	2033510640
9757	9	2033729776
9758	9	2033762544
9759	9	2033768688
9760	9	2033992432
9761	9	2035433696
9762	9	2035435744
9763	9	2035441888
9764	9	2035469536
9765	9	2035572976
9766	9	2035606768
9767	9	2035864816
9768	9	2037532896
9769	9	2037670128
9770	9	2037803232
9771	9	2038057184
9772	9	2038186224
9773	9	2040021232
9774	9	2040055024
9775	9	2040057072
9776	9	2040087280
9777	9	2041733360
9778	9	2042118384
9779	9	2042249456
9780	9	2043764976
9781	9	2044249328
9782	9	2044382432
9783	9	2047460080
9784	9	2047910128
9785	9	2047911152
9786	9	2047976176
9787	9	2049458416
9788	9	2049491184
9789	9	2050007280
9790	9	2052202720
9791	9	2052238560
9792	9	2053785824
9793	9	2064138480
9794	9	2064172272
9795	9	2064466672
9796	9	2065210608
9797	9	2066112752
9798	9	2066235632
9799	9	2066235888
9800	9	2066370800
9801	9	2066497776
9802	9	2066628848
9803	9	2067532016
9804	9	2068144368
9805	9	2068402416
9806	9	2068501744
9807	9	2068628720
9808	9	2072207600
9809	9	2072240368
9810	9	2072527088
9811	9	2072527344
9812	9	2072560880
9813	9	2072561136
9814	9	2072592624
9815	9	2072594672
9816	9	2072625392
9817	9	2072627440
9818	9	2072658160
9819	9	2072660192
9820	9	2072691952
9821	9	2073561328
9822	9	2073595120
9823	9	2074624240
9824	9	2074624496
9825	9	2074755312
9826	9	2074755568
9827	9	2075658480
9828	9	2075658736
9829	9	2076786928
9830	9	2076787184
9831	9	2076920032
9832	9	2090394352
9833	9	2094555376
9834	9	2094588144
9835	9	2094590176
9836	9	2098217200
9837	9	2098249968
9838	9	2098250480
9839	9	2098250736
9840	9	2098258160
9841	9	2098383584
9842	9	2098520816
9843	9	2098774768
9844	9	2102446304
9845	9	2102542560
9846	9	2102550752
9847	9	2102575328
9848	9	2102583520
9849	9	2102587616
9850	9	2102681840
9851	9	2102714608
9852	9	2102716640
9853	9	2102970592
9854	9	2102974688
9855	9	2103067360
9856	9	2103198448
9857	9	2106646768
9858	9	2107130096
9859	9	2107162864
9860	9	2110939360
9861	9	2111324400
9862	9	2111455456
9863	9	2114503408
9864	9	2114636512
9865	9	2115018992
9866	9	2118699232
9867	9	2119215328
9868	9	2119311584
9869	9	2119344352
9870	9	2131026160
9871	9	2131247344
9872	9	2131280112
9873	9	2131284208
9874	9	2131641072
9875	9	2135318752
9876	9	2135572704
9877	9	2135576800
9878	9	2135703792
9879	9	2139635952
9880	9	2139636208
9881	9	2139769056
9882	9	2143830256
9883	9	2143830512
9884	9	2143961312
9885	9	2143961568
9886	9	2260033776
9887	9	2260067568
9888	9	2260300016
9889	9	2260333808
9890	9	2276812016
9891	9	2277328112
9892	9	2293358832
9893	9	2297520368
9894	9	2297554160
9895	9	2298038496
9896	9	2299543792
9897	9	2299577584
9898	9	2299643632
9899	9	2301640944
9900	9	2301674736
9901	9	2301706480
9902	9	2301707504
9903	9	2301739248
9904	9	2301740272
9905	9	2301740784
9906	9	2301741040
9907	9	2301774048
9908	9	2306033888
9909	9	2315896560
9910	9	2316346608
9911	9	2317893872
9912	9	2317927664
9913	9	2317993712
9914	9	2318026976
9915	9	2318443760
9916	9	2318491888
9917	9	2318524656
9918	9	2318525680
9919	9	2318942448
9920	9	2318950640
9921	9	2318976240
9922	9	2318984432
9923	9	2319042288
9924	9	2319050480
9925	9	2322819296
9926	9	2322948336
9927	9	2322950368
9928	9	2322982128
9929	9	2323204320
9930	9	2323214576
9931	9	2323248368
9932	9	2326348016
9933	9	2326349040
9934	9	2326381808
9935	9	2326880496
9936	9	2326914288
9937	9	2327404784
9938	9	2327405808
9939	9	2327406832
9940	9	2327438576
9941	9	2327440624
9942	9	2328446192
9943	9	2330543344
9944	9	2330543600
9945	9	2331591920
9946	9	2331600112
9947	9	2331862256
9948	9	2335260912
9949	9	2335261936
9950	9	2335269104
9951	9	2335294704
9952	9	2335302896
9953	9	2335785200
9954	9	2335786224
9955	9	2335789296
9956	9	2335791344
9957	9	2335818992
9958	9	2335823088
9959	9	2335825136
9960	9	2335982832
9961	9	2336048880
9962	9	2339726576
9963	9	2340242672
9964	9	2344174832
9965	9	2360467696
9966	9	2360500448
9967	9	2364664032
9968	9	2364694752
9969	9	2365147360
9970	9	2365180128
9971	9	2368882912
9972	9	2370846944
9973	9	2370978016
9974	9	2371011808
9975	9	2373044448
9976	9	2373075168
9977	9	2385135840
9978	9	2385832160
9979	9	2386086112
9980	9	2387099872
9981	9	2387763424
9982	9	2387797216
9983	9	2387829472
9984	9	2388148448
9985	9	2388156640
9986	9	2389043424
9987	9	2389297376
9988	9	2389328096
9989	9	2389860576
9990	9	2390059232
9991	9	2390092000
9992	9	2390122720
9993	9	2390313184
9994	9	2390345952
9995	9	2390354144
9996	9	2390376672
9997	9	2390384864
9998	9	2390388960
9999	9	2391294192
10000	9	2391327984
10001	9	2391360240
10002	9	2391394032
10003	9	2392350960
10004	9	2392384752
10005	9	2392450800
10006	9	2393391344
10007	9	2393391600
10008	9	2393425136
10009	9	2393425392
10010	9	2393456880
10011	9	2393457392
10012	9	2393457648
10013	9	2393489648
10014	9	2393522400
10015	9	2393524448
10016	9	2393558240
10017	9	2393989360
10018	9	2394022128
10019	9	2394054880
10020	9	2394074336
10021	9	2394439920
10022	9	2394448112
10023	9	2394448368
10024	9	2394473712
10025	9	2394481904
10026	9	2394482160
10027	9	2394513648
10028	9	2394546416
10029	9	2394570976
10030	9	2394581216
10031	9	2394583264
10032	9	2394606816
10033	9	2394710256
10034	9	2394744048
10035	9	2395556064
10036	9	2396072160
10037	9	2398701792
10038	9	2398712048
10039	9	2398970096
10040	9	2398972128
10041	9	2402414832
10042	9	2402435296
10043	9	2402437344
10044	9	2402443488
10045	9	2402471136
10046	9	2402574576
10047	9	2402608368
10048	9	2402640624
10049	9	2402707680
10050	9	2402898160
10051	9	2402930928
10052	9	2402961632
10053	9	2403090672
10054	9	2403091696
10055	9	2403092704
10056	9	2403124464
10057	9	2404468960
10058	9	2405057760
10059	9	2407090400
10060	9	2407352544
10061	9	2408669424
10062	9	2408703216
10063	9	2410766576
10064	9	2410766832
10065	9	2410899680
10066	9	2411028720
10067	9	2411282672
10068	9	2427535600
10069	9	2427536624
10070	9	2427569392
10071	9	2431731936
10072	9	2431863008
10073	9	2431864032
10074	9	2431896800
10075	9	2450538720
10076	9	2451849456
10077	9	2451883248
10078	9	2451949296
10079	9	2451982560
10080	9	2452689136
10081	9	2452705520
10082	9	2452721904
10083	9	2452722928
10084	9	2452738288
10085	9	2452739312
10086	9	2452746480
10087	9	2452754656
10088	9	2452766944
10089	9	2452768992
10090	9	2452771040
10091	9	2452775136
10092	9	2452802784
10093	9	2452898032
10094	9	2452906224
10095	9	2452931824
10096	9	2452940016
10097	9	2452997872
10098	9	2453006064
10099	9	2456111328
10100	9	2456897760
10101	9	2457014496
10102	9	2457016544
10103	9	2457026784
10104	9	2457028832
10105	9	2457029856
10106	9	2457030880
10107	9	2457032928
10108	9	2457034976
10109	9	2457037024
10110	9	2457039072
10111	9	2457050336
10112	9	2457062624
10113	9	2457066720
10114	9	2457070816
10115	9	2457159904
10116	9	2457168096
10117	9	2457170160
10118	9	2457203952
10119	9	2457422048
10120	9	2461090032
10121	9	2461091056
10122	9	2461098224
10123	9	2461123824
10124	9	2461132016
10125	9	2461360368
10126	9	2461361392
10127	9	2461362416
10128	9	2461394160
10129	9	2461396208
10130	9	2461614320
10131	9	2461615344
10132	9	2461618416
10133	9	2461620464
10134	9	2461648112
10135	9	2461652208
10136	9	2461654256
10137	9	2461811952
10138	9	2461878000
10139	9	2465418464
10140	9	2465555696
10141	9	2465688800
10142	9	2465942752
10143	9	2466071792
10144	9	2469482736
10145	9	2469516528
10146	9	2473807072
10147	9	2473940208
10148	9	2475771120
10149	9	2477868272
10150	9	2477868528
10151	9	2478003440
10152	9	2478130416
10153	9	2492481760
10154	9	2494709984
10155	9	2494712032
10156	9	2494745824
10157	9	2496840928
10158	9	2498840800
10159	9	2498969824
10160	9	2517647584
10161	9	2517680352
10162	9	2517684448
10163	9	2517748448
10164	9	2519091424
10165	9	2519863520
10166	9	2519875808
10167	9	2519877856
10168	9	2519879904
10169	9	2519884000
10170	9	2519899360
10171	9	2519908576
10172	9	2519911648
10173	9	2519912672
10174	9	2519980768
10175	9	2520041696
10176	9	2521055456
10177	9	2521841888
10178	9	2521960672
10179	9	2521972960
10180	9	2521977056
10181	9	2521981152
10182	9	2521994464
10183	9	2522006752
10184	9	2522010848
10185	9	2522014944
10186	9	2522043104
10187	9	2522104032
10188	9	2522112224
10189	9	2522366176
10190	9	2523152608
10191	9	2523152864
10192	9	2523220192
10193	9	2523252960
10194	9	2523283680
10195	9	2523939040
10196	9	2523939296
10197	9	2524006624
10198	9	2524027104
10199	9	2524039392
10200	9	2524043488
10201	9	2524047584
10202	9	2524057824
10203	9	2524070112
10204	9	2524074208
10205	9	2524078304
10206	9	2524123360
10207	9	2524135648
10208	9	2524139744
10209	9	2524140256
10210	9	2524140512
10211	9	2524143840
10212	9	2524147936
10213	9	2524156128
10214	9	2524168416
10215	9	2524172512
10216	9	2524176608
10217	9	2524180704
10218	9	2524201184
10219	9	2524209376
10220	9	2524209632
10221	9	2524268768
10222	9	2524276960
10223	9	2524301536
10224	9	2524309728
10225	9	2524313824
10226	9	2524332256
10227	9	2524340448
10228	9	2524344544
10229	9	2524463328
10230	9	2524530912
10231	9	2524563680
10232	9	2524567776
10233	9	2524594400
10234	9	2524598496
10235	9	2524725472
10236	9	2524727520
10237	9	2524729568
10238	9	2524761312
10239	9	2526036192
10240	9	2526306528
10241	9	2526306544
10242	9	2526340336
10243	9	2526406384
10244	9	2526560480
10245	9	2528243952
10246	9	2528264416
10247	9	2528266464
10248	9	2528272608
10249	9	2528300256
10250	9	2528403696
10251	9	2528437488
10252	9	2528469232
10253	9	2528502000
10254	9	2528534752
10255	9	2528536800
10256	9	2528570592
10257	9	2528602848
10258	9	2528727280
10259	9	2528760048
10260	9	2528788704
10261	9	2528790752
10262	9	2528792800
10263	9	2528824544
10264	9	2528919792
10265	9	2528920816
10266	9	2528921824
10267	9	2528953584
10268	9	2530298080
10269	9	2530886880
10270	9	2532395232
10271	9	2532395488
10272	9	2532524256
10273	9	2532532448
10274	9	2532536544
10275	9	2532665568
10276	9	2532794592
10277	9	2532919520
10278	9	2533048544
10279	9	2533052640
10280	9	2533181664
10281	9	2534424800
10282	9	2536653024
10283	9	2536655072
10284	9	2536657120
10285	9	2536688864
10286	9	2536788208
10287	9	2536822000
10288	9	2536917216
10289	9	2536921312
10290	9	2538686688
10291	9	2540783840
10292	9	2540784096
10293	9	2540912864
10294	9	2540916960
10295	9	2541045984
10296	9	2541050080
10297	9	2542880992
10298	9	2542883056
10299	9	2542916848
10300	9	2544980208
10301	9	2544980464
10302	9	2545109216
10303	9	2545113312
10304	9	2545238256
10305	9	2584756464
10306	9	2584790256
10307	9	2584856304
10308	9	2586853616
10309	9	2586887408
10310	9	2586919152
10311	9	2586927344
10312	9	2586951920
10313	9	2586960112
10314	9	2586964208
10315	9	2586986720
10316	9	2587123952
10317	9	2587157744
10318	9	2587377904
10319	9	2587411696
10320	9	2587415792
10321	9	2587443952
10322	9	2589254896
10323	9	2591246560
10324	9	2591254752
10325	9	2591352048
10326	9	2591383792
10327	9	2591641840
10328	9	2591739104
10329	9	2591835376
10330	9	2591868144
10331	9	2593384176
10332	9	2593669360
10333	9	2593703152
10334	9	2593769200
10335	9	2595315952
10336	9	2595348720
10337	9	2595578096
10338	9	2595610864
10339	9	2595612912
10340	9	2595643632
10341	9	2595677424
10342	9	2595766512
10343	9	2595800304
10344	9	2595832048
10345	9	2595864816
10346	9	2595897584
10347	9	2595898608
10348	9	2595899616
10349	9	2595931376
10350	9	2597413104
10351	9	2597446896
10352	9	2597931232
10353	9	2599510256
10354	9	2599510512
10355	9	2599643360
10356	9	2599772400
10357	9	2599903472
10358	9	2599905504
10359	9	2600026352
10360	9	2600159456
10361	9	2601533680
10362	9	2601567472
10363	9	2601633520
10364	9	2601895664
10365	9	2603630832
10366	9	2603631088
10367	9	2603664624
10368	9	2603664880
10369	9	2603696368
10370	9	2603700464
10371	9	2603729136
10372	9	2603733232
10373	9	2603735280
10374	9	2603763936
10375	9	2603766000
10376	9	2603799792
10377	9	2603892976
10378	9	2603926768
10379	9	2603928816
10380	9	2604024048
10381	9	2604025072
10382	9	2604057840
10383	9	2605795552
10384	9	2605797616
10385	9	2605831408
10386	9	2607894768
10387	9	2607895024
10388	9	2608023776
10389	9	2608027872
10390	9	2608152816
10391	9	2609987824
10392	9	2609988848
10393	9	2610021616
10394	9	2612084976
10395	9	2612085232
10396	9	2614183152
10397	9	2614183408
10398	9	2614316256
10399	9	2651900128
10400	9	2654095584
10401	9	2654128352
10402	9	2654136544
10403	9	2654232816
10404	9	2654265584
10405	9	2654523632
10406	9	2654749424
10407	9	2656059616
10408	9	2656190688
10409	9	2656198880
10410	9	2656232672
10411	9	2656256736
10412	9	2656329952
10413	9	2656583904
10414	9	2656619744
10415	9	2658287840
10416	9	2658296032
10417	9	2658558176
10418	9	2658812128
10419	9	2658816224
10420	9	2658945248
10421	9	2660778224
10422	9	2660812016
10423	9	2660844272
10424	9	2662752496
10425	9	2662875376
10426	9	2663008480
10427	9	2664556768
10428	9	2664587488
10429	9	2664621280
10430	9	2664849632
10431	9	2664972512
10432	9	2665040096
10433	9	2665072864
10434	9	2665103584
10435	9	2666684640
10436	9	2666684896
10437	9	2666946784
10438	9	2667200736
10439	9	2668970736
10440	9	2670872800
10441	9	2671001840
10442	9	2672836832
10443	9	2672837088
10444	9	2672904416
10445	9	2672937184
10446	9	2672941280
10447	9	2672967904
10448	9	2672972000
10449	9	2673005792
10450	9	2673038048
10451	9	2673098976
10452	9	2675065056
10453	9	2675065312
10454	9	2675069152
10455	9	2675069408
10456	9	2675327200
10457	9	2677031152
10458	9	2677031408
10459	9	2677064944
10460	9	2677065200
10461	9	2677096688
10462	9	2677129456
10463	9	2677162208
10464	9	2677164256
10465	9	2677198048
10466	9	2679128304
10467	9	2679128560
10468	9	2679261408
10469	9	2679261664
10470	9	2681293024
10471	9	2681293280
10472	9	2681422048
10473	9	2695446768
10474	9	2695447792
10475	9	2695480560
10476	9	2695979248
10477	9	2696013040
10478	9	2696463600
10479	9	2699554016
10480	9	2699643104
10481	9	2699774176
10482	9	2699775200
10483	9	2699807968
10484	9	2700306656
10485	9	2700435696
10486	9	2700469488
10487	9	2700701936
10488	9	2700735728
10489	9	2703541488
10490	9	2704347376
10491	9	2704363760
10492	9	2704381168
10493	9	2704397552
10494	9	2704590064
10495	9	2704598256
10496	9	2707769568
10497	9	2708556000
10498	9	2708672736
10499	9	2708674784
10500	9	2708687072
10501	9	2708688096
10502	9	2708691168
10503	9	2708693216
10504	9	2708695264
10505	9	2708697312
10506	9	2708708576
10507	9	2708720864
10508	9	2708729056
10509	9	2708826336
10510	9	2708828400
10511	9	2708862192
10512	9	2709080288
10513	9	2712748272
10514	9	2712749296
10515	9	2712756464
10516	9	2712782064
10517	9	2712790256
10518	9	2713018608
10519	9	2713019632
10520	9	2713020656
10521	9	2713052400
10522	9	2713054448
10523	9	2713272560
10524	9	2713273584
10525	9	2713276656
10526	9	2713278704
10527	9	2713306352
10528	9	2713310448
10529	9	2713312496
10530	9	2713470192
10531	9	2713536240
10532	9	2717076704
10533	9	2717213936
10534	9	2717347040
10535	9	2717600992
10536	9	2717730032
10537	9	2720409824
10538	9	2720680160
10539	9	2720809200
10540	9	2720817392
10541	9	2720842992
10542	9	2720851184
10543	9	2720909040
10544	9	2720917232
10545	9	2721132784
10546	9	2721165552
10547	9	2721166576
10548	9	2721194208
10549	9	2721198304
10550	9	2721325296
10551	9	2721359088
10552	9	2721425136
10553	9	2721583344
10554	9	2721617136
10555	9	2721683184
10556	9	2724808928
10557	9	2724873440
10558	9	2725071072
10559	9	2725081328
10560	9	2725115120
10561	9	2725454048
10562	9	2725456096
10563	9	2725458144
10564	9	2725460192
10565	9	2725489888
10566	9	2725493984
10567	9	2725587168
10568	9	2725845216
10569	9	2729001200
10570	9	2729002224
10571	9	2729034992
10572	9	2729517296
10573	9	2729551088
10574	9	2729779440
10575	9	2729780464
10576	9	2729813232
10577	9	2729846000
10578	9	2729912048
10579	9	2730047728
10580	9	2730081520
10581	9	2733329632
10582	9	2733974768
10583	9	2734107872
10584	9	2737127664
10585	9	2737128688
10586	9	2737135856
10587	9	2737161456
10588	9	2737169648
10589	9	2737393904
10590	9	2737427696
10591	9	2737901808
10592	9	2737910000
10593	9	2737935600
10594	9	2737943792
10595	9	2738426096
10596	9	2738427120
10597	9	2738459888
10598	9	2738623728
10599	9	2738689776
10600	9	2741456096
10601	9	2741718240
10602	9	2741851376
10603	9	2742754528
10604	9	2742883568
10605	9	2743682288
10606	9	2745656560
10607	9	2745779440
10608	9	2745779696
10609	9	2745914608
10610	9	2746041584
10611	9	2746430704
10612	9	2746815728
10613	9	2760392928
10614	9	2762334448
10615	9	2762621152
10616	9	2762623200
10617	9	2762656992
10618	9	2763153632
10619	9	2764752096
10620	9	2765185248
10621	9	2766627040
10622	9	2766751968
10623	9	2766880992
10624	9	2767413472
10625	9	2767800544
10626	9	2767808736
10627	9	2769305824
10628	9	2770749664
10629	9	2771521760
10630	9	2771534048
10631	9	2771536096
10632	9	2771538144
10633	9	2771542240
10634	9	2771557600
10635	9	2771569888
10636	9	2773565664
10637	9	2773569760
10638	9	2773601504
10639	9	2773652704
10640	9	2773664992
10641	9	2773673184
10642	9	2774878432
10643	9	2775664864
10644	9	2775781600
10645	9	2775793888
10646	9	2775797984
10647	9	2775802080
10648	9	2775806176
10649	9	2775927008
10650	9	2775935200
10651	9	2776189152
10652	9	2776419552
10653	9	2777694432
10654	9	2777964768
10655	9	2777964784
10656	9	2777998576
10657	9	2778064624
10658	9	2778218720
10659	9	2779902192
10660	9	2779922656
10661	9	2779924704
10662	9	2779930848
10663	9	2779958496
10664	9	2780061936
10665	9	2780095728
10666	9	2780127472
10667	9	2780160240
10668	9	2780192992
10669	9	2780195040
10670	9	2780228832
10671	9	2780261088
10672	9	2780385520
10673	9	2780418288
10674	9	2780446944
10675	9	2780448992
10676	9	2780451040
10677	9	2780482784
10678	9	2780578032
10679	9	2780579056
10680	9	2780580064
10681	9	2780611824
10682	9	2781956320
10683	9	2782545120
10684	9	2784053472
10685	9	2784053728
10686	9	2784182496
10687	9	2784190688
10688	9	2784194784
10689	9	2784323808
10690	9	2784452832
10691	9	2784577760
10692	9	2784706784
10693	9	2784710880
10694	9	2784839904
10695	9	2787518688
10696	9	2787789024
10697	9	2788303072
10698	9	2788307168
10699	9	2788338912
10700	9	2789753056
10701	9	2790015200
10702	9	2790023392
10703	9	2790400224
10704	9	2790404320
10705	9	2790434016
10706	9	2790438112
10707	9	2790504160
10708	9	2790531296
10709	9	2790789344
10710	9	2791696608
10711	9	2791727328
10712	9	2791761120
10713	9	2791850208
10714	9	2791850464
10715	9	2791917792
10716	9	2791950560
10717	9	2791954656
10718	9	2791981280
10719	9	2791982304
10720	9	2791985376
10721	9	2792019168
10722	9	2792112352
10723	9	2792179936
10724	9	2792212704
10725	9	2792243424
10726	9	2792251616
10727	9	2792255712
10728	9	2792466656
10729	9	2792470752
10730	9	2792497376
10731	9	2792501472
10732	9	2792535264
10733	9	2792562912
10734	9	2792567008
10735	9	2792595680
10736	9	2792599776
10737	9	2792628448
10738	9	2792696032
10739	9	2792728800
10740	9	2792759520
10741	9	2792886496
10742	9	2792954080
10743	9	2792986848
10744	9	2793017568
10745	9	2793947360
10746	9	2794317552
10747	9	2794725600
10748	9	2794725616
10749	9	2794759408
10750	9	2794825456
10751	9	2795888880
10752	9	2795921632
10753	9	2796175584
10754	9	2796177632
10755	9	2796211424
10756	9	2796243680
10757	9	2796447968
10758	9	2796691680
10759	9	2796822768
10760	9	2796856560
10761	9	2796888304
10762	9	2796921072
10763	9	2796953824
10764	9	2796955872
10765	9	2796989664
10766	9	2798209248
10767	9	2798725344
10768	9	2799052000
10769	9	2800181472
10770	9	2800306400
10771	9	2800306656
10772	9	2800370912
10773	9	2800371168
10774	9	2800435424
10775	9	2800951520
10776	9	2801084640
10777	9	2801213664
10778	9	2802073824
10779	9	2802335968
10780	9	2803372256
10781	9	2804281584
10782	9	2804302048
10783	9	2804304096
10784	9	2804310240
10785	9	2804337888
10786	9	2804370144
10787	9	2804564192
10788	9	2804566240
10789	9	2804568288
10790	9	2804600032
10791	9	2804699376
10792	9	2804733168
10793	9	2804828384
10794	9	2804832480
10795	9	2805076192
10796	9	2805116128
10797	9	2805249264
10798	9	2805600480
10799	9	2805602528
10800	9	2805636320
10801	9	2805731568
10802	9	2805732592
10803	9	2805733600
10804	9	2805765360
10805	9	2806335712
10806	9	2806597856
10807	9	2807109856
10808	9	2807113952
10809	9	2807698656
10810	9	2808432864
10811	9	2808433120
10812	9	2808497376
10813	9	2808497632
10814	9	2808561888
10815	9	2808570080
10816	9	2808574176
10817	9	2808695008
10818	9	2808695264
10819	9	2808824032
10820	9	2808828128
10821	9	2808957152
10822	9	2808961248
10823	9	2809336032
10824	9	2809731296
10825	9	2809860320
10826	9	2809993440
10827	9	2810536176
10828	9	2810569968
10829	9	2810792160
10830	9	2810794224
10831	9	2810828016
10832	9	2811310320
10833	9	2811344112
10834	9	2812633328
10835	9	2812633584
10836	9	2812766432
10837	9	2812891376
10838	9	2812891632
10839	9	2813020384
10840	9	2813024480
10841	9	2813149424
10842	9	2813407472
10843	9	2813407728
10844	9	2813923568
10845	9	2825249008
10846	9	2829598960
10847	9	2829632752
10848	9	2830148848
10849	9	2830229744
10850	9	2830655728
10851	9	2830689520
10852	9	2833858800
10853	9	2834391280
10854	9	2834524384
10855	9	2834875632
10856	9	2834915568
10857	9	2835008736
10858	9	2835145968
10859	9	2836414704
10860	9	2836448496
10861	9	2836514544
10862	9	2838511856
10863	9	2838545648
10864	9	2838577392
10865	9	2838585584
10866	9	2838610160
10867	9	2838618352
10868	9	2838622448
10869	9	2838644960
10870	9	2838782192
10871	9	2838815984
10872	9	2839036144
10873	9	2839069936
10874	9	2839074032
10875	9	2839102192
10876	9	2840676576
10877	9	2840913136
10878	9	2842904800
10879	9	2842912992
10880	9	2843010288
10881	9	2843042032
10882	9	2843300080
10883	9	2843397344
10884	9	2843493616
10885	9	2843526384
10886	9	2845361392
10887	9	2846974192
10888	9	2847236336
10889	9	2847335664
10890	9	2847458544
10891	9	2847490288
10892	9	2847556848
10893	9	2847589616
10894	9	2849071344
10895	9	2849105136
10896	9	2849589472
10897	9	2851168496
10898	9	2851168752
10899	9	2851301600
10900	9	2851430640
10901	9	2851561712
10902	9	2851563744
10903	9	2851684592
10904	9	2851817696
10905	9	2852767472
10906	9	2853217520
10907	9	2854764784
10908	9	2854798576
10909	9	2855035120
10910	9	2855068912
10911	9	2855314672
10912	9	2855346416
10913	9	2855379184
10914	9	2855543024
10915	9	2855576816
10916	9	2855609072
10917	9	2855843056
10918	9	2857166064
10919	9	2857673968
10920	9	2859294960
10921	9	2859673824
10922	9	2859771120
10923	9	2859802864
10924	9	2859904224
10925	9	2861056240
10926	9	2861090032
10927	9	2861156080
10928	9	2861295344
10929	9	2861803248
10930	9	2863153392
10931	9	2863153648
10932	9	2863187184
10933	9	2863187440
10934	9	2863218928
10935	9	2863251696
10936	9	2863286496
10937	9	2863554800
10938	9	2863588592
10939	9	2863735024
10940	9	2863767792
10941	9	2865316080
10942	9	2865317104
10943	9	2865318112
10944	9	2865349872
10945	9	2865382624
10946	9	2865832176
10947	9	2865865968
10948	9	2867413232
10949	9	2867413488
10950	9	2867546336
10951	9	2867929328
10952	9	2867929584
10953	9	2868062432
10954	9	2869444848
10955	9	2869478640
10956	9	2869544688
10957	9	2869806832
10958	9	2869994736
10959	9	2870481136
10960	9	2870514928
10961	9	2870580976
10962	9	2871259376
10963	9	2871353584
10964	9	2871386352
10965	9	2871388400
10966	9	2871419120
10967	9	2871452912
10968	9	2871485168
10969	9	2871542000
10970	9	2871542256
10971	9	2871575792
10972	9	2871576048
10973	9	2871607536
10974	9	2871611632
10975	9	2871640304
10976	9	2871644400
10977	9	2871646448
10978	9	2871675104
10979	9	2871677168
10980	9	2871710960
10981	9	2871804144
10982	9	2871837936
10983	9	2871839984
10984	9	2871935216
10985	9	2871936240
10986	9	2871969008
10987	9	2872091888
10988	9	2872092144
10989	9	2872127728
10990	9	2872162544
10991	9	2872193264
10992	9	2872227056
10993	9	2872356080
10994	9	2872578288
10995	9	2872612080
10996	9	2872643824
10997	9	2872645872
10998	9	2872676592
10999	9	2872678640
11000	9	2872709360
11001	9	2872710384
11002	9	2872711392
11003	9	2872743152
11004	9	2873450736
11005	9	2873484528
11006	9	2873706720
11007	9	2873708784
11008	9	2873742576
11009	9	2874222816
11010	9	2874224880
11011	9	2874258672
11012	9	2875547888
11013	9	2875548144
11014	9	2875680992
11015	9	2875805936
11016	9	2875806192
11017	9	2875934944
11018	9	2875939040
11019	9	2876063984
11020	9	2876322032
11021	9	2876322288
11022	9	2876838128
11023	9	2876971232
11024	9	2877898992
11025	9	2877900016
11026	9	2877932784
11027	9	2879873264
11028	9	2879996144
11029	9	2879996400
11030	9	2882094320
11031	9	2882094576
11032	9	2882227424
11033	9	2896707824
11034	9	2896740592
11035	9	2897273072
11036	9	2897406176
11037	9	2897764592
11038	9	2897797360
11039	9	2898804960
11040	9	2899002080
11041	9	2899437792
11042	9	2899502304
11043	9	2899853536
11044	9	2899861728
11045	9	2899889376
11046	9	2901033184
11047	9	2901565664
11048	9	2902081760
11049	9	2902089952
11050	9	2902094048
11051	9	2902221040
11052	9	2903558368
11053	9	2905753824
11054	9	2905786592
11055	9	2905794784
11056	9	2905891056
11057	9	2905923824
11058	9	2906181872
11059	9	2906407664
11060	9	2907717856
11061	9	2907785440
11062	9	2907818208
11063	9	2907848928
11064	9	2907857120
11065	9	2907890912
11066	9	2907914976
11067	9	2907988192
11068	9	2908242144
11069	9	2908277984
11070	9	2909946080
11071	9	2909954272
11072	9	2910216416
11073	9	2910470368
11074	9	2910474464
11075	9	2910603488
11076	9	2912436464
11077	9	2912470256
11078	9	2912502512
11079	9	2914410736
11080	9	2914533616
11081	9	2914666720
11082	9	2916279520
11083	9	2916698336
11084	9	2920327392
11085	9	2922047712
11086	9	2922143984
11087	9	2922176752
11088	9	2922555616
11089	9	2922651888
11090	9	2922684656
11091	9	2923970784
11092	9	2924167904
11093	9	2924617952
11094	9	2924684000
11095	9	2924749024
11096	9	2924784864
11097	9	2925945056
11098	9	2926199008
11099	9	2926715104
11100	9	2926977248
11101	9	2928165104
11102	9	2928198896
11103	9	2928714992
11104	9	2930262256
11105	9	2930262512
11106	9	2930395360
11107	9	2930663664
11108	9	2932359392
11109	9	2932359648
11110	9	2932426976
11111	9	2932459744
11112	9	2932490464
11113	9	2932491488
11114	9	2932975840
11115	9	2933006560
11116	9	2934587616
11117	9	2934587872
11118	9	2935103712
11119	9	2935103968
11120	9	2936881904
11121	9	2937590000
11122	9	2937623792
11123	9	2937624800
11124	9	2937656048
11125	9	2938783968
11126	9	2938913008
11127	9	2939687152
11128	9	2939820256
11129	9	2939853024
11130	9	2940594400
11131	9	2940625120
11132	9	2940658912
11133	9	2940691168
11134	9	2940748000
11135	9	2940748256
11136	9	2940815584
11137	9	2940848352
11138	9	2940852448
11139	9	2940879072
11140	9	2940883168
11141	9	2940916960
11142	9	2940949216
11143	9	2941010144
11144	9	2941331680
11145	9	2941399264
11146	9	2941784288
11147	9	2941915360
11148	9	2942722272
11149	9	2942722528
11150	9	2942976224
11151	9	2942976480
11152	9	2942980320
11153	9	2942980576
11154	9	2943238368
11155	9	2944012512
11156	9	2944786672
11157	9	2944819424
11158	9	2944942320
11159	9	2944942576
11160	9	2944976112
11161	9	2944976368
11162	9	2945007856
11163	9	2945040624
11164	9	2945073376
11165	9	2945075424
11166	9	2945109216
11167	9	2945492208
11168	9	2945492464
11169	9	2945625312
11170	9	2947039472
11171	9	2947039728
11172	9	2947172576
11173	9	2947172832
11174	9	2949079264
11175	9	2949204192
11176	9	2949204448
11177	9	2949333216
11178	9	2949720288
11179	9	2949720544
11180	9	2962243824
11181	9	2962277616
11182	9	2962343664
11183	9	2964340976
11184	9	2964374768
11185	9	2964406512
11186	9	2964414704
11187	9	2964439280
11188	9	2964447472
11189	9	2964451568
11190	9	2964474080
11191	9	2964611312
11192	9	2964645104
11193	9	2964865264
11194	9	2964899056
11195	9	2964903152
11196	9	2964931312
11197	9	2966505696
11198	9	2968733920
11199	9	2968742112
11200	9	2968871152
11201	9	2969129200
11202	9	2969226464
11203	9	2969322736
11204	9	2969355504
11205	9	2972799216
11206	9	2972831984
11207	9	2972862688
11208	9	2972991728
11209	9	2972995824
11210	9	2973025520
11211	9	2973029616
11212	9	2973057776
11213	9	2977122528
11214	9	2977126624
11215	9	2977255664
11216	9	2977352928
11217	9	2979316976
11218	9	2981183728
11219	9	2981187824
11220	9	2981414128
11221	9	2981445872
11222	9	2981512432
11223	9	2981545200
11224	9	2983282912
11225	9	2983284976
11226	9	2983318768
11227	9	2985382128
11228	9	2985382384
11229	9	2985511136
11230	9	2985515232
11231	9	2985640176
11232	9	2986723056
11233	9	2987431152
11234	9	2988720368
11235	9	2988754160
11236	9	2989115616
11237	9	2989244656
11238	9	2989248752
11239	9	2989278448
11240	9	2989282544
11241	9	2989310704
11242	9	2989528304
11243	9	2989560048
11244	9	2989568240
11245	9	2989592816
11246	9	2989798640
11247	9	2990018800
11248	9	2990052592
11249	9	2990084848
11250	9	2993508592
11251	9	2993605856
11252	9	2993887456
11253	9	2993895648
11254	9	2994380000
11255	9	2994476272
11256	9	2994509040
11257	9	2996344048
11258	9	2997182704
11259	9	2997436656
11260	9	2997440752
11261	9	2997667056
11262	9	2997765360
11263	9	2997798128
11264	9	2997956848
11265	9	2998441200
11266	9	2998472944
11267	9	2998474992
11268	9	2998539504
11269	9	2998572272
11270	9	2999279856
11271	9	2999313648
11272	9	2999535840
11273	9	2999537904
11274	9	2999571696
11275	9	3000051936
11276	9	3000054000
11277	9	3000087792
11278	9	3001377008
11279	9	3001377264
11280	9	3001510112
11281	9	3001635056
11282	9	3001635312
11283	9	3001764064
11284	9	3001768160
11285	9	3001893104
11286	9	3002151152
11287	9	3002151408
11288	9	3002667248
11289	9	3003400432
11290	9	3003434224
11291	9	3003500272
11292	9	3004536560
11293	9	3005497584
11294	9	3005497840
11295	9	3005531376
11296	9	3005531632
11297	9	3005563120
11298	9	3005567216
11299	9	3005595888
11300	9	3005599984
11301	9	3005602032
11302	9	3005630688
11303	9	3005632752
11304	9	3005666544
11305	9	3006337264
11306	9	3006370032
11307	9	3006533872
11308	9	3006567664
11309	9	3006664944
11310	9	3006665968
11311	9	3006698736
11312	9	3007662304
11313	9	3007664368
11314	9	3007698160
11315	9	3007726816
11316	9	3009761520
11317	9	3009761776
11318	9	3009890528
11319	9	3009894624
11320	9	3010664672
11321	9	3010793712
11322	9	3011727600
11323	9	3011761392
11324	9	3011854576
11325	9	3011855600
11326	9	3011856624
11327	9	3011888368
11328	9	3011890416
11329	9	3012628720
11330	9	3012630768
11331	9	3012662512
11332	9	3012664560
11333	9	3013824752
11334	9	3013825008
11335	9	3013951728
11336	9	3013951984
11337	9	3013953776
11338	9	3013954032
11339	9	3014082800
11340	9	3014725872
11341	9	3014726128
11342	9	3014727920
11343	9	3014728176
11344	9	3014856944
11345	9	3016049904
11346	9	3016050160
11347	9	3016183008
11348	9	3029387488
11349	9	3031582944
11350	9	3031615712
11351	9	3031623904
11352	9	3031720176
11353	9	3031752944
11354	9	3032010992
11355	9	3032236784
11356	9	3033546976
11357	9	3033614560
11358	9	3033647328
11359	9	3033655520
11360	9	3033678048
11361	9	3033686240
11362	9	3033720032
11363	9	3033744096
11364	9	3033817312
11365	9	3034071264
11366	9	3034107104
11367	9	3035775200
11368	9	3035783392
11369	9	3036045536
11370	9	3036299488
11371	9	3036303584
11372	9	3036432608
11373	9	3037776096
11374	9	3039971552
11375	9	3040004320
11376	9	3040008416
11377	9	3040104688
11378	9	3040137456
11379	9	3041935584
11380	9	3042066656
11381	9	3042070752
11382	9	3042104544
11383	9	3042132704
11384	9	3042197728
11385	9	3042201824
11386	9	3042233568
11387	9	3044163808
11388	9	3044167904
11389	9	3044425952
11390	9	3044430048
11391	9	3046392048
11392	9	3046425840
11393	9	3046458096
11394	9	3048360160
11395	9	3048489200
11396	9	3048622304
11397	9	3050391776
11398	9	3054541024
11399	9	3054545120
11400	9	3056224480
11401	9	3056257248
11402	9	3056261344
11403	9	3056357616
11404	9	3056390384
11405	9	3056769248
11406	9	3056777440
11407	9	3057390320
11408	9	3057926368
11409	9	3058123488
11410	9	3058188512
11411	9	3058385632
11412	9	3058450656
11413	9	3058454752
11414	9	3058486496
11415	9	3058831584
11416	9	3058839776
11417	9	3058873568
11418	9	3058897632
11419	9	3059002592
11420	9	3059224800
11421	9	3059260640
11422	9	3060154592
11423	9	3060162784
11424	9	3060416736
11425	9	3060420832
11426	9	3060678880
11427	9	3060682976
11428	9	3060928736
11429	9	3060936928
11430	9	3061453024
11431	9	3061586144
11432	9	3062711024
11433	9	3063419120
11434	9	3063452912
11435	9	3063485168
11436	9	3064613088
11437	9	3064742128
11438	9	3064875232
11439	9	3065516272
11440	9	3065649376
11441	9	3066644704
11442	9	3067160800
11443	9	3067680992
11444	9	3071611632
11445	9	3072739552
11446	9	3073642736
11447	9	3074703584
11448	9	3074703840
11449	9	3074771168
11450	9	3074803936
11451	9	3074808032
11452	9	3074834656
11453	9	3074835680
11454	9	3074838752
11455	9	3074872544
11456	9	3075578080
11457	9	3075608800
11458	9	3075739872
11459	9	3076931808
11460	9	3076932064
11461	9	3076935904
11462	9	3076936160
11463	9	3077705952
11464	9	3077706208
11465	9	3077968096
11466	9	3078897904
11467	9	3078898160
11468	9	3078931696
11469	9	3078931952
11470	9	3078963440
11471	9	3078996208
11472	9	3079028960
11473	9	3079031008
11474	9	3079064800
11475	9	3079097056
11476	9	3079737584
11477	9	3079770352
11478	9	3079803104
11479	9	3080995056
11480	9	3080995312
11481	9	3081128160
11482	9	3081128416
11483	9	3083159776
11484	9	3083160032
11485	9	3083224288
11486	9	3083224544
11487	9	3083288800
11488	9	3084062944
11489	9	3094634736
11490	9	3094667504
11491	9	3094925552
11492	9	3095151344
11493	9	3096502512
11494	9	3096568560
11495	9	3098599664
11496	9	3098697968
11497	9	3098730736
11498	9	3098861808
11499	9	3099082992
11500	9	3099115760
11501	9	3099214576
11502	9	3100795104
11503	9	3101180144
11504	9	3101213936
11505	9	3101246192
11506	9	3103154416
11507	9	3103277296
11508	9	3103410400
11509	9	3104850160
11510	9	3104882928
11511	9	3104883952
11512	9	3104887024
11513	9	3104948976
11514	9	3104953072
11515	9	3106947312
11516	9	3106980080
11517	9	3106984176
11518	9	3107082480
11519	9	3107115248
11520	9	3107209456
11521	9	3107242224
11522	9	3107341040
11523	9	3109175520
11524	9	3109177568
11525	9	3109179616
11526	9	3109211360
11527	9	3109306608
11528	9	3109340400
11529	9	3109372656
11530	9	3111274720
11531	9	3111403760
11532	9	3111536864
11533	9	3113238768
11534	9	3113272560
11535	9	3113435888
11536	9	3115335920
11537	9	3115336176
11538	9	3117498608
11539	9	3120947952
11540	9	3121201904
11541	9	3121206000
11542	9	3121652976
11543	9	3121656048
11544	9	3121722096
11545	9	3122979056
11546	9	3123077360
11547	9	3123110128
11548	9	3123200240
11549	9	3123233008
11550	9	3123237104
11551	9	3123335408
11552	9	3123368176
11553	9	3123462384
11554	9	3123495152
11555	9	3123593968
11556	9	3123753200
11557	9	3123851504
11558	9	3124236528
11559	9	3124269296
11560	9	3124271344
11561	9	3124368112
11562	9	3125559536
11563	9	3125593328
11564	9	3125625584
11565	9	3125948640
11566	9	3125980384
11567	9	3126333680
11568	9	3126367472
11569	9	3126399728
11570	9	3127527648
11571	9	3127656688
11572	9	3127789792
11573	9	3128430832
11574	9	3128563936
11575	9	3129491696
11576	9	3129525488
11577	9	3129688816
11578	9	3130041584
11579	9	3131588848
11580	9	3131589104
11581	9	3133751536
11582	9	3137618160
11583	9	3137651952
11584	9	3137815280
11585	9	3138426096
11586	9	3138589424
11587	9	3139715312
11588	9	3139715568
11589	9	3139846384
11590	9	3140620528
11591	9	3141846256
11592	9	3141846512
11593	9	3141878000
11594	9	3142652144
11595	9	3163611376
11596	9	3164127984
11597	9	3167903968
11598	9	3167936736
11599	9	3168067824
11600	9	3168323808
11601	9	3168420576
11602	9	3171995888
11603	9	3172125408
11604	9	3172254448
11605	9	3176188128
11606	9	3176284384
11607	9	3176288480
11608	9	3176317152
11609	9	3176321248
11610	9	3176450272
11611	9	3176547040
11612	9	3180347632
11613	9	3180380400
11614	9	3184672992
11615	9	3188378336
11616	9	3188507376
11617	9	3188764912
11618	9	3189281520
11619	9	3192441056
11620	9	3192703200
11621	9	3192799968
11622	9	3192957152
11623	9	3193057504
11624	9	3193477344
11625	9	3193574112
11626	9	3196600560
11627	9	3196633328
11628	9	3200925920
11629	9	3204727024
11630	9	3204759792
11631	9	3205533936
11632	9	3209052384
11633	9	3209826528
11634	9	3334041840
11635	9	3334075632
11636	9	3350553840
11637	9	3351069936
11638	9	3373285600
11639	9	3373285616
11640	9	3373319408
11641	9	3373385456
11642	9	3375382768
11643	9	3375383024
11644	9	3375416560
11645	9	3375416816
11646	9	3375448304
11647	9	3375449328
11648	9	3375481072
11649	9	3375482096
11650	9	3375482608
11651	9	3375482864
11652	9	3375483104
11653	9	3375513824
11654	9	3375515872
11655	9	3375549664
11656	9	3379644640
11657	9	3379773664
11658	9	3391635696
11659	9	3391669488
11660	9	3391701744
11661	9	3391735536
11662	9	3391766752
11663	9	3391768800
11664	9	3391802592
11665	9	3391834848
11666	9	3392233712
11667	9	3392266480
11668	9	3392267504
11669	9	3392299232
11670	9	3392684272
11671	9	3392692464
11672	9	3392718064
11673	9	3392726256
11674	9	3392784112
11675	9	3392792304
11676	9	3395897568
11677	9	3396413664
11678	9	3396559072
11679	9	3396946144
11680	9	3396954336
11681	9	3396956400
11682	9	3396990192
11683	9	3397010656
11684	9	3401146608
11685	9	3401147632
11686	9	3401148656
11687	9	3401180400
11688	9	3401182448
11689	9	3405341936
11690	9	3409002736
11691	9	3409003760
11692	9	3409010928
11693	9	3409036528
11694	9	3409044720
11695	9	3409527024
11696	9	3409528048
11697	9	3409529056
11698	9	3409560816
11699	9	3409724656
11700	9	3409790704
11701	9	3413468400
11702	9	3413984496
11703	9	3417916656
11704	9	3440394464
11705	9	3442591968
11706	9	3442622688
11707	9	3444588768
11708	9	3444622560
11709	9	3446685920
11710	9	3446686176
11711	9	3458875616
11712	9	3459408096
11713	9	3460841696
11714	9	3460875488
11715	9	3460907744
11716	9	3461890272
11717	9	3461898464
11718	9	3461924064
11719	9	3461932256
11720	9	3462938848
11721	9	3462939104
11722	9	3463987424
11723	9	3463995616
11724	9	3463995872
11725	9	3464257760
11726	9	3466092768
11727	9	3466092784
11728	9	3466126576
11729	9	3466192624
11730	9	3468189936
11731	9	3468223728
11732	9	3468255472
11733	9	3468288240
11734	9	3468290272
11735	9	3468320992
11736	9	3473948896
11737	9	3474319088
11738	9	3474473184
11739	9	3474511088
11740	9	3476146400
11741	9	3476156656
11742	9	3476177120
11743	9	3476185312
11744	9	3476316400
11745	9	3476350192
11746	9	3476447456
11747	9	3476608240
11748	9	3476637920
11749	9	3476670688
11750	9	3476701408
11751	9	3476832496
11752	9	3476833520
11753	9	3476834528
11754	9	3476866288
11755	9	3478208736
11756	9	3478216928
11757	9	3478930656
11758	9	3482411248
11759	9	3482445040
11760	9	3484508400
11761	9	3484508656
11762	9	3485024496
11763	9	3485026528
11764	9	3524280544
11765	9	3526478048
11766	9	3526488304
11767	9	3526508768
11768	9	3526510816
11769	9	3526516960
11770	9	3526544608
11771	9	3526648048
11772	9	3526681840
11773	9	3526747888
11774	9	3530639584
11775	9	3530768608
11776	9	3530776800
11777	9	3530780896
11778	9	3530909920
11779	9	3531163872
11780	9	3531167968
11781	9	3531228384
11782	9	3534840048
11783	9	3534873840
11784	9	3535102192
11785	9	3535104240
11786	9	3535135984
11787	9	3535138032
11788	9	3535356144
11789	9	3535357168
11790	9	3535358176
11791	9	3535389936
11792	9	3543224560
11793	9	3543258352
11794	9	3549512944
11795	9	3551610096
11796	9	3551610352
11797	9	3591389408
11798	9	3593586912
11799	9	3593617632
11800	9	3593625824
11801	9	3595583712
11802	9	3595617504
11803	9	3595854048
11804	9	3595887840
11805	9	3596108000
11806	9	3596141792
11807	9	3597680864
11808	9	3597681120
11809	9	3597951200
11810	9	3597951456
11811	9	3598205152
11812	9	3598467296
11813	9	3600302304
11814	9	3602014432
11815	9	3602211056
11816	9	3602243824
11817	9	3602245856
11818	9	3602276576
11819	9	3602467040
11820	9	3602499808
11821	9	3602530528
11822	9	3604046048
11823	9	3608166624
11824	9	3610364128
11825	9	3610394848
11826	9	3610398944
11827	9	3610656992
11828	9	3612426464
11829	9	3612430560
11830	9	3616622816
11831	9	3658498272
11832	9	3658498288
11833	9	3658532080
11834	9	3658598128
11835	9	3660595440
11836	9	3660629232
11837	9	3660660976
11838	9	3660669168
11839	9	3660693744
11840	9	3660701936
11841	9	3660706032
11842	9	3660726496
11843	9	3660728544
11844	9	3660734688
11845	9	3660762336
11846	9	3660865776
11847	9	3660899568
11848	9	3661119728
11849	9	3661153520
11850	9	3661185776
11851	9	3662857440
11852	9	3664857312
11853	9	3664986336
11854	9	3664994528
11855	9	3664998624
11856	9	3665125616
11857	9	3665127648
11858	9	3665381600
11859	9	3665577200
11860	9	3665609968
11861	9	3665612000
11862	9	3667411168
11863	9	3667411184
11864	9	3667444976
11865	9	3667511024
11866	9	3669057776
11867	9	3669090544
11868	9	3669123296
11869	9	3669508336
11870	9	3669542128
11871	9	3669573872
11872	9	3669606640
11873	9	3669639392
11874	9	3669639408
11875	9	3669640432
11876	9	3669641440
11877	9	3669673200
11878	9	3669675232
11879	9	3671154928
11880	9	3671188720
11881	9	3671737568
11882	9	3673252080
11883	9	3673252336
11884	9	3673383136
11885	9	3673768176
11886	9	3673770208
11887	9	3673899232
11888	9	3675275488
11889	9	3675275504
11890	9	3675309296
11891	9	3675375344
11892	9	3677372656
11893	9	3677372912
11894	9	3677406448
11895	9	3677406704
11896	9	3677438192
11897	9	3677470960
11898	9	3677503712
11899	9	3677505760
11900	9	3677539552
11901	9	3679537376
11902	9	3681634528
11903	9	3681634784
11904	9	3681763552
11905	9	3683729648
11906	9	3683730672
11907	9	3683731680
11908	9	3683763440
11909	9	3685826800
11910	9	3685827056
11911	9	3685959904
11912	9	3687924976
11913	9	3687925232
11914	9	3725607136
11915	9	3725639904
11916	9	3725641952
11917	9	3725648096
11918	9	3725708000
11919	9	3727739104
11920	9	3727835360
11921	9	3727843552
11922	9	3727868128
11923	9	3727876320
11924	9	3727880416
11925	9	3727974640
11926	9	3728007408
11927	9	3728009440
11928	9	3728263392
11929	9	3728360160
11930	9	3728491248
11931	9	3729801440
11932	9	3730071776
11933	9	3730325728
11934	9	3731898592
11935	9	3731898848
11936	9	3732168928
11937	9	3732422880
11938	9	3732685024
11939	9	3734520032
11940	9	3734520048
11941	9	3734552800
11942	9	3734553840
11943	9	3734555872
11944	9	3734586096
11945	9	3736232160
11946	9	3736617200
11947	9	3736748256
11948	9	3736781024
11949	9	3738714336
11950	9	3740811488
11951	9	3740811744
11952	9	3742384352
11953	9	3742581472
11954	9	3744612576
11955	9	3746578656
11956	9	3746578912
11957	9	3748675808
11958	9	3748676064
11959	9	3750772960
11960	9	3750772976
11961	9	3750773216
11962	9	3750773232
11963	9	3750806768
11964	9	3750807024
11965	9	3750838512
11966	9	3750840544
11967	9	3750871280
11968	9	3750873312
11969	9	3750904032
11970	9	3752870128
11971	9	3752870384
11972	9	3753001184
11973	9	3753001440
11974	9	3769188592
11975	9	3769189616
11976	9	3769222384
11977	9	3769721072
11978	9	3769754864
11979	9	3770205424
11980	9	3773384928
11981	9	3773513952
11982	9	3773901024
11983	9	3774046432
11984	9	3774433504
11985	9	3774441696
11986	9	3774443760
11987	9	3774477552
11988	9	3774498016
11989	9	3778340080
11990	9	3782297824
11991	9	3782426848
11992	9	3782435040
11993	9	3782439136
11994	9	3782568160
11995	9	3782822112
11996	9	3782826208
11997	9	3782886624
11998	9	3786490096
11999	9	3786491120
12000	9	3786498288
12001	9	3786523888
12002	9	3786532080
12003	9	3786760432
12004	9	3786761456
12005	9	3786762480
12006	9	3786794224
12007	9	3786796272
12008	9	3787014384
12009	9	3787015408
12010	9	3787016416
12011	9	3787048176
12012	9	3787212016
12013	9	3787278064
12014	9	3790955760
12015	9	3791471856
12016	9	3794151648
12017	9	3794165984
12018	9	3794185440
12019	9	3794419936
12020	9	3794421984
12021	9	3794428128
12022	9	3794455776
12023	9	3794551024
12024	9	3794559216
12025	9	3794584816
12026	9	3794593008
12027	9	3794650864
12028	9	3794659056
12029	9	3794874608
12030	9	3794905312
12031	9	3794907376
12032	9	3794908400
12033	9	3794936032
12034	9	3794940128
12035	9	3795067120
12036	9	3795100912
12037	9	3795166960
12038	9	3798550752
12039	9	3798812896
12040	9	3798821088
12041	9	3798823152
12042	9	3798856944
12043	9	3798877408
12044	9	3799066848
12045	9	3799195872
12046	9	3799199968
12047	9	3799328992
12048	9	3799393504
12049	9	3799595232
12050	9	3802743024
12051	9	3802744048
12052	9	3802776816
12053	9	3803259120
12054	9	3803292912
12055	9	3803789552
12056	9	3803823344
12057	9	3810877680
12058	9	3810911472
12059	9	3811135728
12060	9	3811169520
12061	9	3811651824
12062	9	3811685616
12063	9	3812167920
12064	9	3812168944
12065	9	3812169952
12066	9	3812201712
12067	9	3817424112
12068	9	3819398384
12069	9	3819521264
12070	9	3819521520
12071	9	3819783408
12072	9	3820172528
12073	9	3834134752
12074	9	3836332256
12075	9	3836362976
12076	9	3836895456
12077	9	3839411424
12078	9	3843047648
12079	9	3845245152
12080	9	3845275872
12081	9	3845284064
12082	9	3847546080
12083	9	3847800032
12084	9	3851436256
12085	9	3851706592
12086	9	3851706608
12087	9	3851740400
12088	9	3851806448
12089	9	3851960544
12090	9	3853633760
12091	9	3853644016
12092	9	3853664480
12093	9	3853672672
12094	9	3853803760
12095	9	3853804016
12096	9	3853837552
12097	9	3853837808
12098	9	3853869296
12099	9	3853902064
12100	9	3853904096
12101	9	3853934816
12102	9	3854125280
12103	9	3854158048
12104	9	3854188768
12105	9	3854319856
12106	9	3854320880
12107	9	3854321888
12108	9	3854353648
12109	9	3855696096
12110	9	3855704288
12111	9	3856418016
12112	9	3861274848
12113	9	3861528800
12114	9	3861536992
12115	9	3862014176
12116	9	3862044896
12117	9	3862048992
12118	9	3863494880
12119	9	3863528672
12120	9	3863757024
12121	9	3863765216
12122	9	3863790816
12123	9	3863799008
12124	9	3864273120
12125	9	3864306912
12126	9	3865592032
12127	9	3865592288
12128	9	3865854176
12129	9	3865862624
12130	9	3866370272
12131	9	3867689184
12132	9	3869886688
12133	9	3869917408
12134	9	3870187744
12135	9	3870402784
12136	9	3870433504
12137	9	3871949024
12138	9	3872465120
12139	9	3876077792
12140	9	3877114080
12141	9	3878052064
12142	9	3878275296
12143	9	3878306016
12144	9	3878310112
12145	9	3878568160
12146	9	3878826208
12147	9	3879278816
12148	9	3879311584
12149	9	3879342304
12150	9	3880083680
12151	9	3880337632
12152	9	3880341728
12153	9	3880857824
12154	9	3884278000
12155	9	3884311792
12156	9	3884533984
12157	9	3885050080
12158	9	3885052144
12159	9	3885085936
12160	9	3886375152
12161	9	3886375408
12162	9	3886891248
12163	9	3886893280
12164	9	3887149296
12165	9	3887149552
12166	9	3904397552
12167	9	3904431344
12168	9	3908657392
12169	9	3908659424
12170	9	3910156512
12171	9	3910156528
12172	9	3910190320
12173	9	3910256368
12174	9	3912253680
12175	9	3912287472
12176	9	3912319216
12177	9	3912327408
12178	9	3912351984
12179	9	3912360176
12180	9	3912364272
12181	9	3912384736
12182	9	3912386784
12183	9	3912392928
12184	9	3912420576
12185	9	3912524016
12186	9	3912557808
12187	9	3912777968
12188	9	3912811760
12189	9	3912815856
12190	9	3912844016
12191	9	3914416352
12192	9	3914452192
12193	9	3914515680
12194	9	3916515552
12195	9	3916644576
12196	9	3916652768
12197	9	3916656864
12198	9	3916783856
12199	9	3916785888
12200	9	3917039840
12201	9	3917235440
12202	9	3917268208
12203	9	3917270240
12204	9	3919103216
12205	9	3920716016
12206	9	3921200368
12207	9	3921232112
12208	9	3921298672
12209	9	3921331440
12210	9	3921333472
12211	9	3922813168
12212	9	3922846960
12213	9	3923365088
12214	9	3923395808
12215	9	3924910320
12216	9	3924910576
12217	9	3925041376
12218	9	3925426416
12219	9	3925428448
12220	9	3926509296
12221	9	3926959344
12222	9	3928506608
12223	9	3928540400
12224	9	3928639712
12225	9	3928776944
12226	9	3928810736
12227	9	3929056496
12228	9	3929088240
12229	9	3929121008
12230	9	3929153760
12231	9	3929189600
12232	9	3929584880
12233	9	3931284704
12234	9	3932768480
12235	9	3932832992
12236	9	3933036784
12237	9	3933413600
12238	9	3943186656
12239	9	3943186672
12240	9	3943220464
12241	9	3943286512
12242	9	3943548656
12243	9	3943736560
12244	9	3945001200
12245	9	3945095408
12246	9	3945128176
12247	9	3945130224
12248	9	3945160928
12249	9	3945160944
12250	9	3945194736
12251	9	3945283824
12252	9	3945284080
12253	9	3945317616
12254	9	3945317872
12255	9	3945349360
12256	9	3945353456
12257	9	3945382128
12258	9	3945414880
12259	9	3945416928
12260	9	3945450720
12261	9	3945545968
12262	9	3945579760
12263	9	3945677040
12264	9	3945678064
12265	9	3945679072
12266	9	3945710832
12267	9	3945833712
12268	9	3945833968
12269	9	3945869552
12270	9	3945904368
12271	9	3945935088
12272	9	3945966816
12273	9	3945968880
12274	9	3947192560
12275	9	3947226352
12276	9	3947448544
12277	9	3947964640
12278	9	3947966704
12279	9	3948000496
12280	9	3949289712
12281	9	3949289968
12282	9	3949420768
12283	9	3949545696
12284	9	3949545952
12285	9	3949674720
12286	9	3949805808
12287	9	3949807840
12288	9	3950063856
12289	9	3950064112
12290	9	3951640816
12291	9	3951641840
12292	9	3951642848
12293	9	3951674608
12294	9	3953737968
12295	9	3953738224
12296	9	3953871072
12297	9	3955836144
12298	9	3955836400
12299	9	3971506416
12300	9	3971539184
12301	9	3971541216
12302	9	3973603552
12303	9	3975700704
12304	9	3977265376
12305	9	3977298144
12306	9	3977300192
12307	9	3977306336
12308	9	3977366240
12309	9	3979397344
12310	9	3979493600
12311	9	3979501792
12312	9	3979526368
12313	9	3979534560
12314	9	3979538656
12315	9	3979632880
12316	9	3979665648
12317	9	3979667680
12318	9	3979921632
12319	9	3979925728
12320	9	3980018400
12321	9	3980149488
12322	9	3981459680
12323	9	3981525216
12324	9	3981557984
12325	9	3981730016
12326	9	3981983968
12327	9	3983556832
12328	9	3983557088
12329	9	3983827168
12330	9	3984081120
12331	9	3984343264
12332	9	3986178272
12333	9	3986178288
12334	9	3986212080
12335	9	3986214112
12336	9	3986244336
12337	9	3987890400
12338	9	3988275440
12339	9	3988406496
12340	9	3990438112
12341	9	3993619168
12342	9	3993683680
12343	9	3994067168
12344	9	3994069216
12345	9	3995650272
12346	9	3995885808
12347	9	3995918576
12348	9	3996166368
12349	9	3996262624
12350	9	3996295392
12351	9	3997712608
12352	9	3997982944
12353	9	3999809760
12354	9	3999810016
12355	9	4010295520
12356	9	4010492640
12357	9	4010623728
12358	9	4011367648
12359	9	4012269792
12360	9	4012523744
12361	9	4012527840
12362	9	4012654832
12363	9	4014489824
12364	9	4014490080
12365	9	4014751968
12366	9	4016586976
12367	9	4016587232
12368	9	4016849120
12369	9	4016849376
12370	9	4018684128
12371	9	4018684144
12372	9	4018684384
12373	9	4018684400
12374	9	4018717936
12375	9	4018718192
12376	9	4018749680
12377	9	4018750192
12378	9	4018750448
12379	9	4018751712
12380	9	4018782448
12381	9	4018784480
12382	9	4018815200
12383	9	4020781296
12384	9	4020781552
12385	9	4020912352
12386	9	4020912608
12387	9	4038156528
12388	9	4038189296
12389	9	4038222048
12390	9	4038607088
12391	9	4038640880
12392	9	4038673136
12393	9	4040253664
12394	9	4042481888
12395	9	4042612976
12396	9	4042868960
12397	9	4044374240
12398	9	4046541040
12399	9	4046573808
12400	9	4046602464
12401	9	4046604512
12402	9	4046606560
12403	9	4046638304
12404	9	4046733552
12405	9	4046767344
12406	9	4046799600
12407	9	4048733408
12408	9	4050733280
12409	9	4050862304
12410	9	4050866400
12411	9	4050995424
12412	9	4054925552
12413	9	4057024736
12414	9	4059121888
12415	9	4059122144
12416	9	4059250912
12417	9	4062855392
12418	9	4062857440
12419	9	4062859488
12420	9	4062891232
12421	9	4062986480
12422	9	4063020272
12423	9	4063052528
12424	9	4063310064
12425	9	4063375584
12426	9	4063407328
12427	9	4063760624
12428	9	4063794416
12429	9	4063826672
12430	9	4066986208
12431	9	4067248352
12432	9	4067502304
12433	9	4068022496
12434	9	4071023856
12435	9	4071178480
12436	9	4073021680
12437	9	4073055472
12438	9	4073277664
12439	9	4073793760
12440	9	4075118832
12441	9	4075119088
12442	9	4075249888
12443	9	4075374816
12444	9	4075375072
12445	9	4075503840
12446	9	4075890912
12447	9	4075891168
12448	9	4077142240
12449	9	4077142256
12450	9	4077176048
12451	9	4077242096
12452	9	4079239408
12453	9	4079239664
12454	9	4079273200
12455	9	4079273456
12456	9	4079304944
12457	9	4079337712
12458	9	4079370464
12459	9	4079372512
12460	9	4079406304
12461	9	4080079088
12462	9	4080111856
12463	9	4080144608
12464	9	4081404128
12465	9	4082178272
12466	9	4083501280
12467	9	4083501536
12468	9	4083565792
12469	9	4083566048
12470	9	4083630304
12471	9	4084404448
12472	9	4103135456
12473	9	4105330912
12474	9	4105363680
12475	9	4105494768
12476	9	4105750752
12477	9	4105847520
12478	9	4107362528
12479	9	4107395296
12480	9	4107813088
12481	9	4107879136
12482	9	4109910240
12483	9	4111483104
12484	9	4111515872
12485	9	4111517920
12486	9	4111519968
12487	9	4111583968
12488	9	4113615072
12489	9	4113711328
12490	9	4113715424
12491	9	4113744096
12492	9	4113748192
12493	9	4113877216
12494	9	4113973984
12495	9	4115677408
12496	9	4115939552
12497	9	4116005600
12498	9	4117774560
12499	9	4117774816
12500	9	4118036704
12501	9	4119871712
12502	9	4120068832
12503	9	4122099936
12504	9	4127836896
12505	9	4128286944
12506	9	4128288992
12507	9	4128352992
12508	9	4129868000
12509	9	4129964256
12510	9	4129968352
12511	9	4129997024
12512	9	4130001120
12513	9	4130130144
12514	9	4130226912
12515	9	4130384096
12516	9	4130484448
12517	9	4130904288
12518	9	4131001056
12519	9	4131930336
12520	9	4132192480
12521	9	4132258528
12522	9	4132966624
12523	9	4133032672
12524	9	4134027488
12525	9	4134027744
12526	9	4134289632
12527	9	4135063776
12528	9	4136124640
12529	9	4136321760
12530	9	4138352864
12531	9	4144251104
12532	9	4144448224
12533	9	4145222368
12534	9	4146479328
12535	9	4147253472
12536	9	4148445408
12537	9	4148445664
12538	9	4150542560
12539	9	4150542816
12540	9	4168376560
12541	9	4168409328
12542	9	4168893168
12543	9	4170244336
12544	9	4170310384
12545	9	4172341488
12546	9	4172439792
12547	9	4172472560
12548	9	4172474592
12549	9	4172824816
12550	9	4172857584
12551	9	4172956400
12552	9	4174536928
12553	9	4174570720
12554	9	4174921952
12555	9	4174921968
12556	9	4174955760
12557	9	4174957792
12558	9	4174988016
12559	9	4176634080
12560	9	4177019120
12561	9	4177150176
12562	9	4178591984
12563	9	4178624752
12564	9	4178625776
12565	9	4178626784
12566	9	4178690800
12567	9	4180689136
12568	9	4180721904
12569	9	4180822240
12570	9	4180855008
12571	9	4182786272
12572	9	4182917344
12573	9	4182983392
12574	9	4185014496
12575	9	4186980592
12576	9	4187014384
12577	9	4187177712
12578	9	4189077744
12579	9	4189078000
12580	9	4189210848
12581	9	4191240432
12582	9	4191242464
12583	9	4194689776
12584	9	4194943728
12585	9	4195394800
12586	9	4195395808
12587	9	4195397872
12588	9	4195463920
12589	9	4196720880
12590	9	4196819184
12591	9	4196851952
12592	9	4196853984
12593	9	4196942064
12594	9	4196974832
12595	9	4197075168
12596	9	4197107936
12597	9	4197204208
12598	9	4197236976
12599	9	4197335792
12600	9	4197495024
12601	9	4197593328
12602	9	4197628128
12603	9	4199039200
12604	9	4199236320
12605	9	4199301344
12606	9	4199301360
12607	9	4199335152
12608	9	4199337184
12609	9	4199367408
12610	9	4199690464
12611	9	4199724256
12612	9	4199853280
12613	9	4201013472
12614	9	4201267424
12615	9	4201398512
12616	9	4201529568
12617	9	4201787616
12618	9	4203233520
12619	9	4203267312
12620	9	4203430640
12621	9	4203783408
12622	9	4205330672
12623	9	4205330928
12624	9	4205463776
12625	9	4207493360
12626	9	4207495392
12627	9	4208011488
12628	9	4237353200
12629	9	4237484768
12630	9	4237869808
12631	9	4241547488
12632	9	4242030816
12633	9	4242063584
12634	9	4245735648
12635	9	4245865184
12636	9	4249895136
12637	9	4249927904
12638	9	4254089456
12639	9	4254122224
12640	9	4254124256
12641	9	4258283744
12642	9	4258284000
12643	9	4261864160
12644	9	4262118112
12645	9	4262249200
12646	9	4262504672
12647	9	4262506736
12648	9	4262638304
12649	9	4265926880
12650	9	4266148064
12651	9	4266180832
12652	9	4266410208
12653	9	4266442976
12654	9	4266701024
12655	9	4270342384
12656	9	4270375152
12657	9	4270377184
12658	9	4270893280
12659	9	4274536672
12660	9	4274536928
12661	9	4390207728
12662	9	4390208752
12663	9	4390241520
12664	9	4390740208
12665	9	4390741232
12666	9	4390774000
12667	9	4391191792
12668	9	4391257840
12669	9	4407767280
12670	9	4407801072
12671	9	4407960816
12672	9	4408026864
12673	9	4423763184
12674	9	4424279280
12675	9	4441268464
12676	9	4441302256
12677	9	4441368304
12678	9	4445528304
12679	9	4445529328
12680	9	4445562096
12681	9	4447027440
12682	9	4447061232
12683	9	4447127280
12684	9	4448665840
12685	9	4448698608
12686	9	4448699632
12687	9	4448862448
12688	9	4448896240
12689	9	4448962288
12690	9	4449124592
12691	9	4449124848
12692	9	4449158384
12693	9	4449158640
12694	9	4449190128
12695	9	4449191152
12696	9	4449198320
12697	9	4449222896
12698	9	4449223920
12699	9	4449224432
12700	9	4449224688
12701	9	4449231088
12702	9	4449232112
12703	9	4449235184
12704	9	4449257696
12705	9	4449394928
12706	9	4449428720
12707	9	4449494768
12708	9	4449648880
12709	9	4449682672
12710	9	4449748720
12711	9	4452993248
12712	9	4453122288
12713	9	4453123312
12714	9	4453124320
12715	9	4453156080
12716	9	4453517536
12717	9	4453525728
12718	9	4453654768
12719	9	4453655792
12720	9	4453688560
12721	9	4453910752
12722	9	4454106352
12723	9	4454172400
12724	9	4457054448
12725	9	4457088240
12726	9	4457586928
12727	9	4457620720
12728	9	4457718000
12729	9	4457719024
12730	9	4457751792
12731	9	4458103024
12732	9	4458104048
12733	9	4458136816
12734	9	4458169584
12735	9	4458235632
12736	9	4462298352
12737	9	4465377520
12738	9	4465411312
12739	9	4465443568
12740	9	4465477360
12741	9	4465510624
12742	9	4465647856
12743	9	4465681648
12744	9	4465713904
12745	9	4465747696
12746	9	4465959152
12747	9	4465991920
12748	9	4465992944
12749	9	4466417904
12750	9	4466451696
12751	9	4466517744
12752	9	4470286560
12753	9	4470679776
12754	9	4470681840
12755	9	4470715632
12756	9	4470875376
12757	9	4470941424
12758	9	4473839856
12759	9	4473873648
12760	9	4474872048
12761	9	4474873072
12762	9	4474905840
12763	9	4474938608
12764	9	4475004656
12765	9	4479067376
12766	9	4481966320
12767	9	4482000112
12768	9	4482220272
12769	9	4482221296
12770	9	4482254064
12771	9	4482548976
12772	9	4482615024
12773	9	4482736368
12774	9	4482740464
12775	9	4482770160
12776	9	4482774256
12777	9	4483065072
12778	9	4483131120
12779	9	4486677744
12780	9	4487193840
12781	9	4488512752
12782	9	4490609904
12783	9	4490610160
12784	9	4508377328
12785	9	4508411120
12786	9	4510474464
12787	9	4512671968
12788	9	4512702688
12789	9	4515971312
12790	9	4516005104
12791	9	4516037360
12792	9	4516344048
12793	9	4516366560
12794	9	4516503792
12795	9	4516537584
12796	9	4516792544
12797	9	4516795632
12798	9	4517937376
12799	9	4517971168
12800	9	4518068448
12801	9	4518330592
12802	9	4518461664
12803	9	4518469856
12804	9	4518495456
12805	9	4518503648
12806	9	4518535904
12807	9	4518600928
12808	9	4518854880
12809	9	4520003808
12810	9	4520034528
12811	9	4520233184
12812	9	4520265952
12813	9	4520296672
12814	9	4520528096
12815	9	4520558816
12816	9	4520567008
12817	9	4520567264
12818	9	4520798432
12819	9	4520829152
12820	9	4521019616
12821	9	4521052384
12822	9	4521083104
12823	9	4521216224
12824	9	4523049200
12825	9	4523082992
12826	9	4523149040
12827	9	4524163312
12828	9	4524196080
12829	9	4524228832
12830	9	4524695792
12831	9	4524728560
12832	9	4524761312
12833	9	4525146352
12834	9	4525180144
12835	9	4525211888
12836	9	4525244656
12837	9	4525279456
12838	9	4527375584
12839	9	4529408224
12840	9	4532619488
12841	9	4532756720
12842	9	4532790512
12843	9	4533561568
12844	9	4533564656
12845	9	4534583520
12846	9	4534853856
12847	9	4535230688
12848	9	4535264480
12849	9	4535623904
12850	9	4536781024
12851	9	4536811744
12852	9	4536819936
12853	9	4537051360
12854	9	4537082080
12855	9	4537297120
12856	9	4537327840
12857	9	4537788640
12858	9	4537821408
12859	9	4537825504
12860	9	4537852128
12861	9	4537856224
12862	9	4537985248
12863	9	4539818224
12864	9	4539852016
12865	9	4539918064
12866	9	4540948720
12867	9	4540981488
12868	9	4541014240
12869	9	4541915376
12870	9	4541949168
12871	9	4541980912
12872	9	4542013680
12873	9	4542048480
12874	9	4544144608
12875	9	4546177248
12876	9	4547528432
12877	9	4548044528
12878	9	4549075184
12879	9	4549107952
12880	9	4549140704
12881	9	4549333232
12882	9	4549394656
12883	9	4549396704
12884	9	4549430496
12885	9	4549462752
12886	9	4549525744
12887	9	4549559536
12888	9	4549658848
12889	9	4549849328
12890	9	4549882096
12891	9	4549910752
12892	9	4549914848
12893	9	4550041840
12894	9	4550075632
12895	9	4550174944
12896	9	4551428320
12897	9	4551944416
12898	9	4553787616
12899	9	4554303712
12900	9	4555620592
12901	9	4555621616
12902	9	4555654384
12903	9	4556136688
12904	9	4556170480
12905	9	4557717744
12906	9	4557718000
12907	9	4557850848
12908	9	4558233840
12909	9	4558234096
12910	9	4558366944
12911	9	4574494960
12912	9	4574528752
12913	9	4575027440
12914	9	4575061232
12915	9	4575257840
12916	9	4575511792
12917	9	4578691296
12918	9	4578822368
12919	9	4579354848
12920	9	4579483888
12921	9	4579517680
12922	9	4582555888
12923	9	4582589680
12924	9	4582655728
12925	9	4583411952
12926	9	4583444720
12927	9	4583445744
12928	9	4583461088
12929	9	4583475424
12930	9	4583481568
12931	9	4583604464
12932	9	4583638256
12933	9	4583704304
12934	9	4586817760
12935	9	4587735264
12936	9	4587739360
12937	9	4587866336
12938	9	4587874528
12939	9	4588128480
12940	9	4591796464
12941	9	4591797488
12942	9	4591804656
12943	9	4591830256
12944	9	4591838448
12945	9	4592320752
12946	9	4592321776
12947	9	4592324848
12948	9	4592354544
12949	9	4592358640
12950	9	4592518384
12951	9	4592584432
12952	9	4596262128
12953	9	4596778224
12954	9	4599728352
12955	9	4599857392
12956	9	4599891184
12957	9	4599957232
12958	9	4600180976
12959	9	4600213744
12960	9	4600214768
12961	9	4600373488
12962	9	4600407280
12963	9	4600473328
12964	9	4600631536
12965	9	4600665328
12966	9	4600731376
12967	9	4604119264
12968	9	4604504288
12969	9	4604508384
12970	9	4604635360
12971	9	4604893408
12972	9	4607795440
12973	9	4607829232
12974	9	4608049392
12975	9	4608050416
12976	9	4608083184
12977	9	4608565488
12978	9	4608599280
12979	9	4608827632
12980	9	4608828656
12981	9	4608861424
12982	9	4608894192
12983	9	4608960240
12984	9	4613022960
12985	9	4616175856
12986	9	4616176880
12987	9	4616209648
12988	9	4616950000
12989	9	4616983792
12990	9	4625089776
12991	9	4641669344
12992	9	4641705184
12993	9	4643800288
12994	9	4645800160
12995	9	4646848736
12996	9	4650569952
12997	9	4650584288
12998	9	4650590432
12999	9	4650605792
13000	9	4651761888
13001	9	4652548320
13002	9	4652679392
13003	9	4652683488
13004	9	4652713184
13005	9	4652717280
13006	9	4652810464
13007	9	4653072608
13008	9	4653926624
13009	9	4653959392
13010	9	4653990112
13011	9	4654733536
13012	9	4654745824
13013	9	4654754016
13014	9	4654764256
13015	9	4654776544
13016	9	4654780640
13017	9	4654780896
13018	9	4654784736
13019	9	4654975200
13020	9	4654983392
13021	9	4655007968
13022	9	4655016160
13023	9	4655020256
13024	9	4655038688
13025	9	4655237344
13026	9	4655270112
13027	9	4655274208
13028	9	4655300832
13029	9	4655304928
13030	9	4655433952
13031	9	4658950384
13032	9	4658970848
13033	9	4658972896
13034	9	4658979040
13035	9	4659006688
13036	9	4659110128
13037	9	4659143920
13038	9	4659241184
13039	9	4659277024
13040	9	4659309280
13041	9	4659433712
13042	9	4659466480
13043	9	4659495136
13044	9	4659497184
13045	9	4659499232
13046	9	4659530976
13047	9	4659626224
13048	9	4659627248
13049	9	4659628256
13050	9	4659660016
13051	9	4661004512
13052	9	4661593312
13053	9	4663372000
13054	9	4663625952
13055	9	4663888096
13056	9	4666837216
13057	9	4667001056
13058	9	4667517152
13059	9	4667775200
13060	9	4668801248
13061	9	4669063392
13062	9	4669448416
13063	9	4669452512
13064	9	4669482208
13065	9	4669486304
13066	9	4669518560
13067	9	4669579488
13068	9	4669837536
13069	9	4670775520
13070	9	4670998752
13071	9	4671029472
13072	9	4671033568
13073	9	4671228128
13074	9	4671260896
13075	9	4671291616
13076	9	4671514848
13077	9	4671545568
13078	9	4671549664
13079	9	4671744224
13080	9	4671776992
13081	9	4671807712
13082	9	4672002272
13083	9	4672035040
13084	9	4672065760
13085	9	4673773808
13086	9	4673807600
13087	9	4673873648
13088	9	4674937072
13089	9	4674969824
13090	9	4675223776
13091	9	4675225824
13092	9	4675259616
13093	9	4675291872
13094	9	4675739872
13095	9	4675870960
13096	9	4675904752
13097	9	4675936496
13098	9	4675969264
13099	9	4676004064
13100	9	4677257440
13101	9	4677773536
13102	9	4678100192
13103	9	4680132832
13104	9	4683350240
13105	9	4683352288
13106	9	4683386080
13107	9	4683418336
13108	9	4683612384
13109	9	4683616480
13110	9	4683876576
13111	9	4684124384
13112	9	4685383904
13113	9	4686158048
13114	9	4687743200
13115	9	4687743456
13116	9	4688005344
13117	9	4688009440
13118	9	4689840352
13119	9	4692068576
13120	9	4692072672
13121	9	4692197616
13122	9	4704714992
13123	9	4704748784
13124	9	4704781040
13125	9	4705087728
13126	9	4705247472
13127	9	4705281264
13128	9	4708712688
13129	9	4708745456
13130	9	4708778224
13131	9	4708812016
13132	9	4708844272
13133	9	4709245168
13134	9	4709277936
13135	9	4709279984
13136	9	4709310704
13137	9	4709344496
13138	9	4709695728
13139	9	4709729520
13140	9	4709731568
13141	9	4709761776
13142	9	4711826672
13143	9	4712906992
13144	9	4713040096
13145	9	4713439472
13146	9	4713572576
13147	9	4713923824
13148	9	4713955568
13149	9	4714056928
13150	9	4715462896
13151	9	4715496688
13152	9	4715562736
13153	9	4717560048
13154	9	4717593840
13155	9	4717625584
13156	9	4717658352
13157	9	4717693152
13158	9	4718084336
13159	9	4718118128
13160	9	4718150384
13161	9	4719724768
13162	9	4721952992
13163	9	4722058480
13164	9	4722348272
13165	9	4722445536
13166	9	4722541808
13167	9	4722574576
13168	9	4723851504
13169	9	4723885296
13170	9	4723951344
13171	9	4723982576
13172	9	4724016368
13173	9	4724082416
13174	9	4724375792
13175	9	4724409584
13176	9	4724475632
13177	9	4725948656
13178	9	4725948912
13179	9	4725982448
13180	9	4725982704
13181	9	4726014192
13182	9	4726022384
13183	9	4726046960
13184	9	4726055152
13185	9	4726059248
13186	9	4726081760
13187	9	4726145264
13188	9	4726178032
13189	9	4726218992
13190	9	4726252784
13191	9	4726472944
13192	9	4726506736
13193	9	4726538480
13194	9	4726571248
13195	9	4726604016
13196	9	4726605040
13197	9	4726606048
13198	9	4726637808
13199	9	4726735088
13200	9	4726736112
13201	9	4726737136
13202	9	4726768880
13203	9	4726770928
13204	9	4726867696
13205	9	4728111344
13206	9	4728112368
13207	9	4728113376
13208	9	4728119536
13209	9	4728145136
13210	9	4728153328
13211	9	4728637664
13212	9	4728833264
13213	9	4728899312
13214	9	4730208496
13215	9	4730208752
13216	9	4730216688
13217	9	4730216944
13218	9	4730341600
13219	9	4730349792
13220	9	4730351856
13221	9	4730478832
13222	9	4730480880
13223	9	4730732784
13224	9	4730865888
13225	9	4730930416
13226	9	4730994928
13227	9	4731061488
13228	9	4731063520
13229	9	4731815664
13230	9	4732265712
13231	9	4733690096
13232	9	4733723888
13233	9	4733812976
13234	9	4733846768
13235	9	4734075120
13236	9	4734077168
13237	9	4734108912
13238	9	4734110960
13239	9	4734141168
13240	9	4734362864
13241	9	4734394608
13242	9	4734398704
13243	9	4734427376
13244	9	4734431472
13245	9	4734433520
13246	9	4734498032
13247	9	4734591216
13248	9	4734625008
13249	9	4734627056
13250	9	4734657264
13251	9	4736272112
13252	9	4736688368
13253	9	4736722160
13254	9	4736788208
13255	9	4737818864
13256	9	4737851632
13257	9	4738269424
13258	9	4738303216
13259	9	4738436320
13260	9	4738593008
13261	9	4738625776
13262	9	4738722016
13263	9	4738726112
13264	9	4738785520
13265	9	4738819312
13266	9	4738851056
13267	9	4738883824
13268	9	4738952416
13269	9	4740104432
13270	9	4740138224
13271	9	4740170480
13272	9	4740204272
13273	9	4740335344
13274	9	4740851440
13275	9	4742201584
13276	9	4742201840
13277	9	4742235376
13278	9	4742235632
13279	9	4742267120
13280	9	4742267632
13281	9	4742267888
13282	9	4742299888
13283	9	4742334688
13284	9	4742783216
13285	9	4742815984
13286	9	4744364272
13287	9	4744365296
13288	9	4744366304
13289	9	4744398064
13290	9	4744430816
13291	9	4744880368
13292	9	4744914160
13293	9	4746461424
13294	9	4746461680
13295	9	4746594528
13296	9	4746977520
13297	9	4746977776
13298	9	4747110624
13299	9	4748855024
13300	9	4750655728
13301	9	4750688496
13302	9	4750692592
13303	9	4750852336
13304	9	4750886128
13305	9	4750983408
13306	9	4750984432
13307	9	4751017200
13308	9	4754983136
13309	9	4754987232
13310	9	4755112176
13311	9	4756947184
13312	9	4756980976
13313	9	4757341936
13314	9	4759044336
13315	9	4759044592
13316	9	4759306480
13317	9	4759308528
13318	9	4759373040
13319	9	4761404656
13320	9	4773691632
13321	9	4773693664
13322	9	4773757680
13323	9	4774224112
13324	9	4774290160
13325	9	4775788784
13326	9	4775921888
13327	9	4776321264
13328	9	4776454368
13329	9	4776804592
13330	9	4776837360
13331	9	4777984224
13332	9	4778050272
13333	9	4778485984
13334	9	4778516704
13335	9	4778550496
13336	9	4778901728
13337	9	4778937568
13338	9	4780081376
13339	9	4780613856
13340	9	4781129952
13341	9	4782606560
13342	9	4784802016
13343	9	4784834784
13344	9	4785230064
13345	9	4785455856
13346	9	4786766048
13347	9	4786833632
13348	9	4786866400
13349	9	4786897120
13350	9	4786963168
13351	9	4787036384
13352	9	4787290336
13353	9	4787326176
13354	9	4788994272
13355	9	4789002464
13356	9	4789264608
13357	9	4789518560
13358	9	4789522656
13359	9	4789651680
13360	9	4790960368
13361	9	4790994160
13362	9	4791484656
13363	9	4791518448
13364	9	4791550704
13365	9	4793057520
13366	9	4793057776
13367	9	4793190624
13368	9	4793327856
13369	9	4793581808
13370	9	4793714912
13371	9	4793843952
13372	9	4795154656
13373	9	4795154912
13374	9	4795222240
13375	9	4795255008
13376	9	4795263200
13377	9	4795265264
13378	9	4795285728
13379	9	4795293920
13380	9	4795327712
13381	9	4795424992
13382	9	4795425008
13383	9	4795458800
13384	9	4795678944
13385	9	4795746528
13386	9	4795779296
13387	9	4795810016
13388	9	4795941088
13389	9	4795941104
13390	9	4795942128
13391	9	4795943136
13392	9	4795974896
13393	9	4795976928
13394	9	4797382880
13395	9	4797383136
13396	9	4797391072
13397	9	4797391328
13398	9	4797522160
13399	9	4797522416
13400	9	4797653216
13401	9	4797907168
13402	9	4798038256
13403	9	4798040288
13404	9	4798169312
13405	9	4798669552
13406	9	4799375584
13407	9	4799377648
13408	9	4799443696
13409	9	4800700656
13410	9	4801183984
13411	9	4801216752
13412	9	4801474800
13413	9	4801603808
13414	9	4801607904
13415	9	4801700080
13416	9	4801732848
13417	9	4803018976
13418	9	4803216096
13419	9	4803281120
13420	9	4803316960
13421	9	4803666144
13422	9	4803670240
13423	9	4803704032
13424	9	4803732192
13425	9	4803797216
13426	9	4803833056
13427	9	4804993248
13428	9	4805247200
13429	9	4805509344
13430	9	4805763296
13431	9	4805767392
13432	9	4806025440
13433	9	4807213296
13434	9	4807247088
13435	9	4807763184
13436	9	4809310448
13437	9	4809310704
13438	9	4809443552
13439	9	4811407584
13440	9	4811407840
13441	9	4811475168
13442	9	4811507936
13443	9	4811538656
13444	9	4811539680
13445	9	4812024032
13446	9	4812054752
13447	9	4813635808
13448	9	4813636064
13449	9	4814151904
13450	9	4814152160
13451	9	4815930096
13452	9	4817961200
13453	9	4819896544
13454	9	4819900640
13455	9	4819927264
13456	9	4819965152
13457	9	4819997408
13458	9	4820058336
13459	9	4822024416
13460	9	4822024672
13461	9	4822028512
13462	9	4822028768
13463	9	4822286560
13464	9	4824056048
13465	9	4824088816
13466	9	4824121568
13467	9	4824252656
13468	9	4824286448
13469	9	4826349808
13470	9	4826350064
13471	9	4826480880
13472	9	4826482912
13473	9	4828381408
13474	9	4828512496
13475	9	4828514528
13476	9	4842930416
13477	9	4842931440
13478	9	4842938608
13479	9	4842964208
13480	9	4842972400
13481	9	4843446512
13482	9	4843480304
13483	9	4843939056
13484	9	4847126752
13485	9	4847257824
13486	9	4847258848
13487	9	4847266016
13488	9	4847291616
13489	9	4847395056
13490	9	4847396080
13491	9	4847428848
13492	9	4847773920
13493	9	4847807712
13494	9	4848169200
13495	9	4848202992
13496	9	4848362736
13497	9	4848428784
13498	9	4851323120
13499	9	4851356912
13500	9	4851549424
13501	9	4851839216
13502	9	4851873008
13503	9	4852065520
13504	9	4852323568
13505	9	4855515360
13506	9	4855646432
13507	9	4855647456
13508	9	4855650528
13509	9	4855680224
13510	9	4856162528
13511	9	4856166624
13512	9	4856196320
13513	9	4859453680
13514	9	4859487472
13515	9	4859707632
13516	9	4859708656
13517	9	4859741424
13518	9	4859969776
13519	9	4859970800
13520	9	4859972848
13521	9	4860003568
13522	9	4860036336
13523	9	4860102384
13524	9	4860223728
13525	9	4860227824
13526	9	4860257520
13527	9	4860261616
13528	9	4860358896
13529	9	4860392688
13530	9	4860485872
13531	9	4860486896
13532	9	4860519664
13533	9	4860552432
13534	9	4860618480
13535	9	4864036064
13536	9	4864165104
13537	9	4864298208
13538	9	4864681200
13539	9	4864814304
13540	9	4867760368
13541	9	4867794160
13542	9	4867860208
13543	9	4867893472
13544	9	4868155616
13545	9	4868284656
13546	9	4868288752
13547	9	4868318448
13548	9	4868322544
13549	9	4868384496
13550	9	4868388592
13551	9	4872022240
13552	9	4872284384
13553	9	4872546528
13554	9	4872550624
13555	9	4876476656
13556	9	4876477680
13557	9	4876480752
13558	9	4876510448
13559	9	4876514544
13560	9	4876805360
13561	9	4876871408
13562	9	4880805088
13563	9	4880934128
13564	9	4884603120
13565	9	4884604144
13566	9	4884636912
13567	9	4884861168
13568	9	4884894960
13569	9	4888931552
13570	9	4890895600
13571	9	4892992752
13572	9	4892993008
13573	9	4893123824
13574	9	4907876576
13575	9	4910084336
13576	9	4910104800
13577	9	4910106848
13578	9	4910112992
13579	9	4910140640
13580	9	4910244080
13581	9	4910277872
13582	9	4910620896
13583	9	4910656736
13584	9	4911052016
13585	9	4912235744
13586	9	4912751840
13587	9	4914235616
13588	9	4914364640
13589	9	4914372832
13590	9	4914376928
13591	9	4914505952
13592	9	4914880736
13593	9	4915276000
13594	9	4915506400
13595	9	4916265184
13596	9	4918493408
13597	9	4918495456
13598	9	4918497504
13599	9	4918529248
13600	9	4919009504
13601	9	4919013600
13602	9	4919045344
13603	9	4920624352
13604	9	4921140448
13605	9	4922624224
13606	9	4922753248
13607	9	4922757344
13608	9	4922886368
13609	9	4923269344
13610	9	4923273440
13611	9	4923402464
13612	9	4923660512
13613	9	4924653792
13614	9	4924915936
13615	9	4924949744
13616	9	4925432032
13617	9	4925465840
13618	9	4926562544
13619	9	4926628064
13620	9	4926882016
13621	9	4926884064
13622	9	4926917856
13623	9	4926950112
13624	9	4927046896
13625	9	4927078640
13626	9	4927144160
13627	9	4927146208
13628	9	4927180000
13629	9	4927336688
13630	9	4927398112
13631	9	4927402208
13632	9	4927562992
13633	9	4927594736
13634	9	4927660256
13635	9	4927662304
13636	9	4927696096
13637	9	4928915680
13638	9	4929242336
13639	9	4929431776
13640	9	4929758432
13641	9	4930887904
13642	9	4931012832
13643	9	4931013088
13644	9	4931141856
13645	9	4931274976
13646	9	4931404000
13647	9	4931657952
13648	9	4931662048
13649	9	4931791072
13650	9	4931920096
13651	9	4935002336
13652	9	4935264480
13653	9	4935397616
13654	9	4935431408
13655	9	4936966368
13656	9	4937228512
13657	9	4937490656
13658	9	4937494752
13659	9	4939063520
13660	9	4939063776
13661	9	4939131104
13662	9	4939163872
13663	9	4939194592
13664	9	4939325664
13665	9	4939325920
13666	9	4939393248
13667	9	4939426016
13668	9	4939430112
13669	9	4939456736
13670	9	4939460832
13671	9	4939587808
13672	9	4939591904
13673	9	4939592160
13674	9	4939655392
13675	9	4939659488
13676	9	4939688160
13677	9	4939692256
13678	9	4939718880
13679	9	4939722976
13680	9	4941422816
13681	9	4941784816
13682	9	4943589616
13683	9	4943622384
13684	9	4943651040
13685	9	4943653088
13686	9	4943655136
13687	9	4943686880
13688	9	4943782128
13689	9	4943815920
13690	9	4943915232
13691	9	4945684704
13692	9	4947781856
13693	9	4947782112
13694	9	4947910880
13695	9	4947914976
13696	9	4948044000
13697	9	4949549280
13698	9	4951777504
13699	9	4951779552
13700	9	4951813344
13701	9	4951845600
13702	9	4952035552
13703	9	4953811168
13704	9	4954069216
13705	9	4955908320
13706	9	4955908576
13707	9	4956037344
13708	9	4956295392
13709	9	4958003440
13710	9	4958004464
13711	9	4958005472
13712	9	4958037232
13713	9	4960100592
13714	9	4960100848
13715	9	4960233696
13716	9	4972998896
13717	9	4973158640
13718	9	4973192432
13719	9	4973966576
13720	9	4977156336
13721	9	4977189104
13722	9	4977191152
13723	9	4977221872
13724	9	4977255664
13725	9	4978122992
13726	9	4978156784
13727	9	4978158832
13728	9	4978189040
13729	9	4980253936
13730	9	4981350640
13731	9	4981483744
13732	9	4982351088
13733	9	4982382832
13734	9	4982484192
13735	9	4983374064
13736	9	4983407856
13737	9	4983473904
13738	9	4983923952
13739	9	4985348336
13740	9	4985382128
13741	9	4985471216
13742	9	4985505008
13743	9	4985536752
13744	9	4985540848
13745	9	4985569520
13746	9	4985575664
13747	9	4985604320
13748	9	4985606384
13749	9	4985640176
13750	9	4985733360
13751	9	4985735408
13752	9	4985767152
13753	9	4985769200
13754	9	4985799408
13755	9	4986021104
13756	9	4986052848
13757	9	4986056944
13758	9	4986085616
13759	9	4986089712
13760	9	4986091760
13761	9	4986156272
13762	9	4986249456
13763	9	4986283248
13764	9	4986285296
13765	9	4986315504
13766	9	4986543344
13767	9	4987700448
13768	9	4987864304
13769	9	4988380400
13770	9	4989477104
13771	9	4989735152
13772	9	4989864160
13773	9	4989868256
13774	9	4989961456
13775	9	4989993200
13776	9	4990094560
13777	9	4990251248
13778	9	4990380256
13779	9	4990384352
13780	9	4990477552
13781	9	4990509296
13782	9	4990610656
13783	9	4992443632
13784	9	4993925360
13785	9	4994441456
13786	9	4994572528
13787	9	4996022512
13788	9	4996023536
13789	9	4996024544
13790	9	4996056304
13791	9	4996089056
13792	9	4996538608
13793	9	4996572400
13794	9	4998119664
13795	9	4998119920
13796	9	4998252768
13797	9	4998635760
13798	9	4998636016
13799	9	4998768864
13800	9	5000242928
13801	9	5002240240
13802	9	5002274032
13803	9	5002375408
13804	9	5002409200
13805	9	5002502384
13806	9	5002536176
13807	9	5002538224
13808	9	5002568432
13809	9	5006504176
13810	9	5006730480
13811	9	5006863584
13812	9	5008531696
13813	9	5008565488
13814	9	5008631536
13815	9	5008762608
13816	9	5010628848
13817	9	5010629104
13818	9	5010662640
13819	9	5010662896
13820	9	5010694384
13821	9	5010727152
13822	9	5010761952
13823	9	5012791536
13824	9	5012792560
13825	9	5012793568
13826	9	5012825328
13827	9	5014888688
13828	9	5014888944
13829	9	5015021792
13830	9	5016658160
13831	9	5016691952
13832	9	5016758000
13833	9	5016889072
13834	9	5018693872
13835	9	5018726640
13836	9	5018755312
13837	9	5018755568
13838	9	5018789104
13839	9	5018789360
13840	9	5018820848
13841	9	5018822896
13842	9	5018853616
13843	9	5018886384
13844	9	5018888416
13845	9	5018920176
13846	9	5019080944
13847	9	5020918000
13848	9	5020919024
13849	9	5020920032
13850	9	5020951792
13851	9	5021178080
13852	9	5023015152
13853	9	5023015408
13854	9	5023148256
13855	9	5042135280
13856	9	5042201328
13857	9	5044232432
13858	9	5044365536
13859	9	5045231856
13860	9	5045264624
13861	9	5046427872
13862	9	5046461664
13863	9	5047328992
13864	9	5047364832
13865	9	5048525024
13866	9	5049557216
13867	9	5050327792
13868	9	5050517728
13869	9	5050519792
13870	9	5050585840
13871	9	5051033824
13872	9	5051035888
13873	9	5051101936
13874	9	5052358896
13875	9	5052492000
13876	9	5052616944
13877	9	5052713184
13878	9	5052745952
13879	9	5052750048
13880	9	5052842224
13881	9	5052874992
13882	9	5053133040
13883	9	5053262048
13884	9	5053266144
13885	9	5053358320
13886	9	5053391088
13887	9	5054677216
13888	9	5054808288
13889	9	5054809312
13890	9	5054812384
13891	9	5054846176
13892	9	5054874336
13893	9	5054939360
13894	9	5054975200
13895	9	5055293664
13896	9	5055297760
13897	9	5055324384
13898	9	5055328480
13899	9	5055362272
13900	9	5055390432
13901	9	5055455456
13902	9	5055491296
13903	9	5055749344
13904	9	5056651488
13905	9	5056905440
13906	9	5056909536
13907	9	5057167584
13908	9	5057421536
13909	9	5057425632
13910	9	5057683680
13911	9	5058871536
13912	9	5058905328
13913	9	5059421424
13914	9	5060968688
13915	9	5060968944
13916	9	5061101792
13917	9	5063133408
13918	9	5063197920
13919	9	5067354864
13920	9	5069385968
13921	9	5069611248
13922	9	5069644016
13923	9	5071446240
13924	9	5071643360
13925	9	5071708384
13926	9	5071744224
13927	9	5073674464
13928	9	5073678560
13929	9	5073936608
13930	9	5075640560
13931	9	5075674352
13932	9	5077737712
13933	9	5077737968
13934	9	5077870816
13935	9	5079834848
13936	9	5079835104
13937	9	5079902432
13938	9	5079935200
13939	9	5079965920
13940	9	5082063072
13941	9	5082063328
13942	9	5083767024
13943	9	5083800816
13944	9	5084058864
13945	9	5085864176
13946	9	5085864432
13947	9	5085997280
13948	9	5087961312
13949	9	5087961568
13950	9	5088028896
13951	9	5088061664
13952	9	5088092384
13953	9	5088286944
13954	9	5090189536
13955	9	5090189792
13956	9	5109203184
13957	9	5109236976
13958	9	5109303024
13959	9	5109753072
13960	9	5111144688
13961	9	5111300336
13962	9	5111334128
13963	9	5111365872
13964	9	5111398640
13965	9	5111433440
13966	9	5111850224
13967	9	5111881968
13968	9	5111914736
13969	9	5112078576
13970	9	5112112368
13971	9	5112144624
13972	9	5113465056
13973	9	5113529568
13974	9	5114209520
13975	9	5115693280
13976	9	5116209376
13977	9	5116306672
13978	9	5116338416
13979	9	5116439776
13980	9	5117429488
13981	9	5118137584
13982	9	5119426800
13983	9	5119460592
13984	9	5119791344
13985	9	5119951088
13986	9	5119984880
13987	9	5120017136
13988	9	5120234736
13989	9	5120266480
13990	9	5120299248
13991	9	5124081888
13992	9	5124215024
13993	9	5124312288
13994	9	5124593888
13995	9	5126276336
13996	9	5128143088
13997	9	5128373488
13998	9	5128405232
13999	9	5128471792
14000	9	5128504560
14001	9	5132470496
14002	9	5132474592
14003	9	5132599536
14004	9	5134198512
14005	9	5136195824
14006	9	5136229616
14007	9	5136487664
14008	9	5142521072
14009	9	5144618224
14010	9	5144618480
14011	9	5144649968
14012	9	5144749296
14013	9	5146747120
14014	9	5146780912
14015	9	5148844272
14016	9	5148844528
14017	9	5148977376
14018	9	5176346848
14019	9	5176862944
14020	9	5178542304
14021	9	5178575072
14022	9	5179091168
14023	9	5179187440
14024	9	5179220208
14025	9	5180506336
14026	9	5180573920
14027	9	5180606688
14028	9	5180637408
14029	9	5180638432
14030	9	5180703456
14031	9	5181122784
14032	9	5181153504
14033	9	5181219552
14034	9	5181284576
14035	9	5182734560
14036	9	5183250656
14037	9	5183512800
14038	9	5185247456
14039	9	5186963680
14040	9	5187096816
14041	9	5187475680
14042	9	5188632800
14043	9	5188829920
14044	9	5189026016
14045	9	5189092064
14046	9	5189157088
14047	9	5189507296
14048	9	5189538016
14049	9	5189604064
14050	9	5190861024
14051	9	5191123168
14052	9	5191385312
14053	9	5191389408
14054	9	5191635168
14055	9	5193351408
14056	9	5193385200
14057	9	5193417456
14058	9	5195448560
14059	9	5195581664
14060	9	5205401824
14061	9	5205598944
14062	9	5205856992
14063	9	5207630048
14064	9	5207888096
14065	9	5239005424
14066	9	5239071472
14067	9	5239779568
14068	9	5239845616
14069	9	5241102576
14070	9	5241585904
14071	9	5241618672
14072	9	5241876720
14073	9	5242102000
14074	9	5242134768
14075	9	5243134704
14076	9	5243420912
14077	9	5243453680
14078	9	5243454704
14079	9	5243455728
14080	9	5243519728
14081	9	5243521776
14082	9	5243969776
14083	9	5243970800
14084	9	5243971824
14085	9	5244035824
14086	9	5244037872
14087	9	5245518064
14088	9	5245550832
14089	9	5245649136
14090	9	5245681904
14091	9	5246066928
14092	9	5246165232
14093	9	5246198000
14094	9	5247615216
14095	9	5247649008
14096	9	5247746272
14097	9	5247748320
14098	9	5247782112
14099	9	5248165104
14100	9	5248262368
14101	9	5248298208
14102	9	5249712368
14103	9	5249712624
14104	9	5249845472
14105	9	5251842288
14106	9	5251908336
14107	9	5253939440
14108	9	5254074608
14109	9	5254168816
14110	9	5254201584
14111	9	5254300400
14112	9	5256134880
14113	9	5256265968
14114	9	5256299760
14115	9	5256332016
14116	9	5258363120
14117	9	5258496224
14118	9	5260395248
14119	9	5260460272
14120	9	5260494064
14121	9	5260526320
14122	9	5262557424
14123	9	5262688496
14124	9	5264457968
14125	9	5264688368
14126	9	5264786672
14127	9	5264819440
14128	9	5264821472
14129	9	5268288240
14130	9	5268415216
14131	9	5268417264
14132	9	5270319344
14133	9	5270413552
14134	9	5270446320
14135	9	5270448368
14136	9	5270544624
14137	9	5270577392
14138	9	5272510704
14139	9	5272544496
14140	9	5274607856
14141	9	5274608112
14142	9	5274740960
14143	9	5310529776
14144	9	5310562544
14145	9	5310563056
14146	9	5310563312
14147	9	5310696160
14148	9	5311078640
14149	9	5314758880
14150	9	5314855136
14151	9	5314887904
14152	9	5315274976
14153	9	5315371232
14154	9	5315404000
14155	9	5319213808
14156	9	5323243744
14157	9	5323276512
14158	9	5323280608
14159	9	5323409632
14160	9	5323506400
14161	9	5327339760
14162	9	5327569136
14163	9	5327601904
14164	9	5327700720
14165	9	5331632352
14166	9	5331763440
14167	9	5331894496
14168	9	5335458544
14169	9	5335591648
14170	9	5339654368
14171	9	5522407664
14172	9	5522440432
14173	9	5522441456
14174	9	5522442464
14175	9	5522473184
14176	9	5522940144
14177	9	5522972912
14178	9	5522973936
14179	9	5523005664
14180	9	5523390704
14181	9	5523424496
14182	9	5523490544
14183	9	5526733024
14184	9	5527265504
14185	9	5527652576
14186	9	5527717088
14187	9	5539258592
14188	9	5540159728
14189	9	5540193520
14190	9	5540259568
14191	9	5544421600
14192	9	5544486112
14193	9	5555962096
14194	9	5555963120
14195	9	5555995888
14196	9	5556478192
14197	9	5556511984
14198	9	5589551328
14199	9	5589582048
14200	9	5590114528
14201	9	5592596704
14202	9	5592630496
14203	9	5594693856
14204	9	5606367456
14205	9	5609365728
14206	9	5609399520
14207	9	5611462880
14208	9	5620908256
14209	9	5623105760
14210	9	5623136480
14211	9	5623621856
14212	9	5623652576
14213	9	5625168096
14214	9	5625684192
14215	9	5648236784
14216	9	5648270576
14217	9	5648769264
14218	9	5648803056
14219	9	5649253616
14220	9	5652562144
14221	9	5653094624
14222	9	5653481696
14223	9	5653546208
14224	9	5654986976
14225	9	5656428768
14226	9	5657153776
14227	9	5657184480
14228	9	5657187568
14229	9	5657215200
14230	9	5657217248
14231	9	5657219296
14232	9	5657251040
14233	9	5657346288
14234	9	5657380080
14235	9	5657446128
14236	9	5661346016
14237	9	5661475040
14238	9	5661608160
14239	9	5661672672
14240	9	5661870304
14241	9	5661934816
14242	9	5665538288
14243	9	5665539312
14244	9	5665546480
14245	9	5665572080
14246	9	5665580272
14247	9	5666062576
14248	9	5666063600
14249	9	5666064608
14250	9	5666096368
14251	9	5666260208
14252	9	5666326256
14253	9	5670003952
14254	9	5670520048
14255	9	5673214176
14256	9	5673468128
14257	9	5673470176
14258	9	5673472224
14259	9	5673503968
14260	9	5673536224
14261	9	5673599216
14262	9	5673633008
14263	9	5673699056
14264	9	5673922800
14265	9	5673953504
14266	9	5673955568
14267	9	5673956592
14268	9	5673984224
14269	9	5673988320
14270	9	5674115312
14271	9	5674149104
14272	9	5674215152
14273	9	5677598944
14274	9	5677861088
14275	9	5677925600
14276	9	5678115040
14277	9	5678244064
14278	9	5678248160
14279	9	5678377184
14280	9	5678441696
14281	9	5681791216
14282	9	5681792240
14283	9	5681825008
14284	9	5682307312
14285	9	5682341104
14286	9	5698831600
14287	9	5715380448
14288	9	5715411168
14289	9	5715943648
14290	9	5718459616
14291	9	5722095840
14292	9	5723537632
14293	9	5724293344
14294	9	5724324064
14295	9	5724328160
14296	9	5726290144
14297	9	5726323936
14298	9	5726552288
14299	9	5726586080
14300	9	5726814432
14301	9	5726848224
14302	9	5728387296
14303	9	5728387552
14304	9	5728657632
14305	9	5728911584
14306	9	5729173728
14307	9	5730484448
14308	9	5731008736
14309	9	5732681952
14310	9	5732692208
14311	9	5732712672
14312	9	5732720864
14313	9	5732851952
14314	9	5732885744
14315	9	5732918000
14316	9	5733173472
14317	9	5733206240
14318	9	5733236960
14319	9	5733368048
14320	9	5733369072
14321	9	5733370080
14322	9	5733401840
14323	9	5734744288
14324	9	5734752480
14325	9	5735466208
14326	9	5740323040
14327	9	5740576992
14328	9	5740581088
14329	9	5741062368
14330	9	5741093088
14331	9	5741097184
14332	9	5742543072
14333	9	5742576864
14334	9	5742609120
14335	9	5742805216
14336	9	5742839008
14337	9	5743321312
14338	9	5743355104
14339	9	5744640224
14340	9	5744640480
14341	9	5744902368
14342	9	5745418464
14343	9	5746737376
14344	9	5748934880
14345	9	5748965600
14346	9	5749450976
14347	9	5749481696
14348	9	5750997216
14349	9	5751513312
14350	9	5757323488
14351	9	5757354208
14352	9	5757616352
14353	9	5759385824
14354	9	5765939440
14355	9	5765941472
14356	9	5789204720
14357	9	5789238512
14358	9	5789304560
14359	9	5791301872
14360	9	5791335664
14361	9	5791367408
14362	9	5791400176
14363	9	5791434976
14364	9	5791441120
14365	9	5791826160
14366	9	5791859952
14367	9	5791892208
14368	9	5793563872
14369	9	5795834080
14370	9	5796088032
14371	9	5796283632
14372	9	5796316400
14373	9	5798117616
14374	9	5798151408
14375	9	5798217456
14376	9	5799764208
14377	9	5799796976
14378	9	5799829728
14379	9	5800214768
14380	9	5800248560
14381	9	5800280304
14382	9	5800313072
14383	9	5800345840
14384	9	5800346864
14385	9	5800347872
14386	9	5800379632
14387	9	5801861360
14388	9	5801895152
14389	9	5802444000
14390	9	5803958512
14391	9	5803958768
14392	9	5804474608
14393	9	5804476640
14394	9	5805557488
14395	9	5806007536
14396	9	5807554800
14397	9	5807588592
14398	9	5807687904
14399	9	5808104688
14400	9	5808136432
14401	9	5808169200
14402	9	5810332896
14403	9	5822596848
14404	9	5824397552
14405	9	5824430320
14406	9	5824463072
14407	9	5824594160
14408	9	5824627952
14409	9	5824725232
14410	9	5824726256
14411	9	5824727264
14412	9	5824759024
14413	9	5828593888
14414	9	5828594144
14415	9	5828854000
14416	9	5828856032
14417	9	5830689008
14418	9	5830691040
14419	9	5830722800
14420	9	5832786160
14421	9	5832786416
14422	9	5832919264
14423	9	5856348384
14424	9	5858445536
14425	9	5858549984
14426	9	5858582752
14427	9	5858586848
14428	9	5858715872
14429	9	5858969824
14430	9	5858973920
14431	9	5859066592
14432	9	5859197680
14433	9	5860507872
14434	9	5861032160
14435	9	5865226480
14436	9	5865260272
14437	9	5865292528
14438	9	5866938592
14439	9	5867323632
14440	9	5869420768
14441	9	5873117408
14442	9	5874698464
14443	9	5875214560
14444	9	5876760800
14445	9	5889671920
14446	9	5891571936
14447	9	5891576032
14448	9	5891703024
14449	9	5893800160
14450	9	5897797872
14451	9	5897799904
14452	9	5897830640
14453	9	5897832672
14454	9	5897863392
14455	9	5899960544
14456	9	5899960800
14457	9	5916680432
14458	9	5916714224
14459	9	5917680880
14460	9	5921005792
14461	9	5921908960
14462	9	5921973472
14463	9	5925064944
14464	9	5925098736
14465	9	5925291248
14466	9	5925581040
14467	9	5925614832
14468	9	5925807344
14469	9	5929257184
14470	9	5929386208
14471	9	5929519328
14472	9	5929583840
14473	9	5929773280
14474	9	5929902304
14475	9	5929906400
14476	9	5930035424
14477	9	5930099936
14478	9	5933449456
14479	9	5933450480
14480	9	5933483248
14481	9	5933965552
14482	9	5933999344
14483	9	5941895392
14484	9	5941897440
14485	9	5941899488
14486	9	5941931232
14487	9	5942026480
14488	9	5942060272
14489	9	5942126320
14490	9	5946026208
14491	9	5946288352
14492	9	5946352864
14493	9	5950218480
14494	9	5950219504
14495	9	5950252272
14496	9	5958344944
14497	9	5958345968
14498	9	5958378736
14499	9	5983854816
14500	9	5986886880
14501	9	5990007008
14502	9	5991981280
14503	9	5992204512
14504	9	5992235232
14505	9	5992239328
14506	9	5992720608
14507	9	5992751328
14508	9	5992755424
14509	9	5994497248
14510	9	5995013344
14511	9	5998395616
14512	9	6000593120
14513	9	6000623840
14514	9	6001109216
14515	9	6001139936
14516	9	6002655456
14517	9	6003171552
14518	9	6009004256
14519	9	6009008352
14520	9	6010970336
14521	9	6011004128
14522	9	6011232480
14523	9	6011266272
14524	9	6013067488
14525	9	6013067744
14526	9	6013329632
14527	9	6015164640
14528	9	6017362144
14529	9	6017392864
14530	9	6019424480
14531	9	6023291104
14532	9	6025488608
14533	9	6025519328
14534	9	6027550944
14535	9	6057115872
14536	9	6057115888
14537	9	6057149680
14538	9	6057215728
14539	9	6057665776
14540	9	6059213040
14541	9	6059246832
14542	9	6059278576
14543	9	6059311344
14544	9	6059344096
14545	9	6059346144
14546	9	6059379936
14547	9	6059762928
14548	9	6059794672
14549	9	6059827440
14550	9	6059860192
14551	9	6059896032
14552	9	6061475040
14553	9	6061991136
14554	9	6063474912
14555	9	6063603936
14556	9	6064120032
14557	9	6073984752
14558	9	6075982064
14559	9	6076015856
14560	9	6076115168
14561	9	6080243936
14562	9	6124224736
14563	9	6124257504
14564	9	6124259552
14565	9	6124325600
14566	9	6124773600
14567	9	6124775648
14568	9	6126356704
14569	9	6126452960
14570	9	6126485728
14571	9	6126872800
14572	9	6126969056
14573	9	6127001824
14574	9	6128419040
14575	9	6130516192
14576	9	6130516448
14577	9	6141094624
14578	9	6143125728
14579	9	6145188064
14580	9	6147285216
14581	9	6147285472
14582	9	6182944992
14583	9	6182945008
14584	9	6182978800
14585	9	6183044848
14586	9	6183494896
14587	9	6185042160
14588	9	6185075952
14589	9	6185107696
14590	9	6185140464
14591	9	6185173216
14592	9	6185175264
14593	9	6185209056
14594	9	6185592048
14595	9	6185623792
14596	9	6185656560
14597	9	6185689312
14598	9	6185725152
14599	9	6187304160
14600	9	6187820256
14601	9	6189304032
14602	9	6189433056
14603	9	6189949152
14604	9	6191171312
14605	9	6191879408
14606	9	6193301728
14607	9	6193533168
14608	9	6193561824
14609	9	6193692912
14610	9	6193726704
14611	9	6193758960
14612	9	6195692768
14613	9	6197821664
14614	9	6197825760
14615	9	6197954784
14616	9	6200018160
14617	9	6201884912
14618	9	6202115312
14619	9	6202147056
14620	9	6202213616
14621	9	6202246384
14622	9	6202248416
14623	9	6204310752
14624	9	6206210272
14625	9	6206341360
14626	9	6206343392
14627	9	6207940336
14628	9	6209937648
14629	9	6209971440
14630	9	6210070752
14631	9	6210229488
14632	9	6214199520
14633	9	6250053856
14634	9	6250086624
14635	9	6250088672
14636	9	6250154720
14637	9	6250602720
14638	9	6250604768
14639	9	6252185824
14640	9	6252282080
14641	9	6252314848
14642	9	6252701920
14643	9	6252798176
14644	9	6252830944
14645	9	6254248160
14646	9	6256345312
14647	9	6256345568
14648	9	6258475232
14649	9	6258989280
14650	9	6260670688
14651	9	6260703456
14652	9	6260707552
14653	9	6260836576
14654	9	6260933344
14655	9	6262898912
14656	9	6262964960
14657	9	6264996064
14658	9	6267028192
14659	9	6267093216
14660	9	6267093232
14661	9	6267127024
14662	9	6267159280
14663	9	6269059296
14664	9	6269190384
14665	9	6269321440
14666	9	6275050208
14667	9	6277081312
14668	9	6279143648
14669	9	6281240800
14670	9	6281241056
14671	9	6325584112
14672	9	6325650160
14673	9	6327681264
14674	9	6327814368
14675	9	6327910640
14676	9	6327943408
14677	9	6328042224
14678	9	6329876704
14679	9	6329942752
14680	9	6330007776
14681	9	6330007792
14682	9	6330041584
14683	9	6330073840
14684	9	6331973856
14685	9	6332104944
14686	9	6332236000
14687	9	6334137072
14688	9	6338199792
14689	9	6392824544
14690	9	6392955632
14691	9	6396887264
14692	9	6397116640
14693	9	6397149408
14694	9	6401081584
14695	9	6587695344
14696	9	6587729136
14697	9	6587795184
14698	9	6588326128
14699	9	6588752112
14700	9	6588785904
14701	9	6588851952
14702	9	6591957216
14703	9	6592618720
14704	9	6593013984
14705	9	6594511072
14706	9	6596708576
14707	9	6596718832
14708	9	6596739296
14709	9	6596741344
14710	9	6596747488
14711	9	6596775136
14712	9	6596878576
14713	9	6596912368
14714	9	6596944624
14715	9	6596978416
14716	9	6600870112
14717	9	6600999136
14718	9	6601007328
14719	9	6601011424
14720	9	6601140448
14721	9	6601394400
14722	9	6601398496
14723	9	6601458912
14724	9	6605070576
14725	9	6605104368
14726	9	6605332720
14727	9	6605366512
14728	9	6605586672
14729	9	6605587696
14730	9	6605588704
14731	9	6605620464
14732	9	6612992224
14733	9	6612994272
14734	9	6613028064
14735	9	6613060320
14736	9	6613477600
14737	9	6613508320
14738	9	6613639408
14739	9	6613673200
14740	9	6613739248
14741	9	6617123040
14742	9	6617639136
14743	9	6617768160
14744	9	6617901280
14745	9	6617965792
14746	9	6621315312
14747	9	6621316336
14748	9	6621349104
14749	9	6621831408
14750	9	6621865200
14751	9	6629449968
14752	9	6629483760
14753	9	6629708016
14754	9	6629741808
14755	9	6630740208
14756	9	6630741232
14757	9	6630742240
14758	9	6630774000
14759	9	6635996400
14760	9	6638093552
14761	9	6638093808
14762	9	6656901344
14763	9	6656935136
14764	9	6657958112
14765	9	6657991904
14766	9	6658998496
14767	9	6658998752
14768	9	6660047072
14769	9	6660055264
14770	9	6660055520
14771	9	6660317408
14772	9	6661619936
14773	9	6663817440
14774	9	6663848160
14775	9	6663856352
14776	9	6665814240
14777	9	6665848032
14778	9	6666084576
14779	9	6666118368
14780	9	6666150624
14781	9	6666338528
14782	9	6666372320
14783	9	6667911392
14784	9	6667911648
14785	9	6668181728
14786	9	6668181984
14787	9	6668435680
14788	9	6668697824
14789	9	6670532832
14790	9	6672244960
14791	9	6672441584
14792	9	6672474352
14793	9	6672476384
14794	9	6672507104
14795	9	6672697568
14796	9	6672730336
14797	9	6672761056
14798	9	6674276576
14799	9	6680101088
14800	9	6680586464
14801	9	6680617184
14802	9	6682067168
14803	9	6682100960
14804	9	6682133216
14805	9	6682845408
14806	9	6682879200
14807	9	6684164320
14808	9	6684164576
14809	9	6684942560
14810	9	6686261472
14811	9	6688458976
14812	9	6688489696
14813	9	6688975072
14814	9	6689005792
14815	9	6690521312
14816	9	6691037408
14817	9	6694650080
14818	9	6695686368
14819	9	6696624352
14820	9	6696847584
14821	9	6696878304
14822	9	6696882400
14823	9	6697140448
14824	9	6697851104
14825	9	6697883872
14826	9	6697914592
14827	9	6698655968
14828	9	6698909920
14829	9	6698914016
14830	9	6703106272
14831	9	6726699232
14832	9	6726828256
14833	9	6726836448
14834	9	6726840544
14835	9	6726969568
14836	9	6727223520
14837	9	6727227616
14838	9	6727288032
14839	9	6728728800
14840	9	6730926304
14841	9	6730957024
14842	9	6730959072
14843	9	6730961120
14844	9	6730992864
14845	9	6731092208
14846	9	6731126000
14847	9	6731192048
14848	9	6735087840
14849	9	6735216864
14850	9	6735220960
14851	9	6735349984
14852	9	6735354080
14853	9	6735414496
14854	9	6739284208
14855	9	6739318000
14856	9	6739542256
14857	9	6739543280
14858	9	6739544288
14859	9	6739576048
14860	9	6746947808
14861	9	6746949856
14862	9	6746956000
14863	9	6746983648
14864	9	6747015904
14865	9	6747209952
14866	9	6747212000
14867	9	6747214048
14868	9	6747245792
14869	9	6747345136
14870	9	6747378928
14871	9	6747444976
14872	9	6747691232
14873	9	6747721952
14874	9	6751078624
14875	9	6751340768
14876	9	6751602912
14877	9	6751607008
14878	9	6751667424
14879	9	6751852768
14880	9	6751981792
14881	9	6752377056
14882	9	6752441568
14883	9	6755279088
14884	9	6755312880
14885	9	6755537136
14886	9	6755570928
14887	9	6756569328
14888	9	6756570352
14889	9	6756571360
14890	9	6756603120
14891	9	6763663600
14892	9	6763697392
14893	9	6769951984
14894	9	6772049136
14895	9	6772049392
14896	9	6787449056
14897	9	6789646560
14898	9	6789677280
14899	9	6789685472
14900	9	6792201440
14901	9	6795837664
14902	9	6798035168
14903	9	6798065888
14904	9	6798069984
14905	9	6800031968
14906	9	6800065760
14907	9	6800294112
14908	9	6800298208
14909	9	6800327904
14910	9	6800332000
14911	9	6802129120
14912	9	6802129376
14913	9	6802391264
14914	9	6802395360
14915	9	6802395616
14916	9	6804226272
14917	9	6804488416
14918	9	6806423776
14919	9	6806454496
14920	9	6806458592
14921	9	6806653152
14922	9	6806685920
14923	9	6806716640
14924	9	6808486112
14925	9	6808490208
14926	9	6814056672
14927	9	6814064864
14928	9	6814318816
14929	9	6814322912
14930	9	6814800096
14931	9	6814830816
14932	9	6814839008
14933	9	6816022752
14934	9	6816056544
14935	9	6816088800
14936	9	6816284896
14937	9	6816318688
14938	9	6816547040
14939	9	6816551136
14940	9	6816580832
14941	9	6816584928
14942	9	6817321184
14943	9	6817354976
14944	9	6818119904
14945	9	6818120160
14946	9	6818382048
14947	9	6818382304
14948	9	6818644192
14949	9	6818648288
14950	9	6818648544
14951	9	6819418336
14952	9	6819680480
14953	9	6820479200
14954	9	6821515488
14955	9	6822453472
14956	9	6822676704
14957	9	6822707424
14958	9	6822711520
14959	9	6822969568
14960	9	6823680224
14961	9	6823712992
14962	9	6823743712
14963	9	6824485088
14964	9	6824739040
14965	9	6824743136
14966	9	6828605664
14967	9	6830803168
14968	9	6830833888
14969	9	6830837984
14970	9	6831577312
14971	9	6831608032
14972	9	6831870176
14973	9	6832865504
14974	9	6832869600
14975	9	6833639648
14976	9	6837061856
14977	9	6837836000
14978	9	6856728816
14979	9	6856761584
14980	9	6857179376
14981	9	6857213168
14982	9	6857245424
14983	9	6861185264
14984	9	6861441248
14985	9	6865113328
14986	9	6865146096
14987	9	6865176800
14988	9	6865305840
14989	9	6865339632
14990	9	6865371888
14991	9	6867305696
14992	9	6869567712
14993	9	6871335152
14994	9	6871368944
14995	9	6871434992
14996	9	6873432304
14997	9	6873432560
14998	9	6873466096
14999	9	6873466352
15000	9	6873497840
15001	9	6873530608
15002	9	6873563360
15003	9	6873565408
15004	9	6873599200
15005	9	6875597024
15006	9	6881429728
15007	9	6881558768
15008	9	6881592560
15009	9	6881624816
15010	9	6881882352
15011	9	6882332912
15012	9	6882366704
15013	9	6882398960
15014	9	6885820640
15015	9	6886594784
15016	9	6887588080
15017	9	6887621872
15018	9	6887687920
15019	9	6889529584
15020	9	6889562336
15021	9	6889685232
15022	9	6889685488
15023	9	6889719024
15024	9	6889719280
15025	9	6889750768
15026	9	6889783536
15027	9	6889816288
15028	9	6889818336
15029	9	6889852128
15030	9	6891849952
15031	9	6895714544
15032	9	6895748336
15033	9	6895780592
15034	9	6895814384
15035	9	6897811696
15036	9	6897811952
15037	9	6897845488
15038	9	6897845744
15039	9	6897877232
15040	9	6897877744
15041	9	6897878000
15042	9	6897910000
15043	9	6897942752
15044	9	6897944800
15045	9	6897978592
15046	9	6898010848
15047	9	6898651376
15048	9	6898684144
15049	9	6898716896
15050	9	6899976416
15051	9	6900750560
15052	9	6924067056
15053	9	6924323040
15054	9	6926385376
15055	9	6930090208
15056	9	6932187360
15057	9	6932449504
15058	9	6934249696
15059	9	6934511840
15060	9	6940672224
15061	9	6942638304
15062	9	6942638560
15063	9	6946859232
15064	9	6948440288
15065	9	6948702432
15066	9	6948956384
15067	9	6949476576
15068	9	6950502624
15069	9	6950764768
15070	9	6951538912
15071	9	6956925152
15072	9	6958891232
15073	9	6958891488
15074	9	6965051616
15075	9	6965825760
15076	9	6967017696
15077	9	6967017952
15078	9	6991160560
15079	9	6994485472
15080	9	6994610400
15081	9	6994739424
15082	9	6995126496
15083	9	6995255520
15084	9	6995388640
15085	9	6995453152
15086	9	6998904032
15087	9	6999037168
15088	9	7002736864
15089	9	7002999008
15090	9	7003128032
15091	9	7003132128
15092	9	7003261152
15093	9	7003265248
15094	9	7003325664
15095	9	7003511008
15096	9	7003640032
15097	9	7007195376
15098	9	7007229168
15099	9	7007453424
15100	9	7007454448
15101	9	7007455456
15102	9	7007487216
15103	9	7015375072
15104	9	7015377120
15105	9	7015410912
15106	9	7015633120
15107	9	7019505888
15108	9	7019763936
15109	9	7023698160
15110	9	7023731952
15111	9	7055360224
15112	9	7057557728
15113	9	7057588448
15114	9	7058073824
15115	9	7058104544
15116	9	7060366560
15117	9	7065714912
15118	9	7065946336
15119	9	7065977056
15120	9	7066458336
15121	9	7066489056
15122	9	7067976928
15123	9	7068239072
15124	9	7068243168
15125	9	7072399584
15126	9	7074334944
15127	9	7074365664
15128	9	7074369760
15129	9	7074564320
15130	9	7074597088
15131	9	7074627808
15132	9	7076397280
15133	9	7076401376
15134	9	7082483936
15135	9	7082741984
15136	9	7084450016
15137	9	7084483808
15138	9	7086547168
15139	9	7086547424
15140	9	7090841824
15141	9	7090872544
15142	9	7092904160
15143	9	7124566256
15144	9	7124600048
15145	9	7124697312
15146	9	7124733152
15147	9	7125116144
15148	9	7125147888
15149	9	7125180656
15150	9	7125213408
15151	9	7125249248
15152	9	7127344352
15153	9	7128828128
15154	9	7133057264
15155	9	7133217008
15156	9	7133250800
15157	9	7133283056
15158	9	7135216864
15159	9	7137478880
15160	9	7139280112
15161	9	7141377264
15162	9	7141377520
15163	9	7141409008
15164	9	7141510368
15165	9	7143508192
15166	9	7153723616
15167	9	7189678816
15168	9	7191709920
15169	9	7191806176
15170	9	7191838944
15171	9	7192226016
15172	9	7192322272
15173	9	7192355040
15174	9	7193772256
15175	9	7200360672
15176	9	7202423008
15177	9	7208583392
15178	9	7214574304
15179	9	7216605408
15180	9	7256686816
15181	9	7258595568
15182	9	7258628336
15183	9	7258661088
15184	9	7258853616
15185	9	7258886384
15186	9	7258915040
15187	9	7258917088
15188	9	7258919136
15189	9	7258950880
15190	9	7259046128
15191	9	7259079920
15192	9	7259112176
15193	9	7259820272
15194	9	7259854064
15195	9	7259886320
15196	9	7261045984
15197	9	7262920928
15198	9	7263045856
15199	9	7263174880
15200	9	7263178976
15201	9	7263308000
15202	9	7264082144
15203	9	7267043552
15204	9	7267815648
15205	9	7267851488
15206	9	7267946736
15207	9	7267980528
15208	9	7268012784
15209	9	7269946592
15210	9	7271172320
15211	9	7272075488
15212	9	7272208608
15213	9	7275364592
15214	9	7276138736
15215	9	7277463776
15216	9	7278237920
15217	9	7279560928
15218	9	7279561184
15219	9	7279689952
15220	9	7280464096
15221	9	7298355424
15222	9	7298355440
15223	9	7298389232
15224	9	7298455280
15225	9	7300452592
15226	9	7300452848
15227	9	7300486384
15228	9	7300486640
15229	9	7300518128
15230	9	7300550896
15231	9	7300583648
15232	9	7300585696
15233	9	7300619488
15234	9	7302617312
15235	9	7304714464
15236	9	7304714720
15237	9	7304843488
15238	9	7323574496
15239	9	7323795680
15240	9	7323828448
15241	9	7323830496
15242	9	7323832544
15243	9	7323896544
15244	9	7325769952
15245	9	7325802720
15246	9	7325927648
15247	9	7326023904
15248	9	7326028000
15249	9	7326056672
15250	9	7326060768
15251	9	7326189792
15252	9	7326286560
15253	9	7326963936
15254	9	7327060704
15255	9	7327989984
15256	9	7328252128
15257	9	7329026272
15258	9	7330087136
15259	9	7330087392
15260	9	7330349280
15261	9	7331123424
15262	9	7332023008
15263	9	7332729056
15264	9	7332731104
15265	9	7334054112
15266	9	7334828256
15267	9	7334924512
15268	9	7334957280
15269	9	7335090400
15270	9	7335187168
15271	9	7336116448
15272	9	7337152736
15273	9	7338213600
15274	9	7338213856
15275	9	7339249888
15276	9	7340310752
15277	9	7340507872
15278	9	7341282016
15279	9	7342538976
15280	9	7343313120
15281	9	7365464288
15282	9	7365661408
15283	9	7367692512
15284	9	7369658592
15285	9	7369658848
15286	9	7371755744
15287	9	7371756000
15288	9	7390904560
15289	9	7390937328
15290	9	7390938352
15291	9	7390939360
15292	9	7391003376
15293	9	7392911600
15294	9	7393001712
15295	9	7393034480
15296	9	7393134816
15297	9	7393167584
15298	9	7395098848
15299	9	7395166432
15300	9	7395199200
15301	9	7395229920
15302	9	7395295968
15303	9	7397327072
15304	9	7399129840
15305	9	7399837936
15306	9	7399838960
15307	9	7399839968
15308	9	7399903984
15309	9	7401128176
15310	9	7401160944
15311	9	7401935088
15312	9	7402068192
15313	9	7403225312
15314	9	7403422432
15315	9	7404130528
15316	9	7404196576
15317	9	7405453536
15318	9	7406227680
15319	9	7458048224
15320	9	7458177760
15321	9	7462207712
15322	9	7462240480
15323	9	7466304224
15324	9	7466948832
15325	9	7467078368
15326	9	7470334176
15327	9	7470366944
15328	9	7471141088
15329	9	7662493920
15330	9	7662493936
15331	9	7662527728
15332	9	7662593776
15333	9	7666753760
15334	9	7668252896
15335	9	7668286688
15336	9	7670350048
15337	9	7670350304
15338	9	7670417632
15339	9	7670450400
15340	9	7670458592
15341	9	7670460656
15342	9	7670481120
15343	9	7670489312
15344	9	7670514912
15345	9	7670523104
15346	9	7670555360
15347	9	7670620384
15348	9	7670620400
15349	9	7670654192
15350	9	7670720240
15351	9	7670874336
15352	9	7674609888
15353	9	7674618080
15354	9	7674880224
15355	9	7675134176
15356	9	7675331808
15357	9	7678812400
15358	9	7678846192
15359	9	7679328496
15360	9	7679329520
15361	9	7679330528
15362	9	7679362288
15363	9	7679395040
15364	9	7686602976
15365	9	7686734048
15366	9	7686767840
15367	9	7687186656
15368	9	7687219424
15369	9	7687250144
15370	9	7687283936
15371	9	7690862816
15372	9	7691378912
15373	9	7703191792
15374	9	7703225584
15375	9	7703447776
15376	9	7703774432
15377	9	7705543904
15378	9	7709738224
15379	9	7711835376
15380	9	7711835632
15381	9	7729602784
15382	9	7735361760
15383	9	7735395552
15384	9	7737458912
15385	9	7737729248
15386	9	7737983200
15387	9	7744274656
15388	9	7744308448
15389	9	7746371808
15390	9	7752164576
15391	9	7753711840
15392	9	7768391904
15393	9	7768425696
15394	9	7770489056
15395	9	7770489312
15396	9	7770751200
15397	9	7776846048
15398	9	7796483312
15399	9	7800447200
15400	9	7800709344
15401	9	7800963296
15402	9	7802470624
15403	9	7802504416
15404	9	7804567776
15405	9	7804635360
15406	9	7804668128
15407	9	7804672224
15408	9	7804698848
15409	9	7804702944
15410	9	7804732640
15411	9	7804736736
15412	9	7804829920
15413	9	7808827616
15414	9	7808831712
15415	9	7809089760
15416	9	7813023968
15417	9	7815120096
15418	9	7820697824
15419	9	7820731616
15420	9	7820820704
15421	9	7820951776
15422	9	7820955872
15423	9	7820985568
15424	9	7820989664
15425	9	7821082848
15426	9	7821404384
15427	9	7821856992
15428	9	7824826592
15429	9	7825080544
15430	9	7825084640
15431	9	7825342688
15432	9	7826116832
15433	9	7829020912
15434	9	7829054704
15435	9	7829276896
15436	9	7831373024
15437	9	7837403360
15438	9	7838177504
15439	9	7839499488
15440	9	7863812320
15441	9	7869579488
15442	9	7869613280
15443	9	7871676640
15444	9	7871938784
15445	9	7877968096
15446	9	7878001888
15447	9	7880065248
15448	9	7880065504
15449	9	7886382304
15450	9	7887929568
15451	9	7888191712
15452	9	7888965856
15453	9	7894221024
15454	9	7894254816
15455	9	7894770912
15456	9	7896318176
15457	9	7896318432
15458	9	7902347488
15459	9	7902381280
15460	9	7902413536
15461	9	7904444640
15462	9	7904444896
15463	9	7930470640
15464	9	7930503408
15465	9	7930536160
15466	9	7930921200
15467	9	7930954992
15468	9	7930987248
15469	9	7933052128
15470	9	7936688352
15471	9	7938885856
15472	9	7938916576
15473	9	7945076960
15474	9	7945076976
15475	9	7945110768
15476	9	7945176816
15477	9	7947174128
15478	9	7947174384
15479	9	7947207920
15480	9	7947208176
15481	9	7947239664
15482	9	7947272432
15483	9	7947274464
15484	9	7947305184
15485	9	7949336800
15486	9	7954915552
15487	9	7955169504
15488	9	7955300592
15489	9	7955334384
15490	9	7955366640
15491	9	7955624176
15492	9	7955689696
15493	9	7957431520
15494	9	7961329888
15495	9	7961329904
15496	9	7961363696
15497	9	7961429744
15498	9	7963427056
15499	9	7963427312
15500	9	7963460848
15501	9	7963461104
15502	9	7963492592
15503	9	7963525360
15504	9	7963527392
15505	9	7963558112
15506	9	7965589728
15507	9	7995449568
15508	9	8003797216
15509	9	8003829984
15510	9	8012185824
15511	9	8020603104
15512	9	8028438752
15513	9	8064157920
15514	9	8064255200
15515	9	8064674016
15516	9	8064771296
15517	9	8068350176
15518	9	8068866272
15519	9	8070415584
15520	9	8072643808
15521	9	8072647904
15522	9	8076738784
15523	9	8076742880
15524	9	8077000928
15525	9	8080935136
15526	9	8081195248
15527	9	8081196272
15528	9	8081197280
15529	9	8081229040
15530	9	8081261792
15531	9	8088985824
15532	9	8089116896
15533	9	8089150688
15534	9	8093245664
15535	9	8129102048
15536	9	8129135840
15537	9	8129651936
15538	9	8131199200
15539	9	8139849952
15540	9	8146141408
15541	9	8146175200
15542	9	8148238560
15543	9	8156094688
15544	9	8206797024
15545	9	8206827744
15546	9	8206958832
15547	9	8206992624
15548	9	8207024880
15549	9	8209089760
15550	9	8213021936
15551	9	8215119088
15552	9	8215119344
15553	9	8215150832
15554	9	8217247968
15555	9	8271741152
15556	9	8330428640
15557	9	8332370160
15558	9	8332626144
15559	9	8332656864
15560	9	8340783328
15561	9	8341526752
15562	9	8341557472
15563	9	8397537504
15564	9	8397570272
15565	9	8406470880
15566	9	8464646368
15567	9	8464646384
15568	9	8464679136
15569	9	8464679152
15570	9	8464680176
15571	9	8464681184
15572	9	8464745200
15573	9	8464747232
15574	9	8466743536
15575	9	8466776304
15576	9	8466778336
15577	9	8466874592
15578	9	8466907360
15579	9	8468840672
15580	9	8470937824
15581	9	8470938080
15582	9	8531755232
15583	9	8531788000
15584	9	8531788512
15585	9	8531788768
15586	9	8668668144
15587	9	8668700912
15588	9	8668701936
15589	9	8669118704
15590	9	8669152496
15591	9	8669218544
15592	9	8685437168
15593	9	8685438192
15594	9	8685470960
15595	9	8693498096
15596	9	8693531888
15597	9	8693597936
15598	9	8693821680
15599	9	8693855472
15600	9	8693870832
15601	9	8694030576
15602	9	8694064368
15603	9	8694130416
15604	9	8697241840
15605	9	8697275632
15606	9	8698015984
15607	9	8698049776
15608	9	8701690096
15609	9	8701691120
15610	9	8701723888
15611	9	8702222576
15612	9	8702256368
15613	9	8702738672
15614	9	8702739696
15615	9	8702746864
15616	9	8702747888
15617	9	8702750960
15618	9	8702772464
15619	9	8702780656
15620	9	8702784752
15621	9	8707204336
15622	9	8711131376
15623	9	8711165168
15624	9	8711324912
15625	9	8711390960
15626	9	8715068656
15627	9	8716895472
15628	9	8718992624
15629	9	8718992880
15630	9	8719262960
15631	9	8719516912
15632	9	8719779056
15633	9	8719781104
15634	9	8731582704
15635	9	8731616496
15636	9	8732067056
15637	9	8741994736
15638	9	8742028528
15639	9	8742094576
15640	9	8744091888
15641	9	8744092144
15642	9	8744125680
15643	9	8744125936
15644	9	8744157424
15645	9	8744158448
15646	9	8744159472
15647	9	8744190192
15648	9	8744191216
15649	9	8744191728
15650	9	8744191984
15651	9	8744192240
15652	9	8744193264
15653	9	8744222960
15654	9	8744256752
15655	9	8744322800
15656	9	8748351728
15657	9	8748352752
15658	9	8748385520
15659	9	8760344816
15660	9	8760378608
15661	9	8760410864
15662	9	8760444656
15663	9	8760475888
15664	9	8760509680
15665	9	8760575728
15666	9	8760928496
15667	9	8760942832
15668	9	8760962288
15669	9	8760975600
15670	9	8760976624
15671	9	8760977648
15672	9	8761008368
15673	9	8761042160
15674	9	8761074416
15675	9	8761108208
15676	9	8761379056
15677	9	8761393392
15678	9	8761401584
15679	9	8761412848
15680	9	8761427184
15681	9	8761435376
15682	9	8761478896
15683	9	8761493232
15684	9	8761501424
15685	9	8764604656
15686	9	8764605680
15687	9	8764638448
15688	9	8765137136
15689	9	8765170928
15690	9	8765653232
15691	9	8765654256
15692	9	8765661424
15693	9	8765662448
15694	9	8765665520
15695	9	8765687024
15696	9	8765695216
15697	9	8765699312
15698	9	8769855728
15699	9	8769856752
15700	9	8769857776
15701	9	8769889520
15702	9	8769891568
15703	9	8774051056
15704	9	8774182128
15705	9	8776794352
15706	9	8776795376
15707	9	8776828144
15708	9	8777697520
15709	9	8777711856
15710	9	8777712880
15711	9	8777713904
15712	9	8777720048
15713	9	8777731312
15714	9	8777745648
15715	9	8777747696
15716	9	8777753840
15717	9	8778236144
15718	9	8778237168
15719	9	8778238192
15720	9	8778269936
15721	9	8778271984
15722	9	8778302704
15723	9	8778368752
15724	9	8778433776
15725	9	8778499824
15726	9	8779810032
15727	9	8781907184
15728	9	8781907440
15729	9	8782177520
15730	9	8782431472
15731	9	8782693616
15732	9	8782695664
15733	9	8786240752
15734	9	8786625776
15735	9	8809103600
15736	9	8809137392
15737	9	8809203440
15738	9	8811200752
15739	9	8811234544
15740	9	8811266288
15741	9	8811299056
15742	9	8825456368
15743	9	8825906416
15744	9	8827453680
15745	9	8827487472
15746	9	8828003568
15747	9	8828051696
15748	9	8828084464
15749	9	8828502256
15750	9	8828510448
15751	9	8828536048
15752	9	8828544240
15753	9	8828568304
15754	9	8832774384
15755	9	8832807152
15756	9	8832966896
15757	9	8833000688
15758	9	8834801904
15759	9	8834835696
15760	9	8834901744
15761	9	8836899056
15762	9	8836932848
15763	9	8836964592
15764	9	8836966640
15765	9	8836997360
15766	9	8836999408
15767	9	8837030128
15768	9	8837063920
15769	9	8841158896
15770	9	8842658032
15771	9	8842691824
15772	9	8842757872
15773	9	8843028208
15774	9	8843182320
15775	9	8843216112
15776	9	8843220208
15777	9	8843282160
15778	9	8844755184
15779	9	8844755440
15780	9	8844788976
15781	9	8844789232
15782	9	8844820720
15783	9	8844828912
15784	9	8844853488
15785	9	8844861680
15786	9	8844865776
15787	9	8845025520
15788	9	8845059312
15789	9	8845156592
15790	9	8845190384
15791	9	8845279472
15792	9	8845313264
15793	9	8845317360
15794	9	8845345008
15795	9	8845351152
15796	9	8845377776
15797	9	8845541616
15798	9	8845542640
15799	9	8845543664
15800	9	8845575408
15801	9	8845577456
15802	9	8845674224
15803	9	8847639792
15804	9	8847705840
15805	9	8849285360
15806	9	8849736944
15807	9	8849801456
15808	9	8851120368
15809	9	8851154160
15810	9	8851769072
15811	9	8853217520
15812	9	8853217776
15813	9	8853348592
15814	9	8853733616
15815	9	8853735664
15816	9	8853800176
15817	9	8855831792
15818	9	8892989680
15819	9	8893023472
15820	9	8893089520
15821	9	8895086832
15822	9	8895120624
15823	9	8895152368
15824	9	8895153392
15825	9	8895160560
15826	9	8895185136
15827	9	8895186160
15828	9	8895186672
15829	9	8895186928
15830	9	8895193328
15831	9	8895194352
15832	9	8895197424
15833	9	8895357168
15834	9	8895390960
15835	9	8895457008
15836	9	8895611120
15837	9	8895644912
15838	9	8895710960
15839	9	8899617008
15840	9	8899618032
15841	9	8899650800
15842	9	8899875056
15843	9	8899908848
15844	9	8900068592
15845	9	8900134640
15846	9	8903549168
15847	9	8903582960
15848	9	8903811312
15849	9	8903813360
15850	9	8903845104
15851	9	8903847152
15852	9	8904065264
15853	9	8904066288
15854	9	8904067312
15855	9	8904099056
15856	9	8904101104
15857	9	8904131824
15858	9	8904197872
15859	9	8908137712
15860	9	8908260592
15861	9	8911929584
15862	9	8911930608
15863	9	8911933680
15864	9	8911963376
15865	9	8911967472
15866	9	8912258288
15867	9	8912324336
15868	9	8916387056
15869	9	8918222064
15870	9	8920319216
15871	9	8920319472
15872	9	8920450288
15873	9	8962306288
15874	9	8962466032
15875	9	8962499824
15876	9	8962757872
15877	9	8966500592
15878	9	8966660336
15879	9	8966694128
15880	9	8966983920
15881	9	8967016688
15882	9	8969011440
15883	9	8969045232
15884	9	8969111280
15885	9	8970658032
15886	9	8970690800
15887	9	8970920176
15888	9	8970952944
15889	9	8970954992
15890	9	8970985712
15891	9	8971019504
15892	9	8971108592
15893	9	8971142384
15894	9	8971174128
15895	9	8971206896
15896	9	8975114480
15897	9	8977237744
15898	9	8979042544
15899	9	8979075312
15900	9	8979235056
15901	9	8979268848
15902	9	8981139696
15903	9	8981173488
15904	9	8983236848
15905	9	8983237104
15906	9	8983494896
15907	9	8985329904
15908	9	8985330928
15909	9	8985363696
15910	9	8987427056
15911	9	8987427312
15912	9	8997847280
15913	9	8997881072
15914	9	8997947120
15915	9	8999944432
15916	9	8999978224
15917	9	9000009968
15918	9	9000042736
15919	9	9026389744
15920	9	9027207408
15921	9	9027226864
15922	9	9027241200
15923	9	9027307248
15924	9	9028387056
15925	9	9028420848
15926	9	9029304560
15927	9	9029324016
15928	9	9029338352
15929	9	9029355760
15930	9	9029370096
15931	9	9029372144
15932	9	9029378288
15933	9	9029388528
15934	9	9029402864
15935	9	9029404912
15936	9	9029411056
15937	9	9029413104
15938	9	9029415152
15939	9	9029435632
15940	9	9029443824
15941	9	9029469424
15942	9	9029477616
15943	9	9029501680
15944	9	9029574896
15945	9	9029608688
15946	9	9029828848
15947	9	9029862640
15948	9	9029864688
15949	9	9029894896
15950	9	9031959792
15951	9	9033564400
15952	9	9033572592
15953	9	9033707760
15954	9	9033834736
15955	9	9033836784
15956	9	9033934064
15957	9	9034056944
15958	9	9034088688
15959	9	9034286320
15960	9	9034319088
15961	9	9034321136
15962	9	9036120304
15963	9	9036154096
15964	9	9036220144
15965	9	9037766896
15966	9	9037799664
15967	9	9037801712
15968	9	9037832432
15969	9	9037866224
15970	9	9038217456
15971	9	9038251248
15972	9	9038282992
15973	9	9038285040
15974	9	9038315760
15975	9	9038317808
15976	9	9038348528
15977	9	9038349552
15978	9	9038350576
15979	9	9038382320
15980	9	9038384368
15981	9	9039864048
15982	9	9039897840
15983	9	9040446704
15984	9	9040512752
15985	9	9041961200
15986	9	9041961456
15987	9	9042092272
15988	9	9042477296
15989	9	9042479344
15990	9	9042543856
15991	9	9042608368
15992	9	9043984624
15993	9	9044018416
15994	9	9044084464
15995	9	9044215536
15996	9	9046081776
15997	9	9046082032
15998	9	9046115568
15999	9	9046115824
16000	9	9046147312
16001	9	9046149360
16002	9	9046180080
16003	9	9046182128
16004	9	9046212848
16005	9	9046246640
16006	9	9048244464
16007	9	9048245488
16008	9	9048278256
16009	9	9050341616
16010	9	9050341872
16011	9	9052438768
16012	9	9052439792
16013	9	9052440816
16014	9	9052472560
16015	9	9052474608
16016	9	9054535920
16017	9	9054536176
16018	9	9054537968
16019	9	9054538224
16020	9	9054666992
16021	9	9054669040
16022	9	9056634096
16023	9	9056634352
16024	9	9056765168
16025	9	9094316272
16026	9	9094349040
16027	9	9094350064
16028	9	9094357232
16029	9	9094415088
16030	9	9094423280
16031	9	9096413424
16032	9	9096446192
16033	9	9096454384
16034	9	9096589552
16035	9	9096683760
16036	9	9096716528
16037	9	9096718576
16038	9	9096937712
16039	9	9096970480
16040	9	9097200368
16041	9	9098780912
16042	9	9098814704
16043	9	9100878064
16044	9	9101394160
16045	9	9103229168
16046	9	9103262960
16047	9	9103265008
16048	9	9103295216
16049	9	9104941296
16050	9	9105326320
16051	9	9105457392
16052	9	9106972912
16053	9	9107005680
16054	9	9107423472
16055	9	9107457264
16056	9	9109520624
16057	9	9109520880
16058	9	9111093488
16059	9	9111127280
16060	9	9113190640
16061	9	9113190896
16062	9	9119482096
16063	9	9119482352
16064	9	9119515888
16065	9	9119516144
16066	9	9119547632
16067	9	9119549680
16068	9	9119580400
16069	9	9119582448
16070	9	9119613168
16071	9	9119646960
16072	9	9121579248
16073	9	9121579504
16074	9	9121710320
16075	9	9121710576
16076	9	9123741936
16077	9	9123742192
16078	9	9133449456
16079	9	9133483248
16080	9	9133933808
16081	9	9134223600
16082	9	9134257392
16083	9	9137897712
16084	9	9137898736
16085	9	9137899760
16086	9	9137931504
16087	9	9137933552
16088	9	9137997040
16089	9	9138415856
16090	9	9138430192
16091	9	9138449648
16092	9	9138463984
16093	9	9138900208
16094	9	9138914544
16095	9	9142092016
16096	9	9142093040
16097	9	9142125808
16098	9	9142624496
16099	9	9142658288
16100	9	9143140592
16101	9	9143141616
16102	9	9143148784
16103	9	9143149808
16104	9	9143152880
16105	9	9143174384
16106	9	9143182576
16107	9	9143186672
16108	9	9146810608
16109	9	9146811632
16110	9	9146818800
16111	9	9146844400
16112	9	9146852592
16113	9	9147049200
16114	9	9147303152
16115	9	9151275248
16116	9	9151276272
16117	9	9151309040
16118	9	9151533296
16119	9	9151567088
16120	9	9151726832
16121	9	9151792880
16122	9	9154281712
16123	9	9154282736
16124	9	9154315504
16125	9	9155184880
16126	9	9155199216
16127	9	9155200240
16128	9	9155201264
16129	9	9155207408
16130	9	9155218672
16131	9	9155233008
16132	9	9155235056
16133	9	9155241200
16134	9	9155469552
16135	9	9155470576
16136	9	9155471600
16137	9	9155503344
16138	9	9155505392
16139	9	9155723504
16140	9	9155724528
16141	9	9155725552
16142	9	9155757296
16143	9	9155759344
16144	9	9155790064
16145	9	9155856112
16146	9	9155921136
16147	9	9155987184
16148	9	9157297392
16149	9	9159394544
16150	9	9159394800
16151	9	9159664880
16152	9	9159795952
16153	9	9159918832
16154	9	9160180976
16155	9	9160183024
16156	9	9162875120
16157	9	9162908912
16158	9	9162974960
16159	9	9162998000
16160	9	9163031792
16161	9	9163097840
16162	9	9163245808
16163	9	9163260144
16164	9	9163268336
16165	9	9163279600
16166	9	9163293936
16167	9	9163302128
16168	9	9163345648
16169	9	9163359984
16170	9	9163368176
16171	9	9163579632
16172	9	9163583728
16173	9	9163612400
16174	9	9163613424
16175	9	9163616496
16176	9	9163617520
16177	9	9163618544
16178	9	9163649264
16179	9	9163683056
16180	9	9163749104
16181	9	9163776240
16182	9	9163810032
16183	9	9163876080
16184	9	9167003888
16185	9	9167037680
16186	9	9167519984
16187	9	9167521008
16188	9	9167528176
16189	9	9167529200
16190	9	9167532272
16191	9	9167553776
16192	9	9167561968
16193	9	9167566064
16194	9	9167778032
16195	9	9167811824
16196	9	9167909104
16197	9	9167942896
16198	9	9168036080
16199	9	9168037104
16200	9	9168069872
16201	9	9171067120
16202	9	9171100912
16203	9	9171452144
16204	9	9171453168
16205	9	9171454192
16206	9	9171485936
16207	9	9171487984
16208	9	9171968240
16209	9	9171970288
16210	9	9172002032
16211	9	9172004080
16212	9	9172486384
16213	9	9172487408
16214	9	9172498672
16215	9	9172520176
16216	9	9172532464
16217	9	9173550320
16218	9	9175647472
16219	9	9175647728
16220	9	9179586800
16221	9	9179620592
16222	9	9179840752
16223	9	9179841776
16224	9	9179844848
16225	9	9179874544
16226	9	9179878640
16227	9	9180169456
16228	9	9180235504
16229	9	9180360944
16230	9	9180394736
16231	9	9180877040
16232	9	9180878064
16233	9	9180879088
16234	9	9180910832
16235	9	9180912880
16236	9	9180943600
16237	9	9181009648
16238	9	9181072624
16239	9	9181138672
16240	9	9184298224
16241	9	9185072368
16242	9	9185203440
16243	9	9185740016
16244	9	9186133232
16245	9	9187837168
16246	9	9187837424
16247	9	9188107504
16248	9	9188230384
16249	9	9188230640
16250	9	9188361456
16251	9	9188492528
16252	9	9188881648
16253	9	9189264624
16254	9	9189526768
16255	9	9202843888
16256	9	9202877680
16257	9	9202943728
16258	9	9203393776
16259	9	9204941040
16260	9	9204974832
16261	9	9205006576
16262	9	9205039344
16263	9	9205490928
16264	9	9205539056
16265	9	9205571824
16266	9	9205989616
16267	9	9205997808
16268	9	9206023408
16269	9	9206031600
16270	9	9206055664
16271	9	9210261744
16272	9	9210488048
16273	9	9213964528
16274	9	9214124272
16275	9	9214158064
16276	9	9214416112
16277	9	9218352368
16278	9	9218642160
16279	9	9220145392
16280	9	9220179184
16281	9	9220245232
16282	9	9220415728
16283	9	9220449520
16284	9	9220515568
16285	9	9220669680
16286	9	9220703472
16287	9	9220769520
16288	9	9222242544
16289	9	9222242800
16290	9	9222276336
16291	9	9222276592
16292	9	9222308080
16293	9	9222316272
16294	9	9222340848
16295	9	9222349040
16296	9	9222353136
16297	9	9222512880
16298	9	9222546672
16299	9	9222578416
16300	9	9222580464
16301	9	9222611184
16302	9	9222613232
16303	9	9222643952
16304	9	9222677744
16305	9	9222766832
16306	9	9222800624
16307	9	9222832368
16308	9	9222865136
16309	9	9223028976
16310	9	9223030000
16311	9	9223031024
16312	9	9223062768
16313	9	9223064816
16314	9	9223161584
16315	9	9225127152
16316	9	9225193200
16317	9	9226772720
16318	9	9227224304
16319	9	9227288816
16320	9	9227839216
16321	9	9230369008
16322	9	9230377200
16323	9	9230402800
16324	9	9230410992
16325	9	9230435056
16326	9	9230692592
16327	9	9230725360
16328	9	9230885104
16329	9	9230918896
16330	9	9230951152
16331	9	9231185136
16332	9	9234112752
16333	9	9234145520
16334	9	9234563312
16335	9	9234597104
16336	9	9234641136
16337	9	9234673904
16338	9	9234886896
16339	9	9234919664
16340	9	9235079408
16341	9	9235113200
16342	9	9236398320
16343	9	9236432112
16344	9	9236464368
16345	9	9236498160
16346	9	9236768496
16347	9	9237476592
16348	9	9238495472
16349	9	9238495728
16350	9	9238529264
16351	9	9238529520
16352	9	9238561008
16353	9	9238561520
16354	9	9238561776
16355	9	9238593776
16356	9	9238896880
16357	9	9238930672
16358	9	9239077104
16359	9	9239109872
16360	9	9239607536
16361	9	9245148912
16362	9	9245823216
16363	9	9245857008
16364	9	9245923056
16365	9	9246695664
16366	9	9246728432
16367	9	9246953712
16368	9	9246986480
16369	9	9247146224
16370	9	9247180016
16371	9	9247469808
16372	9	9247920368
16373	9	9247954160
16374	9	9247985904
16375	9	9248018672
16376	9	9248051440
16377	9	9248052464
16378	9	9248085232
16379	9	9248792816
16380	9	9248826608
16381	9	9249050864
16382	9	9249084656
16383	9	9249566960
16384	9	9249600752
16385	9	9250889968
16386	9	9250890224
16387	9	9251148016
16388	9	9251148272
16389	9	9251406064
16390	9	9251664112
16391	9	9251664368
16392	9	9252180208
16393	9	9252987120
16394	9	9253020912
16395	9	9253241072
16396	9	9253242096
16397	9	9253274864
16398	9	9253635824
16399	9	9253761264
16400	9	9253795056
16401	9	9254472944
16402	9	9254538992
16403	9	9255084272
16404	9	9255084528
16405	9	9255215344
16406	9	9255338224
16407	9	9255338480
16408	9	9255600368
16409	9	9255602416
16410	9	9255666928
16411	9	9255858416
16412	9	9255858672
16413	9	9256570096
16414	9	9256634608
16415	9	9257698544
16416	9	9265758448
16417	9	9265792240
16418	9	9265858288
16419	9	9266308336
16420	9	9267855600
16421	9	9267889392
16422	9	9267921136
16423	9	9267953904
16424	9	9268405488
16425	9	9268453616
16426	9	9268486384
16427	9	9268904176
16428	9	9268912368
16429	9	9268937968
16430	9	9268946160
16431	9	9268970224
16432	9	9273106672
16433	9	9273140464
16434	9	9277366512
16435	9	9277368560
16436	9	9277465840
16437	9	9278047984
16438	9	9278865648
16439	9	9278885104
16440	9	9278899440
16441	9	9278965488
16442	9	9280045296
16443	9	9280079088
16444	9	9280962800
16445	9	9280982256
16446	9	9280996592
16447	9	9281014000
16448	9	9281028336
16449	9	9281030384
16450	9	9281036528
16451	9	9281046768
16452	9	9281061104
16453	9	9281063152
16454	9	9281069296
16455	9	9281071344
16456	9	9281073392
16457	9	9281093872
16458	9	9281102064
16459	9	9281127664
16460	9	9281135856
16461	9	9281159920
16462	9	9281233136
16463	9	9281266928
16464	9	9281487088
16465	9	9281520880
16466	9	9281522928
16467	9	9281524976
16468	9	9281553136
16469	9	9283618032
16470	9	9285222640
16471	9	9285230832
16472	9	9285366000
16473	9	9285492976
16474	9	9285495024
16475	9	9285592304
16476	9	9285715184
16477	9	9285746928
16478	9	9285753072
16479	9	9285944560
16480	9	9285977328
16481	9	9285979376
16482	9	9287812336
16483	9	9289425136
16484	9	9289524464
16485	9	9289909488
16486	9	9289941232
16487	9	9289943280
16488	9	9290007792
16489	9	9290040560
16490	9	9290042608
16491	9	9291522288
16492	9	9291556080
16493	9	9292104944
16494	9	9292170992
16495	9	9293619440
16496	9	9293619696
16497	9	9293750512
16498	9	9294135536
16499	9	9294137584
16500	9	9294202096
16501	9	9294266608
16502	9	9294817008
16503	9	9295218416
16504	9	9295668464
16505	9	9297215728
16506	9	9297249520
16507	9	9297346800
16508	9	9297354992
16509	9	9297380592
16510	9	9297388784
16511	9	9297412848
16512	9	9297486064
16513	9	9297519856
16514	9	9297765616
16515	9	9297797360
16516	9	9297799408
16517	9	9297830128
16518	9	9297832176
16519	9	9297862896
16520	9	9297896688
16521	9	9297928944
16522	9	9298249968
16523	9	9298283760
16524	9	9298291952
16525	9	9298294000
16526	9	9298316016
16527	9	9301475568
16528	9	9301745904
16529	9	9301747952
16530	9	9301845232
16531	9	9301991664
16532	9	9302522096
16533	9	9311502576
16534	9	9311536368
16535	9	9311602416
16536	9	9311895792
16537	9	9311929584
16538	9	9311995632
16539	9	9312126704
16540	9	9312257776
16541	9	9312445680
16542	9	9312930032
16543	9	9312963824
16544	9	9313029872
16545	9	9313599728
16546	9	9313599984
16547	9	9313633520
16548	9	9313633776
16549	9	9313665264
16550	9	9313673456
16551	9	9313698032
16552	9	9313706224
16553	9	9313710320
16554	9	9313804528
16555	9	9313837296
16556	9	9313839344
16557	9	9313870064
16558	9	9313903856
16559	9	9313992944
16560	9	9313993200
16561	9	9314026736
16562	9	9314026992
16563	9	9314058480
16564	9	9314060528
16565	9	9314062576
16566	9	9314091248
16567	9	9314093296
16568	9	9314124016
16569	9	9314157808
16570	9	9314255088
16571	9	9314288880
16572	9	9314386160
16573	9	9314387184
16574	9	9314388208
16575	9	9314419952
16576	9	9314422000
16577	9	9314542832
16578	9	9314543088
16579	9	9314568432
16580	9	9314576624
16581	9	9314578672
16582	9	9314601200
16583	9	9314613488
16584	9	9314644208
16585	9	9314678000
16586	9	9315027184
16587	9	9315060976
16588	9	9315092720
16589	9	9315125488
16590	9	9315289328
16591	9	9315290352
16592	9	9315323120
16593	9	9315421936
16594	9	9315901680
16595	9	9315935472
16596	9	9316155632
16597	9	9316156656
16598	9	9316189424
16599	9	9316550384
16600	9	9316675824
16601	9	9316709616
16602	9	9317387504
16603	9	9317453552
16604	9	9317998832
16605	9	9317999088
16606	9	9318129904
16607	9	9318252784
16608	9	9318253040
16609	9	9318514928
16610	9	9318516976
16611	9	9318581488
16612	9	9318772976
16613	9	9318773232
16614	9	9319484656
16615	9	9319549168
16616	9	9319964912
16617	9	9319998704
16618	9	9320349936
16619	9	9320350960
16620	9	9320351984
16621	9	9320383728
16622	9	9320385776
16623	9	9320868080
16624	9	9320901872
16625	9	9321516784
16626	9	9322062064
16627	9	9322062320
16628	9	9322447088
16629	9	9322447344
16630	9	9322449136
16631	9	9322449392
16632	9	9322578160
16633	9	9322580208
16634	9	9322965232
16635	9	9322965488
16636	9	9323481328
16637	9	9323547888
16638	9	9324545264
16639	9	9324545520
16640	9	9324676336
16641	9	9325579504
16642	9	9336058096
16643	9	9340215536
16644	9	9340248304
16645	9	9340250352
16646	9	9342312688
16647	9	9342346480
16648	9	9344409840
16649	9	9345974512
16650	9	9346007280
16651	9	9346008304
16652	9	9346015472
16653	9	9346073328
16654	9	9346081520
16655	9	9348071664
16656	9	9348104432
16657	9	9348112624
16658	9	9348247792
16659	9	9348342000
16660	9	9348374768
16661	9	9348376816
16662	9	9348595952
16663	9	9348628720
16664	9	9348634864
16665	9	9348858608
16666	9	9350439152
16667	9	9350472944
16668	9	9350730992
16669	9	9352536304
16670	9	9353052400
16671	9	9354887408
16672	9	9354921200
16673	9	9354923248
16674	9	9354953456
16675	9	9356599536
16676	9	9356984560
16677	9	9357115632
16678	9	9358631152
16679	9	9359115504
16680	9	9362326256
16681	9	9362334448
16682	9	9362776304
16683	9	9362777328
16684	9	9362842352
16685	9	9364324592
16686	9	9364357360
16687	9	9364500720
16688	9	9364594928
16689	9	9364627696
16690	9	9364629744
16691	9	9364873456
16692	9	9365403888
16693	9	9366692080
16694	9	9366725872
16695	9	9367500016
16696	9	9371692272
16697	9	9379004656
16698	9	9379038448
16699	9	9379332848
16700	9	9379554544
16701	9	9380076784
16702	9	9380978928
16703	9	9381101808
16704	9	9381102064
16705	9	9381236976
16706	9	9381363952
16707	9	9381495024
16708	9	9381753072
16709	9	9382398192
16710	9	9383010544
16711	9	9383043312
16712	9	9383268592
16713	9	9383461104
16714	9	9383494896
16715	9	9383784688
16716	9	9385558256
16717	9	9385558512
16718	9	9387073776
16719	9	9387106544
16720	9	9387393264
16721	9	9387393520
16722	9	9387427056
16723	9	9387427312
16724	9	9387458800
16725	9	9387460848
16726	9	9387491568
16727	9	9387493616
16728	9	9387524336
16729	9	9387558128
16730	9	9387943152
16731	9	9387943408
16732	9	9387976944
16733	9	9388427504
16734	9	9388461296
16735	9	9389490416
16736	9	9389490672
16737	9	9389621488
16738	9	9389621744
16739	9	9390524656
16740	9	9390524912
16741	9	9391653104
16742	9	9391653360
16743	9	9402708208
16744	9	9402867952
16745	9	9402901744
16746	9	9403159792
16747	9	9406865648
16748	9	9406898416
16749	9	9406900464
16750	9	9406931184
16751	9	9406964976
16752	9	9407316208
16753	9	9407350000
16754	9	9407352048
16755	9	9407382256
16756	9	9409447152
16757	9	9411059952
16758	9	9411322096
16759	9	9411421424
16760	9	9411544304
16761	9	9411576048
16762	9	9413083376
16763	9	9413117168
16764	9	9413183216
16765	9	9415180528
16766	9	9415214320
16767	9	9415246064
16768	9	9415250160
16769	9	9415278832
16770	9	9415282928
16771	9	9415284976
16772	9	9415315696
16773	9	9415349488
16774	9	9415442672
16775	9	9415476464
16776	9	9415478512
16777	9	9415508720
16778	9	9417573616
16779	9	9419444464
16780	9	9419575536
16781	9	9419670768
16782	9	9419702512
16783	9	9423634672
16784	9	9423636720
16785	9	9423734000
16786	9	9425731824
16787	9	9425732848
16788	9	9425765616
16789	9	9427828976
16790	9	9427829232
16791	9	9429436144
16792	9	9429886192
16793	9	9431310576
16794	9	9431344368
16795	9	9431433456
16796	9	9431467248
16797	9	9431568624
16798	9	9431602416
16799	9	9431695600
16800	9	9431729392
16801	9	9431731440
16802	9	9431761648
16803	9	9431983344
16804	9	9432019184
16805	9	9432054000
16806	9	9432084720
16807	9	9432118512
16808	9	9432247536
16809	9	9432469744
16810	9	9432503536
16811	9	9432505584
16812	9	9432535792
16813	9	9433826544
16814	9	9434600688
16815	9	9435439344
16816	9	9435697392
16817	9	9435923696
16818	9	9435955440
16819	9	9436213488
16820	9	9436697840
16821	9	9436729584
16822	9	9436796144
16823	9	9436828912
16824	9	9438792944
16825	9	9439502576
16826	9	9439732976
16827	9	9439887600
16828	9	9439889648
16829	9	9439986928
16830	9	9440405744
16831	9	9440890096
16832	9	9440921840
16833	9	9441730800
16834	9	9441764592
16835	9	9441984752
16836	9	9441985776
16837	9	9442018544
16838	9	9443827952
16839	9	9443828208
16840	9	9443959024
16841	9	9444081904
16842	9	9444082160
16843	9	9445851376
16844	9	9445885168
16845	9	9445951216
16846	9	9446082288
16847	9	9446856432
16848	9	9446985456
16849	9	9447887088
16850	9	9447919856
16851	9	9447948528
16852	9	9447948784
16853	9	9447982320
16854	9	9447982576
16855	9	9448014064
16856	9	9448016112
16857	9	9448046832
16858	9	9448048880
16859	9	9448079600
16860	9	9448113392
16861	9	9448788208
16862	9	9448790256
16863	9	9448820976
16864	9	9448823024
16865	9	9448853744
16866	9	9448887536
16867	9	9448982768
16868	9	9449016560
16869	9	9450111216
16870	9	9450112240
16871	9	9450145008
16872	9	9450885360
16873	9	9450919152
16874	9	9452208368
16875	9	9452208624
16876	9	9452982512
16877	9	9452982768
16878	9	9453113584
16879	9	9454174448
16880	9	9454175472
16881	9	9454208240
16882	9	9455077616
16883	9	9455111408
16884	9	9456271600
16885	9	9456271856
16886	9	9457174768
16887	9	9457175024
16888	9	9470267632
16889	9	9471844592
16890	9	9471910640
16891	9	9473941744
16892	9	9474203888
16893	9	9474425072
16894	9	9474457840
16895	9	9480229104
16896	9	9480295152
16897	9	9482326256
16898	9	9482457328
16899	9	9482551536
16900	9	9482584304
16901	9	9486745840
16902	9	9488580848
16903	9	9488614640
16904	9	9490678000
16905	9	9490678256
16906	9	9496290032
16907	9	9496548080
16908	9	9496998128
16909	9	9497064176
16910	9	9498321136
16911	9	9498579184
16912	9	9498710256
16913	9	9498804464
16914	9	9498837232
16915	9	9499095280
16916	9	9499578608
16917	9	9499611376
16918	9	9499710192
16919	9	9501675760
16920	9	9501709552
16921	9	9501741808
16922	9	9502998768
16923	9	9503772912
16924	9	9504833776
16925	9	9504867568
16926	9	9505383664
16927	9	9506930928
16928	9	9506931184
16929	9	9512960240
16930	9	9512994032
16931	9	9513768176
16932	9	9513931504
16933	9	9515057392
16934	9	9515057648
16935	9	9515962608
16936	9	9517154544
16937	9	9517154800
16938	9	9517188336
16939	9	9517188592
16940	9	9517220080
16941	9	9517252848
16942	9	9517994224
16943	9	9518026992
16944	9	9519251696
16945	9	9519251952
16946	9	9534718192
16947	9	9534750960
16948	9	9534751984
16949	9	9534759152
16950	9	9534817008
16951	9	9534825200
16952	9	9536815344
16953	9	9536848112
16954	9	9536856304
16955	9	9536991472
16956	9	9537085680
16957	9	9537118448
16958	9	9537120496
16959	9	9537339632
16960	9	9537372400
16961	9	9537602288
16962	9	9538953456
16963	9	9539019504
16964	9	9541050608
16965	9	9541148912
16966	9	9541181680
16967	9	9541183728
16968	9	9541533936
16969	9	9541566704
16970	9	9541568752
16971	9	9541665520
16972	9	9543246064
16973	9	9543279856
16974	9	9543631088
16975	9	9543664880
16976	9	9543666928
16977	9	9543697136
16978	9	9545343216
16979	9	9545728240
16980	9	9545859312
16981	9	9547301104
16982	9	9547333872
16983	9	9547334896
16984	9	9547335920
16985	9	9547399920
16986	9	9547401968
16987	9	9549398256
16988	9	9549431024
16989	9	9549433072
16990	9	9549529328
16991	9	9549562096
16992	9	9551495408
16993	9	9551529200
16994	9	9553592560
16995	9	9553592816
16996	9	9555689712
16997	9	9555723504
16998	9	9555886832
16999	9	9557786864
17000	9	9557787120
17001	9	9557917936
17002	9	9557919984
17003	9	9559949552
17004	9	9559951600
17005	9	9560048880
17006	9	9563259632
17007	9	9563267824
17008	9	9563398896
17009	9	9563652848
17010	9	9563654896
17011	9	9564096752
17012	9	9564097776
17013	9	9564103920
17014	9	9564104944
17015	9	9564106992
17016	9	9564162800
17017	9	9564170992
17018	9	9564173040
17019	9	9565257968
17020	9	9565290736
17021	9	9565298928
17022	9	9565430000
17023	9	9565528304
17024	9	9565561072
17025	9	9565563120
17026	9	9565651184
17027	9	9565683952
17028	9	9565686000
17029	9	9565782256
17030	9	9565815024
17031	9	9565913328
17032	9	9565946096
17033	9	9565948144
17034	9	9566044912
17035	9	9566193904
17036	9	9566202096
17037	9	9566204144
17038	9	9566302448
17039	9	9566337264
17040	9	9566685424
17041	9	9566718192
17042	9	9566948080
17043	9	9567748336
17044	9	9567782128
17045	9	9568010480
17046	9	9568044272
17047	9	9568046320
17048	9	9568076528
17049	9	9568298224
17050	9	9568399600
17051	9	9568433392
17052	9	9568562416
17053	9	9569722608
17054	9	9569845488
17055	9	9569845744
17056	9	9570107632
17057	9	9570238704
17058	9	9570496752
17059	9	9571141872
17060	9	9571942640
17061	9	9571976432
17062	9	9572139760
17063	9	9572492528
17064	9	9572976880
17065	9	9573010672
17066	9	9573042928
17067	9	9574039792
17068	9	9574040048
17069	9	9574170864
17070	9	9574172912
17071	9	9575074032
17072	9	9575205104
17073	9	9575817456
17074	9	9576202480
17075	9	9576204528
17076	9	9576301808
17077	9	9576720624
17078	9	9577204976
17079	9	9579938032
17080	9	9579971824
17081	9	9580874992
17082	9	9582035184
17083	9	9582035440
17084	9	9588326640
17085	9	9588326896
17086	9	9588360432
17087	9	9588360688
17088	9	9588392176
17089	9	9588394224
17090	9	9588424944
17091	9	9588426992
17092	9	9589295344
17093	9	9589328112
17094	9	9589360880
17095	9	9589394672
17096	9	9590423792
17097	9	9590424048
17098	9	9591458032
17099	9	9591458288
17100	9	9592586480
17101	9	9592586736
17102	9	9593489648
17103	9	9593489904
17104	9	9602130672
17105	9	9606062320
17106	9	9606193904
17107	9	9606578928
17108	9	9610256624
17109	9	9610739952
17110	9	9610772720
17111	9	9614409968
17112	9	9614442736
17113	9	9614443248
17114	9	9614443504
17115	9	9622798576
17116	9	9622831344
17117	9	9622833392
17118	9	9626992880
17119	9	9626993136
17120	9	9630573296
17121	9	9630696176
17122	9	9630958320
17123	9	9631215856
17124	9	9631347440
17125	9	9634636016
17126	9	9635119344
17127	9	9635152112
17128	9	9635410160
17129	9	9638699248
17130	9	9639051504
17131	9	9639084272
17132	9	9639086320
17133	9	9639602416
17134	9	9640085744
17135	9	9640118512
17136	9	9643245808
17137	9	9643246064
17138	9	9655435504
17139	9	9655435760
17140	9	9776488688
17141	9	9776489712
17142	9	9776522480
17143	9	9785066736
17144	9	9785132784
17145	9	9788810480
17146	9	9793258736
17147	9	9835143408
17148	9	9835177200
17149	9	9835243248
17150	9	9839403248
17151	9	9839404272
17152	9	9839405280
17153	9	9839437040
17154	9	9851461872
17155	9	9851495664
17156	9	9851977968
17157	9	9851978992
17158	9	9851980016
17159	9	9852011760
17160	9	9852013808
17161	9	9852044528
17162	9	9852110576
17163	9	9856173296
17164	9	9856306400
17165	9	9902252272
17166	9	9902286064
17167	9	9904349408
17168	9	9906446560
17169	9	9906446816
17170	9	9906514144
17171	9	9906546912
17172	9	9906577632
17173	9	9916924128
17174	9	9916924144
17175	9	9916957936
17176	9	9917023984
17177	9	9918570736
17178	9	9918603504
17179	9	9918636256
17180	9	9919021296
17181	9	9919055088
17182	9	9919086832
17183	9	9919119600
17184	9	9919152352
17185	9	9919154400
17186	9	9919188192
17187	9	9921250528
17188	9	9922896096
17189	9	9923283168
17190	9	9923412192
17191	9	9966731488
17192	9	9966731504
17193	9	9966765296
17194	9	9966831344
17195	9	9968828656
17196	9	9968862448
17197	9	9968894192
17198	9	9968895216
17199	9	9968902384
17200	9	9968926960
17201	9	9968927984
17202	9	9968928496
17203	9	9968928752
17204	9	9968935152
17205	9	9968936176
17206	9	9968939248
17207	9	9968959712
17208	9	9968961760
17209	9	9968967904
17210	9	9968995552
17211	9	9969098992
17212	9	9969132784
17213	9	9969165040
17214	9	9969198832
17215	9	9969352944
17216	9	9969386736
17217	9	9969452784
17218	9	9973090528
17219	9	9973219552
17220	9	9973221600
17221	9	9973222624
17222	9	9973227744
17223	9	9973229792
17224	9	9973231840
17225	9	9973255392
17226	9	9973263584
17227	9	9973358832
17228	9	9973359856
17229	9	9973360864
17230	9	9973392624
17231	9	9973614816
17232	9	9973810416
17233	9	9973876464
17234	9	9977290992
17235	9	9977324784
17236	9	9977807088
17237	9	9977808112
17238	9	9977809136
17239	9	9977840880
17240	9	9977842928
17241	9	9977873648
17242	9	9977939696
17243	9	9982002416
17244	9	9982135520
17245	9	9985671408
17246	9	9985672432
17247	9	9985705200
17248	9	9986000112
17249	9	9986066160
17250	9	9989999840
17251	9	9991963888
17252	9	9994061040
17253	9	9994061296
17254	9	9994192112
17255	9	10033840352
17256	9	10033873120
17257	9	10033941216
17258	9	10036048112
17259	9	10036068576
17260	9	10036070624
17261	9	10036076768
17262	9	10036101344
17263	9	10036104416
17264	9	10036113632
17265	9	10036207856
17266	9	10036241648
17267	9	10036499696
17268	9	10038034656
17269	9	10038165728
17270	9	10038173920
17271	9	10038199520
17272	9	10038207712
17273	9	10038273760
17274	9	10038304992
17275	9	10038558944
17276	9	10040131808
17277	9	10040132064
17278	9	10040199392
17279	9	10040232160
17280	9	10040240352
17281	9	10040242416
17282	9	10040262880
17283	9	10040271072
17284	9	10040304864
17285	9	10040328416
17286	9	10040336608
17287	9	10040340704
17288	9	10040361184
17289	9	10040369376
17290	9	10040373472
17291	9	10040402144
17292	9	10040402160
17293	9	10040402400
17294	9	10040435952
17295	9	10040468208
17296	9	10040469728
17297	9	10040502496
17298	9	10040533216
17299	9	10040656096
17300	9	10040723680
17301	9	10040756448
17302	9	10040787168
17303	9	10040918240
17304	9	10040920288
17305	9	10040954080
17306	9	10042753248
17307	9	10042753264
17308	9	10042787056
17309	9	10042853104
17310	9	10044399856
17311	9	10044432624
17312	9	10044465376
17313	9	10044850416
17314	9	10044884208
17315	9	10044915952
17316	9	10044948720
17317	9	10044981472
17318	9	10044983520
17319	9	10045017312
17320	9	10047079648
17321	9	10048725216
17322	9	10049112288
17323	9	10049241312
17324	9	10050617568
17325	9	10050979568
17326	9	10052845792
17327	9	10052847840
17328	9	10052881632
17329	9	10053109984
17330	9	10054879456
17331	9	10056976608
17332	9	10056976864
17333	9	10057105632
17334	9	10059071728
17335	9	10059072752
17336	9	10059073760
17337	9	10059105520
17338	9	10061168880
17339	9	10061169136
17340	9	10061301984
17341	9	10103120112
17342	9	10103152880
17343	9	10103154928
17344	9	10103185648
17345	9	10103219440
17346	9	10103570672
17347	9	10103604464
17348	9	10103606512
17349	9	10103636720
17350	9	10105701616
17351	9	10107314416
17352	9	10107447520
17353	9	10107798768
17354	9	10107830512
17355	9	10107931872
17356	9	10117726448
17357	9	10117760240
17358	9	10117826288
17359	9	10117957360
17360	9	10119823600
17361	9	10119823856
17362	9	10119857392
17363	9	10119857648
17364	9	10119889136
17365	9	10119891184
17366	9	10119921904
17367	9	10119923952
17368	9	10119954672
17369	9	10119956704
17370	9	10119988464
17371	9	10121986288
17372	9	10121987312
17373	9	10121988320
17374	9	10122020080
17375	9	10124083440
17376	9	10124083696
17377	9	10124216544
17378	9	10168099056
17379	9	10168165104
17380	9	10170196208
17381	9	10170329312
17382	9	10170679536
17383	9	10170712304
17384	9	10172391648
17385	9	10172425440
17386	9	10172776672
17387	9	10172812512
17388	9	10174488800
17389	9	10175004896
17390	9	10184835312
17391	9	10184869104
17392	9	10186932464
17393	9	10186932720
17394	9	10187065568
17395	9	10189029600
17396	9	10189029856
17397	9	10189097184
17398	9	10189129952
17399	9	10189160672
17400	9	10191257824
17401	9	10191258080
17402	9	10216890608
17403	9	10216891632
17404	9	10216892640
17405	9	10216924400
17406	9	10220552432
17407	9	10220553456
17408	9	10220560624
17409	9	10220586224
17410	9	10220594416
17411	9	10221044976
17412	9	10224748768
17413	9	10224879840
17414	9	10224880864
17415	9	10224885984
17416	9	10224888032
17417	9	10224913632
17418	9	10224921824
17419	9	10225017072
17420	9	10225018096
17421	9	10225019104
17422	9	10225050864
17423	9	10225273056
17424	9	10225277152
17425	9	10225468656
17426	9	10225534704
17427	9	10228949232
17428	9	10228983024
17429	9	10229465328
17430	9	10229466352
17431	9	10229467376
17432	9	10229499120
17433	9	10229501168
17434	9	10229531888
17435	9	10229597936
17436	9	10233660656
17437	9	10233793760
17438	9	10236739824
17439	9	10236773616
17440	9	10236839664
17441	9	10236872928
17442	9	10236879072
17443	9	10237010160
17444	9	10237043952
17445	9	10237110000
17446	9	10237321456
17447	9	10237354224
17448	9	10237355248
17449	9	10237386976
17450	9	10241001696
17451	9	10241066208
17452	9	10241270000
17453	9	10241271024
17454	9	10241272032
17455	9	10241303792
17456	9	10241336544
17457	9	10241646816
17458	9	10241648864
17459	9	10241682656
17460	9	10253328624
17461	9	10253362416
17462	9	10253582576
17463	9	10253583600
17464	9	10253586672
17465	9	10253616368
17466	9	10253620464
17467	9	10253911280
17468	9	10253977328
17469	9	10254102768
17470	9	10254136560
17471	9	10254814448
17472	9	10254880496
17473	9	10257911008
17474	9	10258040048
17475	9	10259875056
17476	9	10261972208
17477	9	10261972464
17478	9	10262103280
17479	9	10263006448
17480	9	10279739632
17481	9	10279773424
17482	9	10284001504
17483	9	10285498592
17484	9	10287706352
17485	9	10287726816
17486	9	10287728864
17487	9	10287735008
17488	9	10287762656
17489	9	10287866096
17490	9	10287899888
17491	9	10288157936
17492	9	10289758432
17493	9	10289794272
17494	9	10289857760
17495	9	10289865952
17496	9	10291857632
17497	9	10291963104
17498	9	10291986656
17499	9	10291994848
17500	9	10291998944
17501	9	10292127968
17502	9	10292192480
17503	9	10292381920
17504	9	10292612320
17505	9	10294411488
17506	9	10294411504
17507	9	10294445296
17508	9	10294511344
17509	9	10296058096
17510	9	10296090864
17511	9	10296123616
17512	9	10296508656
17513	9	10296542448
17514	9	10296574192
17515	9	10296606960
17516	9	10296639712
17517	9	10296641760
17518	9	10296675552
17519	9	10298671328
17520	9	10298707168
17521	9	10298737888
17522	9	10300383456
17523	9	10300770528
17524	9	10300899552
17525	9	10303981792
17526	9	10303987936
17527	9	10304119024
17528	9	10304152816
17529	9	10304495840
17530	9	10304531680
17531	9	10304926960
17532	9	10305945824
17533	9	10306184928
17534	9	10306216160
17535	9	10306592992
17536	9	10306626784
17537	9	10308042976
17538	9	10308043232
17539	9	10308110560
17540	9	10308143328
17541	9	10308174048
17542	9	10308175072
17543	9	10308313568
17544	9	10308380896
17545	9	10308413664
17546	9	10308444384
17547	9	10308445408
17548	9	10308659424
17549	9	10308690144
17550	9	10308755680
17551	9	10308788448
17552	9	10318528736
17553	9	10318890736
17554	9	10320437488
17555	9	10320470256
17556	9	10320503008
17557	9	10320695536
17558	9	10320756960
17559	9	10320759008
17560	9	10320792800
17561	9	10320888048
17562	9	10320921840
17563	9	10321021152
17564	9	10321211632
17565	9	10321277152
17566	9	10321308896
17567	9	10322534640
17568	9	10322568432
17569	9	10322790624
17570	9	10322792688
17571	9	10322826480
17572	9	10323306720
17573	9	10323308784
17574	9	10323342576
17575	9	10324631792
17576	9	10324632048
17577	9	10324762848
17578	9	10324887776
17579	9	10324888032
17580	9	10324889840
17581	9	10324890096
17582	9	10325016800
17583	9	10325147888
17584	9	10325149920
17585	9	10325403872
17586	9	10325404128
17587	9	10325405936
17588	9	10325406192
17589	9	10326982896
17590	9	10326983920
17591	9	10326984928
17592	9	10327016688
17593	9	10327049440
17594	9	10329080048
17595	9	10329080304
17596	9	10329213152
17597	9	10342654192
17598	9	10342687984
17599	9	10354778352
17600	9	10354811120
17601	9	10354813168
17602	9	10354843888
17603	9	10354877680
17604	9	10355228912
17605	9	10355262704
17606	9	10355264752
17607	9	10355294960
17608	9	10357359856
17609	9	10358972656
17610	9	10359105760
17611	9	10359457008
17612	9	10359488752
17613	9	10359590112
17614	9	10371096816
17615	9	10371130608
17616	9	10372033776
17617	9	10385637616
17618	9	10385671408
17619	9	10385703664
17620	9	10385737456
17621	9	10385868528
17622	9	10386671856
17623	9	10386705648
17624	9	10386771696
17625	9	10387415280
17626	9	10387448048
17627	9	10387734768
17628	9	10387735024
17629	9	10387768560
17630	9	10387768816
17631	9	10387800304
17632	9	10387800816
17633	9	10387801072
17634	9	10387802352
17635	9	10387833072
17636	9	10387835120
17637	9	10387865840
17638	9	10387867872
17639	9	10387899632
17640	9	10388318448
17641	9	10388769008
17642	9	10388802800
17643	9	10388834544
17644	9	10388867312
17645	9	10389897456
17646	9	10389898480
17647	9	10389899488
17648	9	10389931248
17649	9	10390415584
17650	9	10391994608
17651	9	10391994864
17652	9	10392127712
17653	9	10419757296
17654	9	10419823344
17655	9	10421854448
17656	9	10421987552
17657	9	10422337776
17658	9	10422370544
17659	9	10424049888
17660	9	10424083680
17661	9	10424434912
17662	9	10424470752
17663	9	10426147040
17664	9	10426663136
17665	9	10436076272
17666	9	10438240480
17667	9	10441239776
17668	9	10452746480
17669	9	10452780272
17670	9	10453296368
17671	9	10454843632
17672	9	10454843888
17673	9	10454976736
17674	9	10456940768
17675	9	10456941024
17676	9	10457008352
17677	9	10457041120
17678	9	10457071840
17679	9	10457524448
17680	9	10459168992
17681	9	10459169248
17682	9	10476450032
17683	9	10476609776
17684	9	10476643568
17685	9	10476901616
17686	9	10480607472
17687	9	10480640240
17688	9	10480642288
17689	9	10480673008
17690	9	10480706800
17691	9	10481058032
17692	9	10481091824
17693	9	10481093872
17694	9	10481124080
17695	9	10483188976
17696	9	10484801776
17697	9	10484934880
17698	9	10485286128
17699	9	10485317872
17700	9	10485419232
17701	9	10486825200
17702	9	10486858992
17703	9	10486925040
17704	9	10488922352
17705	9	10488956144
17706	9	10488987888
17707	9	10488991984
17708	9	10489020656
17709	9	10489026800
17710	9	10489055456
17711	9	10489057520
17712	9	10489091312
17713	9	10489184496
17714	9	10489218288
17715	9	10489220336
17716	9	10489250544
17717	9	10491315440
17718	9	10493315296
17719	9	10493444336
17720	9	10497376496
17721	9	10497378544
17722	9	10497475824
17723	9	10499473648
17724	9	10499474672
17725	9	10499475680
17726	9	10499507440
17727	9	10501570800
17728	9	10501571056
17729	9	10501703904
17730	9	10503177968
17731	9	10503628016
17732	9	10505052400
17733	9	10505086192
17734	9	10505175280
17735	9	10505209072
17736	9	10505308384
17737	9	10505310448
17738	9	10505344240
17739	9	10505437424
17740	9	10505471216
17741	9	10505473264
17742	9	10505503472
17743	9	10505725168
17744	9	10505761008
17745	9	10505795824
17746	9	10505826544
17747	9	10505860336
17748	9	10505989360
17749	9	10506247408
17750	9	10507568368
17751	9	10509181168
17752	9	10509439216
17753	9	10509665520
17754	9	10509697264
17755	9	10509798624
17756	9	10509955312
17757	9	10510088416
17758	9	10512534768
17759	9	10513244400
17760	9	10513629424
17761	9	10513631472
17762	9	10513728752
17763	9	10514147568
17764	9	10514631920
17765	9	10514663664
17766	9	10515726576
17767	9	10515727600
17768	9	10515728608
17769	9	10515760368
17770	9	10516244704
17771	9	10517823728
17772	9	10517823984
17773	9	10517956832
17774	9	10519824112
17775	9	10520727280
17776	9	10527916272
17777	9	10527917296
17778	9	10527950064
17779	9	10528819440
17780	9	10528853232
17781	9	10530013424
17782	9	10530013680
17783	9	10530916592
17784	9	10530916848
17785	9	10545586416
17786	9	10545652464
17787	9	10547683568
17788	9	10547816672
17789	9	10548166896
17790	9	10548199664
17791	9	10549879008
17792	9	10549912800
17793	9	10550264032
17794	9	10550299872
17795	9	10551976160
17796	9	10552492256
17797	9	10553968864
17798	9	10553970928
17799	9	10554036976
17800	9	10556164320
17801	9	10556197088
17802	9	10556293360
17803	9	10556326128
17804	9	10558128352
17805	9	10558259424
17806	9	10558263520
17807	9	10558325472
17808	9	10560356576
17809	9	10562322672
17810	9	10562356464
17811	9	10564419824
17812	9	10564420080
17813	9	10564552928
17814	9	10566584544
17815	9	10570031856
17816	9	10570289904
17817	9	10570737888
17818	9	10570739952
17819	9	10570806000
17820	9	10572062960
17821	9	10572196064
17822	9	10572321008
17823	9	10572417248
17824	9	10572450016
17825	9	10572546288
17826	9	10572579056
17827	9	10572837104
17828	9	10572970208
17829	9	10574381280
17830	9	10574578400
17831	9	10574643424
17832	9	10574679264
17833	9	10575032544
17834	9	10575066336
17835	9	10575195360
17836	9	10576355552
17837	9	10576609504
17838	9	10576740592
17839	9	10576871648
17840	9	10577129696
17841	9	10578575600
17842	9	10578609392
17843	9	10579125488
17844	9	10580672752
17845	9	10580673008
17846	9	10580805856
17847	9	10582837472
17848	9	10583353568
17849	9	10608500976
17850	9	10608567024
17851	9	10610598128
17852	9	10611081456
17853	9	10611114224
17854	9	10621042928
17855	9	10621075696
17856	9	10621076720
17857	9	10621077744
17858	9	10621141744
17859	9	10621143792
17860	9	10623140080
17861	9	10623172848
17862	9	10623174896
17863	9	10623271152
17864	9	10623303920
17865	9	10625237232
17866	9	10625271024
17867	9	10625368288
17868	9	10625370336
17869	9	10625404128
17870	9	10627334384
17871	9	10627334640
17872	9	10627467488
17873	9	10637009648
17874	9	10637394672
17875	9	10637396720
17876	9	10637845744
17877	9	10637846768
17878	9	10637912816
17879	9	10639040752
17880	9	10639393008
17881	9	10639425776
17882	9	10639427824
17883	9	10639524080
17884	9	10639556848
17885	9	10639943920
17886	9	10640427248
17887	9	10640460016
17888	9	10641490160
17889	9	10641523952
17890	9	10642040048
17891	9	10642173152
17892	9	10643587312
17893	9	10643587568
17894	9	10643720416
17895	9	10653679856
17896	9	10653713648
17897	9	10654616816
17898	9	10655777008
17899	9	10655777264
17900	9	10688151792
17901	9	10688184560
17902	9	10688185072
17903	9	10688185328
17904	9	10688318176
17905	9	10692380896
17906	9	10692477152
17907	9	10692509920
17908	9	10704438000
17909	9	10704571104
17910	9	10708633824
17911	9	10709149920
17912	9	10841354480
17913	9	10841514224
17914	9	10841548016
17915	9	10841580272
17916	9	10841614064
17917	9	10849706224
17918	9	10849740016
17919	9	10849968368
17920	9	10850002160
17921	9	10850222320
17922	9	10850223344
17923	9	10850256112
17924	9	10858090736
17925	9	10858124528
17926	9	10864379120
17927	9	10866476272
17928	9	10866476528
17929	9	10908426480
17930	9	10908459248
17931	9	10908460272
17932	9	10908877040
17933	9	10908910832
17934	9	10908976880
17935	9	10912753888
17936	9	10912882928
17937	9	10912884960
17938	9	10912916720
17939	9	10913138912
17940	9	10916815088
17941	9	10916848880
17942	9	10921526512
17943	9	10925195504
17944	9	10925196528
17945	9	10925229296
17946	9	10975535344
17947	9	10975568112
17948	9	10975985904
17949	9	10976019696
17950	9	10976020704
17951	9	10976051952
17952	9	10977698016
17953	9	10977731808
17954	9	10977764064
17955	9	10978083040
17956	9	10979795168
17957	9	10979991792
17958	9	10979993824
17959	9	10980024560
17960	9	10980026592
17961	9	10980057312
17962	9	10980247776
17963	9	10980280544
17964	9	10980311264
17965	9	10983923952
17966	9	10983956720
17967	9	10983989472
17968	9	10984374512
17969	9	10984408304
17970	9	10984505568
17971	9	10984541408
17972	9	10986021104
17973	9	10986054896
17974	9	10988118256
17975	9	10988118512
17976	9	10988634352
17977	9	10988636384
17978	9	10990141680
17979	9	10990175472
17980	9	10990241520
17981	9	10992238832
17982	9	10992239088
17983	9	10992272624
17984	9	10992272880
17985	9	10992304368
17986	9	10992337136
17987	9	10992369888
17988	9	10992371936
17989	9	10992405728
17990	9	10994403552
17991	9	11040473280
17992	9	11040473312
17993	9	11040473328
17994	9	11040507120
17995	9	11040573168
17996	9	11042570480
17997	9	11042604272
17998	9	11042636016
17999	9	11042637040
18000	9	11042640112
18001	9	11042668784
18002	9	11042669808
18003	9	11042670320
18004	9	11042670576
18005	9	11042672880
18006	9	11042673904
18007	9	11042674928
18008	9	11042701536
18009	9	11042703584
18010	9	11042705600
18011	9	11042705632
18012	9	11042705648
18013	9	11042737376
18014	9	11042739440
18015	9	11042805488
18016	9	11042832624
18017	9	11042866416
18018	9	11042932464
18019	9	11046832352
18020	9	11046834416
18021	9	11046868208
18022	9	11046961376
18023	9	11046963424
18024	9	11046964448
18025	9	11046965472
18026	9	11046967520
18027	9	11046997216
18028	9	11047001312
18029	9	11047092464
18030	9	11047093488
18031	9	11047094496
18032	9	11047098560
18033	9	11047126256
18034	9	11051024624
18035	9	11051025648
18036	9	11051058416
18037	9	11053122800
18038	9	11055219952
18039	9	11055220208
18040	9	11055353056
18041	9	11055619264
18042	9	11107582176
18043	9	11107614944
18044	9	11107619008
18045	9	11107619040
18046	9	11107683040
18047	9	11109748976
18048	9	11109781744
18049	9	11109810400
18050	9	11109812448
18051	9	11109814496
18052	9	11109843168
18053	9	11109846240
18054	9	11109847264
18055	9	11109941488
18056	9	11109975280
18057	9	11110007536
18058	9	11111776480
18059	9	11111907552
18060	9	11111911648
18061	9	11111941344
18062	9	11111945440
18063	9	11112038624
18064	9	11112042688
18065	9	11113873632
18066	9	11113873888
18067	9	11113941216
18068	9	11113973984
18069	9	11113978080
18070	9	11114004704
18071	9	11114008800
18072	9	11114070240
18073	9	11114074336
18074	9	11114103008
18075	9	11114107104
18076	9	11114135776
18077	9	11114139840
18078	9	11114203360
18079	9	11114236128
18080	9	11114266848
18081	9	11115970752
18082	9	11115970784
18083	9	11115970800
18084	9	11116004592
18085	9	11116070640
18086	9	11116232896
18087	9	11116236992
18088	9	11118067952
18089	9	11118068208
18090	9	11118101744
18091	9	11118102000
18092	9	11118133488
18093	9	11118166256
18094	9	11118199008
18095	9	11118201056
18096	9	11118203072
18097	9	11118234848
18098	9	11118461120
18099	9	11118465216
18100	9	11118467264
18101	9	11118501056
18102	9	11120232672
18103	9	11122329824
18104	9	11122330080
18105	9	11122458848
18106	9	11122596032
18107	9	11122725056
18108	9	11174691056
18109	9	11174724848
18110	9	11174790896
18111	9	11176788208
18112	9	11176822000
18113	9	11176853744
18114	9	11176886512
18115	9	11176921312
18116	9	11181181152
18117	9	11185572032
18118	9	11241799920
18119	9	11241832688
18120	9	11241833712
18121	9	11241834720
18122	9	11241898736
18123	9	11243897072
18124	9	11243929840
18125	9	11244030176
18126	9	11244062944
18127	9	11245994208
18128	9	11246125280
18129	9	11246191328
18130	9	11246256320
18131	9	11246260416
18132	9	11246289088
18133	9	11248222432
18134	9	11248488640
18135	9	11254382784
18136	9	11254383040
18137	9	11254487232
18138	9	11254517952
18139	9	11254551744
18140	9	11254644928
18141	9	11254776000
18142	9	11256615104
18143	9	11256615360
18144	9	11256873152
18145	9	11285913840
18146	9	11285947632
18147	9	11286398192
18148	9	11290108144
18149	9	11290141936
18150	9	11290241248
18151	9	11290370288
18152	9	11290404080
18153	9	11290624240
18154	9	11290625264
18155	9	11290658032
18156	9	11294294256
18157	9	11294295280
18158	9	11294298352
18159	9	11294328048
18160	9	11294332144
18161	9	11294524656
18162	9	11298490592
18163	9	11298492656
18164	9	11298526448
18165	9	11298621664
18166	9	11298622688
18167	9	11298625760
18168	9	11298655456
18169	9	11298659552
18170	9	11298750704
18171	9	11298751728
18172	9	11298752736
18173	9	11298756800
18174	9	11298784496
18175	9	11302682864
18176	9	11302683888
18177	9	11302716656
18178	9	11304781040
18179	9	11306878192
18180	9	11306878448
18181	9	11307011296
18182	9	11307277504
18183	9	11310358768
18184	9	11310392560
18185	9	11310458608
18186	9	11310481648
18187	9	11310515440
18188	9	11310581488
18189	9	11310614752
18190	9	11310616816
18191	9	11310650608
18192	9	11310716656
18193	9	11310743792
18194	9	11310777584
18195	9	11310843632
18196	9	11311067376
18197	9	11311101168
18198	9	11311102192
18199	9	11311132896
18200	9	11311517936
18201	9	11311551728
18202	9	11311617776
18203	9	11314487536
18204	9	11314521328
18205	9	11314743520
18206	9	11314745584
18207	9	11314779376
18208	9	11314808032
18209	9	11315005664
18210	9	11315261680
18211	9	11315295472
18212	9	11315394784
18213	9	11315428576
18214	9	11315777776
18215	9	11315778800
18216	9	11315779808
18217	9	11315811568
18218	9	11318935792
18219	9	11318936816
18220	9	11318969584
18221	9	11321033968
18222	9	11323131120
18223	9	11323131376
18224	9	11323264224
18225	9	11326935280
18226	9	11326969072
18227	9	11327062256
18228	9	11327063280
18229	9	11327096048
18230	9	11327836400
18231	9	11327838448
18232	9	11327870192
18233	9	11327872240
18234	9	11329160432
18235	9	11331257584
18236	9	11331257840
18237	9	11331390688
18238	9	11353022704
18239	9	11353055472
18240	9	11353088224
18241	9	11353473264
18242	9	11353507056
18243	9	11353539312
18244	9	11357348064
18245	9	11357479152
18246	9	11357735136
18247	9	11359240416
18248	9	11361407216
18249	9	11361439984
18250	9	11361468640
18251	9	11361470688
18252	9	11361472736
18253	9	11361504480
18254	9	11361599728
18255	9	11361633520
18256	9	11361665776
18257	9	11363500256
18258	9	11363504352
18259	9	11363536096
18260	9	11363599584
18261	9	11363603680
18262	9	11365599456
18263	9	11365728480
18264	9	11365732576
18265	9	11365861600
18266	9	11367629024
18267	9	11367891136
18268	9	11367895232
18269	9	11369791728
18270	9	11369857248
18271	9	11369859296
18272	9	11369893088
18273	9	11370123456
18274	9	11371890912
18275	9	11372155072
18276	9	11372190912
18277	9	11373988064
18278	9	11373988320
18279	9	11374117088
18280	9	11374254272
18281	9	11374383296
18282	9	11377723616
18283	9	11377852656
18284	9	11377886448
18285	9	11377918704
18286	9	11378176240
18287	9	11378241760
18288	9	11378273504
18289	9	11378626800
18290	9	11378660592
18291	9	11378692848
18292	9	11379687648
18293	9	11379949792
18294	9	11380338912
18295	9	11380372704
18296	9	11380723936
18297	9	11381631200
18298	9	11381661920
18299	9	11381784800
18300	9	11381785056
18301	9	11381852384
18302	9	11381885152
18303	9	11381889248
18304	9	11381915872
18305	9	11381916896
18306	9	11381919968
18307	9	11382046944
18308	9	11382051008
18309	9	11382114528
18310	9	11382147296
18311	9	11382178016
18312	9	11382405344
18313	9	11382436064
18314	9	11382821088
18315	9	11382888672
18316	9	11382921440
18317	9	11382952160
18318	9	11383881920
18319	9	11383881952
18320	9	11383881968
18321	9	11383915760
18322	9	11383981808
18323	9	11385823472
18324	9	11385856224
18325	9	11385979120
18326	9	11385979376
18327	9	11386012912
18328	9	11386013168
18329	9	11386044656
18330	9	11386077424
18331	9	11386110176
18332	9	11386112224
18333	9	11386114240
18334	9	11386146016
18335	9	11386378432
18336	9	11386662112
18337	9	11388143840
18338	9	11388659936
18339	9	11390116064
18340	9	11390240992
18341	9	11390241248
18342	9	11390305504
18343	9	11390305760
18344	9	11390370016
18345	9	11390507200
18346	9	11390571712
18347	9	11392008416
18348	9	11392008432
18349	9	11392042224
18350	9	11392074480
18351	9	11392108272
18352	9	11394105584
18353	9	11394105840
18354	9	11394139376
18355	9	11394139632
18356	9	11394171120
18357	9	11394171632
18358	9	11394171888
18359	9	11394203888
18360	9	11394236640
18361	9	11394238688
18362	9	11394272480
18363	9	11394304736
18364	9	11394945264
18365	9	11394978032
18366	9	11395010784
18367	9	11396270304
18368	9	11397044448
18369	9	11398367456
18370	9	11398367712
18371	9	11398496480
18372	9	11399270624
18373	9	11420164336
18374	9	11424325872
18375	9	11424458976
18376	9	11424810224
18377	9	11424943328
18378	9	11426349296
18379	9	11426383088
18380	9	11426449136
18381	9	11428446448
18382	9	11428480240
18383	9	11428511984
18384	9	11428544752
18385	9	11428579552
18386	9	11432839392
18387	9	11442702064
18388	9	11443152112
18389	9	11444699376
18390	9	11444733168
18391	9	11444832480
18392	9	11445249264
18393	9	11450990832
18394	9	11451024624
18395	9	11451090672
18396	9	11452768496
18397	9	11452801264
18398	9	11453087984
18399	9	11453088240
18400	9	11453121776
18401	9	11453122032
18402	9	11453153520
18403	9	11453155568
18404	9	11453186288
18405	9	11453188336
18406	9	11453219056
18407	9	11453221088
18408	9	11453252848
18409	9	11453483200
18410	9	11453671664
18411	9	11454122224
18412	9	11454156016
18413	9	11455250672
18414	9	11455251696
18415	9	11455252704
18416	9	11455284464
18417	9	11455768800
18418	9	11457347824
18419	9	11457348080
18420	9	11457480928
18421	9	11483275504
18422	9	11487207664
18423	9	11487340768
18424	9	11489436896
18425	9	11489788128
18426	9	11489823968
18427	9	11491500256
18428	9	11491885296
18429	9	11492016352
18430	9	11493458160
18431	9	11493490928
18432	9	11493491952
18433	9	11493492960
18434	9	11493556976
18435	9	11495555312
18436	9	11495588080
18437	9	11495688416
18438	9	11495721184
18439	9	11497652448
18440	9	11497783520
18441	9	11497849568
18442	9	11497914560
18443	9	11497918656
18444	9	11499880672
18445	9	11500146880
18446	9	11509809904
18447	9	11510260976
18448	9	11510261984
18449	9	11511718128
18450	9	11511720160
18451	9	11511808240
18452	9	11511841008
18453	9	11511941344
18454	9	11511974112
18455	9	11513905376
18456	9	11514102496
18457	9	11514171584
18458	9	11514719456
18459	9	11515879648
18460	9	11516133600
18461	9	11516399808
18462	9	11518099696
18463	9	11518133488
18464	9	11518649584
18465	9	11520196848
18466	9	11520197104
18467	9	11520329952
18468	9	11522293952
18469	9	11522293984
18470	9	11522294000
18471	9	11522294208
18472	9	11522294240
18473	9	11522294256
18474	9	11522327792
18475	9	11522328048
18476	9	11522359536
18477	9	11522361568
18478	9	11522392304
18479	9	11522394336
18480	9	11522398400
18481	9	11522425056
18482	9	11522429120
18483	9	11522556096
18484	9	11522877664
18485	9	11524391152
18486	9	11524391408
18487	9	11524522208
18488	9	11524522464
18489	9	11524526272
18490	9	11524526528
18491	9	11524784320
18492	9	11550150896
18493	9	11550183664
18494	9	11550343408
18495	9	11550377200
18496	9	11550409456
18497	9	11552178416
18498	9	11552212208
18499	9	11552278256
18500	9	11554275568
18501	9	11554309360
18502	9	11554341104
18503	9	11554373872
18504	9	11554408672
18505	9	11556440288
18506	9	11558535408
18507	9	11558668512
18508	9	11576657648
18509	9	11577365744
18510	9	11578654960
18511	9	11578688752
18512	9	11578786032
18513	9	11578819824
18514	9	11578852080
18515	9	11579462896
18516	9	11579494640
18517	9	11579496688
18518	9	11579527408
18519	9	11579529456
18520	9	11579560176
18521	9	11579593968
18522	9	11579626224
18523	9	11582914800
18524	9	11583688944
18525	9	11583822048
18526	9	11619287280
18527	9	11619320048
18528	9	11619321072
18529	9	11619322080
18530	9	11619386096
18531	9	11621384432
18532	9	11621417200
18533	9	11621517536
18534	9	11621550304
18535	9	11623481568
18536	9	11623549152
18537	9	11623581920
18538	9	11623612640
18539	9	11623678688
18540	9	11625709792
18541	9	11643765488
18542	9	11644473584
18543	9	11644474608
18544	9	11644475616
18545	9	11644539632
18546	9	11645763824
18547	9	11645796592
18548	9	11646570736
18549	9	11646703840
18550	9	11647860960
18551	9	11648058080
18552	9	11648766176
18553	9	11648832224
18554	9	11650089184
18555	9	11650863328
18556	9	11915096304
18557	9	11915256048
18558	9	11915289840
18559	9	11915355888
18560	9	11923448048
18561	9	11923481840
18562	9	11923964144
18563	9	11923965168
18564	9	11923997936
18565	9	11938120944
18566	9	11940218096
18567	9	11940218352
18568	9	11982168304
18569	9	11982201072
18570	9	11982202096
18571	9	11982233824
18572	9	11982618864
18573	9	11982652656
18574	9	11982718704
18575	9	11986493664
18576	9	11986880736
18577	9	11986945248
18578	9	11998937328
18579	9	11998938352
18580	9	11998971120
18581	9	12049277168
18582	9	12049309936
18583	9	12049342688
18584	9	12049727728
18585	9	12049761520
18586	9	12049793776
18587	9	12051824864
18588	9	12051858656
18589	9	12053922016
18590	9	12063883488
18591	9	12063883504
18592	9	12063917296
18593	9	12063983344
18594	9	12065980656
18595	9	12065980912
18596	9	12066014448
18597	9	12066014704
18598	9	12066046192
18599	9	12066078960
18600	9	12066080992
18601	9	12066111712
18602	9	12068143328
18603	9	12114215104
18604	9	12114215136
18605	9	12114215152
18606	9	12114248944
18607	9	12114314992
18608	9	12116312304
18609	9	12116346096
18610	9	12116377840
18611	9	12116378864
18612	9	12116410608
18613	9	12116411632
18614	9	12116412144
18615	9	12116412400
18616	9	12116412640
18617	9	12116416704
18618	9	12116443360
18619	9	12116445408
18620	9	12116447424
18621	9	12116479200
18622	9	12120574176
18623	9	12120703200
18624	9	12120840384
18625	9	12125030592
18626	9	12181324000
18627	9	12183521504
18628	9	12183552224
18629	9	12185518304
18630	9	12185552096
18631	9	12185784512
18632	9	12185818304
18633	9	12187615456
18634	9	12187615712
18635	9	12187881664
18636	9	12189712576
18637	9	12189974720
18638	9	12190010560
18639	9	12191944896
18640	9	12192202944
18641	9	12193976512
18642	9	12248432832
18643	9	12248432864
18644	9	12248432880
18645	9	12248466672
18646	9	12248532720
18647	9	12250530032
18648	9	12250563824
18649	9	12250595568
18650	9	12250628336
18651	9	12250661088
18652	9	12250663136
18653	9	12250665152
18654	9	12250696928
18655	9	12252792032
18656	9	12254791904
18657	9	12254920928
18658	9	12254924992
18659	9	12256821440
18660	9	12259049664
18661	9	12315541696
18662	9	12315541728
18663	9	12315541744
18664	9	12315574464
18665	9	12315574496
18666	9	12315574512
18667	9	12315575536
18668	9	12315576544
18669	9	12315578560
18670	9	12315640560
18671	9	12315642592
18672	9	12317638896
18673	9	12317671664
18674	9	12317673696
18675	9	12317769952
18676	9	12317774016
18677	9	12317802720
18678	9	12317806784
18679	9	12318032576
18680	9	12319736032
18681	9	12319998144
18682	9	12321833184
18683	9	12321833440
18684	9	12322095296
18685	9	12323930304
18686	9	12328124608
18687	9	12328124864
18688	9	12330221760
18689	9	12330222016
18690	9	12359655664
18691	9	12359689456
18692	9	12360140016
18693	9	12363849968
18694	9	12363883760
18695	9	12363981024
18696	9	12364366064
18697	9	12364367088
18698	9	12364368096
18699	9	12364399856
18700	9	12364432608
18701	9	12368036080
18702	9	12368037104
18703	9	12368069872
18704	9	12372232416
18705	9	12372361440
18706	9	12372498624
18707	9	12376424688
18708	9	12376425712
18709	9	12376458480
18710	9	12376688832
18711	9	12378522864
18712	9	12380620016
18713	9	12380620272
18714	9	12384100576
18715	9	12384100592
18716	9	12384134384
18717	9	12384200432
18718	9	12384223424
18719	9	12384223472
18720	9	12384257264
18721	9	12384323312
18722	9	12384354528
18723	9	12384356576
18724	9	12384358592
18725	9	12384390368
18726	9	12384485616
18727	9	12384519408
18728	9	12384585456
18729	9	12384809200
18730	9	12384842992
18731	9	12384844016
18732	9	12384874720
18733	9	12388229360
18734	9	12388263152
18735	9	12388485344
18736	9	12388747488
18737	9	12388812000
18738	9	12389001440
18739	9	12389003504
18740	9	12389037296
18741	9	12389267648
18742	9	12392677616
18743	9	12392678640
18744	9	12392711408
18745	9	12394775792
18746	9	12396872944
18747	9	12396873200
18748	9	12426764528
18749	9	12426797296
18750	9	12426830048
18751	9	12427215088
18752	9	12427248880
18753	9	12427281136
18754	9	12429346016
18755	9	12432982240
18756	9	12435179744
18757	9	12435210464
18758	9	12441370848
18759	9	12441632960
18760	9	12443533552
18761	9	12443568352
18762	9	12443599072
18763	9	12445630688
18764	9	12445634752
18765	9	12451209440
18766	9	12451463392
18767	9	12451594480
18768	9	12451628272
18769	9	12451660528
18770	9	12451918064
18771	9	12451983584
18772	9	12453429472
18773	9	12453463264
18774	9	12453691616
18775	9	12453725408
18776	9	12455526624
18777	9	12455526880
18778	9	12455788768
18779	9	12455792832
18780	9	12457623744
18781	9	12457623776
18782	9	12457623792
18783	9	12457657584
18784	9	12457723632
18785	9	12459720896
18786	9	12459720944
18787	9	12459721152
18788	9	12459721200
18789	9	12459754736
18790	9	12459754992
18791	9	12459786480
18792	9	12459819248
18793	9	12459821280
18794	9	12459825344
18795	9	12459852000
18796	9	12459856064
18797	9	12460114112
18798	9	12461883616
18799	9	12461887680
18800	9	12462403776
18801	9	12500091072
18802	9	12500091104
18803	9	12500091120
18804	9	12500124912
18805	9	12500190960
18806	9	12502188272
18807	9	12502222064
18808	9	12502253808
18809	9	12502286576
18810	9	12502319328
18811	9	12502321376
18812	9	12502323392
18813	9	12502355168
18814	9	12504350944
18815	9	12504355008
18816	9	12504386784
18817	9	12504450272
18818	9	12506450144
18819	9	12506579168
18820	9	12506583232
18821	9	12516443888
18822	9	12516893936
18823	9	12518441200
18824	9	12518474992
18825	9	12518574304
18826	9	12518991088
18827	9	12519092416
18828	9	12519124192
18829	9	12522703072
18830	9	12522767584
18831	9	12524732608
18832	9	12526960832
18833	9	12567199936
18834	9	12567199968
18835	9	12567199984
18836	9	12567232704
18837	9	12567232736
18838	9	12567232752
18839	9	12567233776
18840	9	12567234784
18841	9	12567236800
18842	9	12567298800
18843	9	12567300832
18844	9	12569297136
18845	9	12569329904
18846	9	12569331936
18847	9	12569428192
18848	9	12569432256
18849	9	12569460960
18850	9	12569465024
18851	9	12569690816
18852	9	12571394272
18853	9	12571459808
18854	9	12571463872
18855	9	12571492576
18856	9	12571496640
18857	9	12571656384
18858	9	12573491424
18859	9	12573491680
18860	9	12573753536
18861	9	12575588544
18862	9	12583551728
18863	9	12583553760
18864	9	12583618272
18865	9	12584002800
18866	9	12584003808
18867	9	12584005824
18868	9	12585550064
18869	9	12585582832
18870	9	12585584864
18871	9	12585943744
18872	9	12586100960
18873	9	12587647200
18874	9	12589744352
18875	9	12589744608
18876	9	12590006464
18877	9	12591841472
18878	9	12596035776
18879	9	12596036032
18880	9	12598132928
18881	9	12598133184
18882	9	12960940272
18883	9	12960974064
18884	9	12961040112
18885	9	12963037424
18886	9	12963071216
18887	9	12963102960
18888	9	12963103984
18889	9	12963135728
18890	9	12963136752
18891	9	12963137264
18892	9	12963137520
18893	9	12963635440
18894	9	12963668208
18895	9	12963669232
18896	9	12964086000
18897	9	12964094192
18898	9	12964119792
18899	9	12964127984
18900	9	12964185840
18901	9	12964194032
18902	9	12968358128
18903	9	12968391920
18904	9	12972060912
18905	9	12972220656
18906	9	12972254448
18907	9	12972286704
18908	9	12972320496
18909	9	12980404464
18910	9	12980405488
18911	9	12980412656
18912	9	12980438256
18913	9	12980446448
18914	9	12980674800
18915	9	12980675824
18916	9	12980708592
18917	9	12980928752
18918	9	12980929776
18919	9	12980962544
18920	9	12981126384
18921	9	12981192432
18922	9	12984870128
18923	9	12985386224
18924	9	12988465392
18925	9	12988499184
18926	9	12988565232
18927	9	12988788976
18928	9	12988821744
18929	9	12988822768
18930	9	12988981488
18931	9	12989015280
18932	9	12989081328
18933	9	12992737520
18934	9	12992771312
18935	9	12996657392
18936	9	12996658416
18937	9	12996691184
18938	9	12997173488
18939	9	12997207280
18940	9	13004792048
18941	9	13004825840
18942	9	13005050096
18943	9	13005083888
18944	9	13006082288
18945	9	13006083312
18946	9	13006116080
18947	9	13011338480
18948	9	13013312752
18949	9	13013435632
18950	9	13013435888
18951	9	13013697776
18952	9	13014086896
18953	9	13027034352
18954	9	13031203056
18955	9	13031236848
18956	9	13031302896
18957	9	13035462896
18958	9	13035463920
18959	9	13035496688
18960	9	13036962032
18961	9	13036995824
18962	9	13037061872
18963	9	13039059184
18964	9	13039059440
18965	9	13039092976
18966	9	13039093232
18967	9	13039124720
18968	9	13039125744
18969	9	13039132912
18970	9	13039157488
18971	9	13039158512
18972	9	13039159024
18973	9	13039159280
18974	9	13039165680
18975	9	13039166704
18976	9	13039169776
18977	9	13039190256
18978	9	13039192288
18979	9	13039224048
18980	9	13039290096
18981	9	13039329520
18982	9	13039363312
18983	9	13039429360
18984	9	13039583472
18985	9	13039617264
18986	9	13039683312
18987	9	13043319024
18988	9	13043352816
18989	9	13043452128
18990	9	13043460320
18991	9	13043462384
18992	9	13043496176
18993	9	13043589360
18994	9	13043590384
18995	9	13043623152
18996	9	13043845344
18997	9	13044040944
18998	9	13044106992
18999	9	13047521520
19000	9	13047555312
19001	9	13048037616
19002	9	13048038640
19003	9	13048039664
19004	9	13048071408
19005	9	13048073456
19006	9	13048104176
19007	9	13048170224
19008	9	13052232944
19009	9	13055312112
19010	9	13055345904
19011	9	13055378160
19012	9	13055411952
19013	9	13055443184
19014	9	13055445216
19015	9	13055476976
19016	9	13055543024
19017	9	13055582448
19018	9	13055616240
19019	9	13055648496
19020	9	13055682288
19021	9	13055893744
19022	9	13055926512
19023	9	13055927536
19024	9	13055959280
19025	9	13055993072
19026	9	13056059120
19027	9	13059571952
19028	9	13059605744
19029	9	13059842288
19030	9	13059843312
19031	9	13059876080
19032	9	13060088048
19033	9	13060121840
19034	9	13060221152
19035	9	13071900912
19036	9	13071934704
19037	9	13072154864
19038	9	13072155888
19039	9	13072188656
19040	9	13072483568
19041	9	13072549616
19042	9	13072675056
19043	9	13072708848
19044	9	13073386736
19045	9	13073452784
19046	9	13076612336
19047	9	13078447344
19048	9	13080544496
19049	9	13080544752
19050	9	13080675568
19051	9	13081578736
19052	9	13098311920
19053	9	13098345712
19054	9	13100409056
19055	9	13100409072
19056	9	13100442864
19057	9	13100508912
19058	9	13102506224
19059	9	13102540016
19060	9	13102571760
19061	9	13102604528
19062	9	13102606560
19063	9	13102637280
19064	9	13104070896
19065	9	13104104688
19066	9	13104170736
19067	9	13106168048
19068	9	13106201840
19069	9	13106233584
19070	9	13106241776
19071	9	13106266352
19072	9	13106274544
19073	9	13106278640
19074	9	13106301152
19075	9	13106438384
19076	9	13106472176
19077	9	13106692336
19078	9	13106726128
19079	9	13106727136
19080	9	13106730224
19081	9	13106758384
19082	9	13108265184
19083	9	13108396256
19084	9	13108404448
19085	9	13108430048
19086	9	13108438240
19087	9	13108470496
19088	9	13108535520
19089	9	13108535536
19090	9	13108569328
19091	9	13108635376
19092	9	13108789472
19093	9	13110462688
19094	9	13110472944
19095	9	13110493408
19096	9	13110501600
19097	9	13110632688
19098	9	13110666480
19099	9	13110698224
19100	9	13110730992
19101	9	13110733024
19102	9	13110763744
19103	9	13110954208
19104	9	13110986976
19105	9	13111017696
19106	9	13111148784
19107	9	13111149808
19108	9	13111150816
19109	9	13111182576
19110	9	13112983792
19111	9	13113017584
19112	9	13113083632
19113	9	13114630384
19114	9	13114663152
19115	9	13114695904
19116	9	13115080944
19117	9	13115114736
19118	9	13115146480
19119	9	13115179248
19120	9	13115214048
19121	9	13116727536
19122	9	13116761328
19123	9	13117310176
19124	9	13118824688
19125	9	13118824944
19126	9	13119340784
19127	9	13119342816
19128	9	13120423664
19129	9	13120873712
19130	9	13122420976
19131	9	13122454768
19132	9	13122554080
19133	9	13122691312
19134	9	13122725104
19135	9	13122970864
19136	9	13123002608
19137	9	13123035376
19138	9	13123499248
19139	9	13124518112
19140	9	13124723424
19141	9	13124788448
19142	9	13125165280
19143	9	13125199072
19144	9	13126715616
19145	9	13126746336
19146	9	13126985952
19147	9	13127016672
19148	9	13127231712
19149	9	13127262432
19150	9	13137078000
19151	9	13137101040
19152	9	13137134832
19153	9	13137200880
19154	9	13137463024
19155	9	13138915568
19156	9	13139009776
19157	9	13139042544
19158	9	13139075296
19159	9	13139075312
19160	9	13139109104
19161	9	13139198192
19162	9	13139198448
19163	9	13139231984
19164	9	13139232240
19165	9	13139263728
19166	9	13139267824
19167	9	13139296496
19168	9	13139329248
19169	9	13139331296
19170	9	13139365088
19171	9	13139460336
19172	9	13139494128
19173	9	13139591408
19174	9	13139592432
19175	9	13139593440
19176	9	13139625200
19177	9	13139783920
19178	9	13139849440
19179	9	13139881184
19180	9	13141106928
19181	9	13141140720
19182	9	13141362912
19183	9	13141879008
19184	9	13143204080
19185	9	13143204336
19186	9	13143720176
19187	9	13143722208
19188	9	13145555184
19189	9	13145556208
19190	9	13145588976
19191	9	13147652336
19192	9	13147652592
19193	9	13147785440
19194	9	13149750512
19195	9	13149750768
19196	9	13164962032
19197	9	13164995824
19198	9	13165192432
19199	9	13165446384
19200	9	13169156336
19201	9	13169190128
19202	9	13169289440
19203	9	13169418480
19204	9	13169452272
19205	9	13169672432
19206	9	13169673456
19207	9	13169706224
19208	9	13171179760
19209	9	13171213552
19210	9	13171279600
19211	9	13173276912
19212	9	13173310704
19213	9	13173342448
19214	9	13173343472
19215	9	13173346544
19216	9	13173375216
19217	9	13173376240
19218	9	13173376752
19219	9	13173377008
19220	9	13173379312
19221	9	13173380336
19222	9	13173381360
19223	9	13173410016
19224	9	13173412080
19225	9	13173445872
19226	9	13173511920
19227	9	13173539056
19228	9	13173572848
19229	9	13173638896
19230	9	13177540848
19231	9	13177574640
19232	9	13177669856
19233	9	13177673952
19234	9	13177798896
19235	9	13177799920
19236	9	13177800928
19237	9	13177832688
19238	9	13181731056
19239	9	13181732080
19240	9	13181764848
19241	9	13181862128
19242	9	13181863152
19243	9	13181868224
19244	9	13181895920
19245	9	13183829232
19246	9	13185926384
19247	9	13185926640
19248	9	13187532528
19249	9	13189406960
19250	9	13189440752
19251	9	13189506800
19252	9	13189529840
19253	9	13189563632
19254	9	13189629680
19255	9	13189662944
19256	9	13189665008
19257	9	13189698800
19258	9	13189764848
19259	9	13189791984
19260	9	13189825776
19261	9	13189891824
19262	9	13190115568
19263	9	13190149360
19264	9	13190566128
19265	9	13190599920
19266	9	13190665968
19267	9	13193535728
19268	9	13193569520
19269	9	13193793776
19270	9	13193827568
19271	9	13194053856
19272	9	13194442976
19273	9	13194825968
19274	9	13194826992
19275	9	13194828000
19276	9	13194859760
19277	9	13197730032
19278	9	13197763824
19279	9	13197983984
19280	9	13197985008
19281	9	13198017776
19282	9	13200082160
19283	9	13202179312
19284	9	13202179568
19285	9	13205983472
19286	9	13206017264
19287	9	13206110448
19288	9	13206111472
19289	9	13206144240
19290	9	13206884592
19291	9	13206886640
19292	9	13206918384
19293	9	13206920432
19294	9	13208208624
19295	9	13210305776
19296	9	13210306032
19297	9	13232070896
19298	9	13232103664
19299	9	13232136416
19300	9	13232521456
19301	9	13232555248
19302	9	13232587504
19303	9	13234398448
19304	9	13236495600
19305	9	13236527344
19306	9	13236783328
19307	9	13240455408
19308	9	13240488176
19309	9	13240518880
19310	9	13240647920
19311	9	13240681712
19312	9	13240713968
19313	9	13242482912
19314	9	13242613984
19315	9	13242618080
19316	9	13242647776
19317	9	13242651872
19318	9	13242745056
19319	9	13242749120
19320	9	13244680416
19321	9	13244684512
19322	9	13244711136
19323	9	13244715232
19324	9	13244909792
19325	9	13244942560
19326	9	13244973280
19327	9	13246677232
19328	9	13246711024
19329	9	13246777072
19330	9	13248774384
19331	9	13248774640
19332	9	13248808176
19333	9	13248808432
19334	9	13248839920
19335	9	13248872688
19336	9	13248905440
19337	9	13248907488
19338	9	13248909504
19339	9	13248941280
19340	9	13249173696
19341	9	13250939104
19342	9	13256771808
19343	9	13256900848
19344	9	13256934640
19345	9	13256966896
19346	9	13257224432
19347	9	13257674992
19348	9	13257708784
19349	9	13257741040
19350	9	13258735840
19351	9	13258997984
19352	9	13259002048
19353	9	13259387104
19354	9	13259420896
19355	9	13259772128
19356	9	13260679392
19357	9	13260710112
19358	9	13260933344
19359	9	13260937440
19360	9	13260964064
19361	9	13260968160
19362	9	13261162720
19363	9	13261195488
19364	9	13261226208
19365	9	13261453536
19366	9	13261484256
19367	9	13261936864
19368	9	13261969632
19369	9	13262000352
19370	9	13262907120
19371	9	13262930160
19372	9	13262963952
19373	9	13263030000
19374	9	13264871664
19375	9	13264904416
19376	9	13264904432
19377	9	13264938224
19378	9	13265027312
19379	9	13265027568
19380	9	13265061104
19381	9	13265061360
19382	9	13265092848
19383	9	13265125616
19384	9	13265158368
19385	9	13265160416
19386	9	13265162432
19387	9	13265194208
19388	9	13265426624
19389	9	13265710304
19390	9	13266936048
19391	9	13266969840
19392	9	13267192032
19393	9	13267708128
19394	9	13269033200
19395	9	13269033456
19396	9	13271056624
19397	9	13271090416
19398	9	13271122672
19399	9	13271156464
19400	9	13273153776
19401	9	13273154032
19402	9	13273187568
19403	9	13273187824
19404	9	13273219312
19405	9	13273219824
19406	9	13273220080
19407	9	13273252080
19408	9	13273284832
19409	9	13273286880
19410	9	13273320672
19411	9	13273352928
19412	9	13273993456
19413	9	13274026224
19414	9	13274058976
19415	9	13275318496
19416	9	13276092640
19417	9	13277415648
19418	9	13277415904
19419	9	13295022320
19420	9	13295182064
19421	9	13295215856
19422	9	13299179760
19423	9	13299212528
19424	9	13299214576
19425	9	13299245296
19426	9	13299279088
19427	9	13299630320
19428	9	13299664112
19429	9	13299666160
19430	9	13299696368
19431	9	13301761264
19432	9	13303374064
19433	9	13303507168
19434	9	13303858416
19435	9	13303890160
19436	9	13303991520
19437	9	13305397488
19438	9	13305431280
19439	9	13305497328
19440	9	13307494640
19441	9	13307528432
19442	9	13307560176
19443	9	13307592944
19444	9	13307627744
19445	9	13311887584
19446	9	13313786096
19447	9	13313819888
19448	9	13313885936
19449	9	13314017008
19450	9	13315883248
19451	9	13315883504
19452	9	13315917040
19453	9	13315917296
19454	9	13315948784
19455	9	13315950832
19456	9	13315981552
19457	9	13315983600
19458	9	13316014320
19459	9	13316016352
19460	9	13316048112
19461	9	13316278464
19462	9	13318045936
19463	9	13318046960
19464	9	13318047968
19465	9	13318079728
19466	9	13320143088
19467	9	13320143344
19468	9	13320276192
19469	9	13321750256
19470	9	13322200304
19471	9	13323624688
19472	9	13323658480
19473	9	13323747568
19474	9	13323781360
19475	9	13323880672
19476	9	13324009712
19477	9	13324043504
19478	9	13324045552
19479	9	13324075760
19480	9	13324297456
19481	9	13324333296
19482	9	13324368112
19483	9	13324398832
19484	9	13324432624
19485	9	13324561648
19486	9	13325844720
19487	9	13325944560
19488	9	13326140656
19489	9	13327753456
19490	9	13327941872
19491	9	13327942128
19492	9	13328040176
19493	9	13328237808
19494	9	13328269552
19495	9	13328335088
19496	9	13328341184
19497	9	13328370912
19498	9	13328527600
19499	9	13328660704
19500	9	13330039024
19501	9	13330072816
19502	9	13330105072
19503	9	13330138864
19504	9	13330269936
19505	9	13331073264
19506	9	13331107056
19507	9	13331173104
19508	9	13331816688
19509	9	13331849456
19510	9	13332136176
19511	9	13332136432
19512	9	13332169968
19513	9	13332170224
19514	9	13332201712
19515	9	13332202224
19516	9	13332202480
19517	9	13332203760
19518	9	13332234480
19519	9	13332236528
19520	9	13332267248
19521	9	13332269280
19522	9	13332301040
19523	9	13332531392
19524	9	13332719856
19525	9	13333170416
19526	9	13333204208
19527	9	13333235952
19528	9	13333268720
19529	9	13334298864
19530	9	13334299888
19531	9	13334300896
19532	9	13334332656
19533	9	13334816992
19534	9	13336396016
19535	9	13336396272
19536	9	13336529120
19537	9	13346488560
19538	9	13346489584
19539	9	13346522352
19540	9	13347391728
19541	9	13347425520
19542	9	13348585712
19543	9	13348585968
19544	9	13349488880
19545	9	13349489136
19546	9	13362290928
19547	9	13362323696
19548	9	13362807536
19549	9	13364158704
19550	9	13364224752
19551	9	13366255856
19552	9	13366388960
19553	9	13366739184
19554	9	13366771952
19555	9	13368451296
19556	9	13368485088
19557	9	13368836320
19558	9	13368836336
19559	9	13368870128
19560	9	13368872160
19561	9	13368902384
19562	9	13370548448
19563	9	13370933488
19564	9	13371064544
19565	9	13372506352
19566	9	13372539120
19567	9	13372540144
19568	9	13372541152
19569	9	13372605168
19570	9	13374603504
19571	9	13374636272
19572	9	13374736608
19573	9	13374769376
19574	9	13376700640
19575	9	13376831712
19576	9	13376897760
19577	9	13376962752
19578	9	13376966848
19579	9	13378928864
19580	9	13379195072
19581	9	13380894960
19582	9	13380928752
19583	9	13381025984
19584	9	13381026032
19585	9	13381059824
19586	9	13382992112
19587	9	13382992368
19588	9	13383125216
19589	9	13385089248
19590	9	13385089264
19591	9	13385089504
19592	9	13385089520
19593	9	13385123056
19594	9	13385123312
19595	9	13385154800
19596	9	13385156832
19597	9	13385187568
19598	9	13385189600
19599	9	13385220320
19600	9	13385224384
19601	9	13385351360
19602	9	13385482432
19603	9	13387186416
19604	9	13387186672
19605	9	13387317472
19606	9	13387317728
19607	9	13387321536
19608	9	13387321792
19609	9	13387579584
19610	9	13388604144
19611	9	13388858096
19612	9	13389309168
19613	9	13389310176
19614	9	13389312240
19615	9	13389378288
19616	9	13390635248
19617	9	13390733552
19618	9	13390766320
19619	9	13390768352
19620	9	13390856432
19621	9	13390889200
19622	9	13390989536
19623	9	13391022304
19624	9	13391118576
19625	9	13391120624
19626	9	13391151344
19627	9	13391250160
19628	9	13391409392
19629	9	13391542496
19630	9	13392953568
19631	9	13393150688
19632	9	13393215712
19633	9	13393219776
19634	9	13393251552
19635	9	13393281776
19636	9	13393604832
19637	9	13393638624
19638	9	13393767648
19639	9	13394927840
19640	9	13395181792
19641	9	13395312880
19642	9	13395443936
19643	9	13395448000
19644	9	13395701984
19645	9	13397147888
19646	9	13397181680
19647	9	13397697776
19648	9	13399245040
19649	9	13399245296
19650	9	13399378144
19651	9	13401342176
19652	9	13401342192
19653	9	13401342432
19654	9	13401342448
19655	9	13401375984
19656	9	13401376240
19657	9	13401407728
19658	9	13401409760
19659	9	13401440496
19660	9	13401442528
19661	9	13401446592
19662	9	13401473248
19663	9	13401477312
19664	9	13401604288
19665	9	13401925856
19666	9	13403439344
19667	9	13403439600
19668	9	13403570400
19669	9	13403570656
19670	9	13403574464
19671	9	13403574720
19672	9	13403832512
19673	9	13428416752
19674	9	13428450544
19675	9	13428901104
19676	9	13429190896
19677	9	13429224688
19678	9	13429417200
19679	9	13432865008
19680	9	13432866032
19681	9	13432867056
19682	9	13432898800
19683	9	13432900848
19684	9	13432964336
19685	9	13433381104
19686	9	13433383152
19687	9	13433414896
19688	9	13433416944
19689	9	13433480432
19690	9	13437059312
19691	9	13437060336
19692	9	13437061344
19693	9	13437093104
19694	9	13437192416
19695	9	13437193440
19696	9	13437200608
19697	9	13437226208
19698	9	13437329648
19699	9	13437331680
19700	9	13437363440
19701	9	13437575408
19702	9	13437609200
19703	9	13437708512
19704	9	13437742304
19705	9	13439124720
19706	9	13441221872
19707	9	13441253616
19708	9	13441287408
19709	9	13441357040
19710	9	13441484016
19711	9	13442258160
19712	9	13445449952
19713	9	13445452016
19714	9	13445485808
19715	9	13445581024
19716	9	13445585120
19717	9	13445614816
19718	9	13445618912
19719	9	13445710064
19720	9	13445711088
19721	9	13445712096
19722	9	13445743856
19723	9	13446101216
19724	9	13446135008
19725	9	13446486240
19726	9	13449388272
19727	9	13449422064
19728	9	13449642224
19729	9	13449676016
19730	9	13449904368
19731	9	13449905392
19732	9	13449906416
19733	9	13449938160
19734	9	13449940208
19735	9	13449970928
19736	9	13450036976
19737	9	13450162416
19738	9	13450196208
19739	9	13450874096
19740	9	13450940144
19741	9	13453970656
19742	9	13454099696
19743	9	13454230768
19744	9	13454232800
19745	9	13457694960
19746	9	13457728752
19747	9	13457794800
19748	9	13457826032
19749	9	13457828064
19750	9	13457859824
19751	9	13457925872
19752	9	13458090208
19753	9	13458223344
19754	9	13458257136
19755	9	13458323184
19756	9	13461954800
19757	9	13461955824
19758	9	13461956832
19759	9	13461988592
19760	9	13462485216
19761	9	13497811168
19762	9	13497811184
19763	9	13497844976
19764	9	13497911024
19765	9	13498361072
19766	9	13499908336
19767	9	13499942128
19768	9	13499973872
19769	9	13500006640
19770	9	13500039392
19771	9	13500041440
19772	9	13500075232
19773	9	13500458224
19774	9	13500489968
19775	9	13500522736
19776	9	13500555488
19777	9	13500591328
19778	9	13502170336
19779	9	13502686432
19780	9	13504170208
19781	9	13504299232
19782	9	13504815328
19783	9	13508399344
19784	9	13508428000
19785	9	13508559088
19786	9	13508592880
19787	9	13508625136
19788	9	13510558944
19789	9	13510563040
19790	9	13511079136
19791	9	13512687840
19792	9	13512691936
19793	9	13512820960
19794	9	13514588384
19795	9	13514622192
19796	9	13514850496
19797	9	13514850528
19798	9	13514850544
19799	9	13514854592
19800	9	13514884336
19801	9	13514950384
19802	9	13516402928
19803	9	13516529904
19804	9	13516562656
19805	9	13516719344
19806	9	13516719600
19807	9	13516751088
19808	9	13516816608
19809	9	13516818656
19810	9	13516820672
19811	9	13516852448
19812	9	13516947696
19813	9	13516981488
19814	9	13517013232
19815	9	13517046000
19816	9	13517078752
19817	9	13517079792
19818	9	13517080800
19819	9	13517082816
19820	9	13517112560
19821	9	13517114592
19822	9	13517118656
19823	9	13517336800
19824	9	13517368544
19825	9	13518850272
19826	9	13519176928
19827	9	13519366368
19828	9	13520822496
19829	9	13520947424
19830	9	13520947680
19831	9	13521076448
19832	9	13521207536
19833	9	13521209568
19834	9	13521338592
19835	9	13521342656
19836	9	13522806512
19837	9	13524803824
19838	9	13524837616
19839	9	13524936928
19840	9	13526900960
19841	9	13527429344
19842	9	13528998112
19843	9	13528998368
19844	9	13529065696
19845	9	13529098464
19846	9	13529129184
19847	9	13529526752
19848	9	13575471344
19849	9	13575504112
19850	9	13575667952
19851	9	13575701744
19852	9	13575734000
19853	9	13577798896
19854	9	13579798752
19855	9	13579896048
19856	9	13579927792
19857	9	13580029152
19858	9	13582765296
19859	9	13583859952
19860	9	13583959280
19861	9	13584862448
19862	9	13585957104
19863	9	13585959136
19864	9	13585990896
19865	9	13586475232
19866	9	13588054256
19867	9	13588054512
19868	9	13588187360
19869	9	13607210736
19870	9	13640450288
19871	9	13640516336
19872	9	13642547440
19873	9	13642680544
19874	9	13642776816
19875	9	13642809584
19876	9	13642908400
19877	9	13644742880
19878	9	13644808928
19879	9	13644873920
19880	9	13644873952
19881	9	13644873968
19882	9	13644907760
19883	9	13644940016
19884	9	13646840032
19885	9	13646971120
19886	9	13647102176
19887	9	13647106240
19888	9	13653034224
19889	9	13653034480
19890	9	13653065968
19891	9	13696852208
19892	9	13696884976
19893	9	13697110256
19894	9	13697143024
19895	9	13697302768
19896	9	13697336560
19897	9	13697368816
19898	9	13698076912
19899	9	13698110704
19900	9	13698142960
19901	9	13699137776
19902	9	13699171568
19903	9	13699237616
19904	9	13699687664
19905	9	13701079280
19906	9	13701234928
19907	9	13701268720
19908	9	13701300464
19909	9	13701333232
19910	9	13701368032
19911	9	13701784816
19912	9	13703242992
19913	9	13703399648
19914	9	13703915744
19915	9	13705340144
19916	9	13705371888
19917	9	13705494768
19918	9	13705627872
19919	9	13707364080
19920	9	13708072176
19921	9	13709361392
19922	9	13709395184
19923	9	13709492464
19924	9	13709526256
19925	9	13709558512
19926	9	13710169328
19927	9	13710201072
19928	9	13710203120
19929	9	13710233840
19930	9	13710235888
19931	9	13710266608
19932	9	13710300400
19933	9	13710332656
19934	9	13713621232
19935	9	13714395376
19936	9	13714528480
19937	9	13724133104
19938	9	13740675312
19939	9	13740709104
19940	9	13740775152
19941	9	13742772464
19942	9	13742772720
19943	9	13742806256
19944	9	13742806512
19945	9	13742838000
19946	9	13742870768
19947	9	13766246640
19948	9	13766279408
19949	9	13766280432
19950	9	13766281440
19951	9	13766345456
19952	9	13766797536
19953	9	13768253680
19954	9	13768343792
19955	9	13768376560
19956	9	13768476896
19957	9	13768509664
19958	9	13770440928
19959	9	13770508512
19960	9	13770541280
19961	9	13770572000
19962	9	13770638048
19963	9	13771024608
19964	9	13772669152
19965	9	13774471920
19966	9	13775180016
19967	9	13775181040
19968	9	13775182048
19969	9	13775246064
19970	9	13776470256
19971	9	13776503024
19972	9	13777277168
19973	9	13777410272
19974	9	13778567392
19975	9	13778764512
19976	9	13779472608
19977	9	13779538656
19978	9	13780795616
19979	9	13781569760
19980	9	13793663200
19981	9	13795791584
19982	9	13828940016
19983	9	13829006064
19984	9	13829714160
19985	9	13829780208
19986	9	13831037168
19987	9	13831520496
19988	9	13831553264
19989	9	13831811312
19990	9	13833069296
19991	9	13833355504
19992	9	13833388272
19993	9	13833389296
19994	9	13833390320
19995	9	13833454320
19996	9	13833456368
19997	9	13833905392
19998	9	13833906416
19999	9	13833972464
20000	9	13835100400
20001	9	13835452656
20002	9	13835485424
20003	9	13835487472
20004	9	13835583728
20005	9	13835616496
20006	9	13836003568
20007	9	13836486896
20008	9	13836519664
20009	9	13837549808
20010	9	13837583600
20011	9	13837680864
20012	9	13837682912
20013	9	13837716704
20014	9	13838099696
20015	9	13838232800
20016	9	13839646960
20017	9	13839647216
20018	9	13839780064
20019	9	13849739504
20020	9	13849773296
20021	9	13850676464
20022	9	13851836656
20023	9	13851836912
20024	9	13858222832
20025	9	13858351856
20026	9	13860866288
20027	9	13860899056
20028	9	13896048880
20029	9	13896565488
20030	9	13900464368
20031	9	13900497136
20032	9	13900497648
20033	9	13900497904
20034	9	13900630752
20035	9	13904658672
20036	9	13904691440
20037	9	13904693472
20038	9	13904789728
20039	9	13904822496
20040	9	13905209568
20041	9	13925526240
20042	9	14037836016
20043	9	14037869808
20044	9	14037935856
20045	9	14045802736
20046	9	14045962480
20047	9	14045996272
20048	9	14046028528
20049	9	14046062320
20050	9	14054154480
20051	9	14054188272
20052	9	14054670576
20053	9	14054671600
20054	9	14054704368
20055	9	14078533872
20056	9	14078567664
20057	9	14078791920
20058	9	14078825712
20059	9	14085080304
20060	9	14087177456
20061	9	14087177712
20062	9	14112874736
20063	9	14112907504
20064	9	14112908528
20065	9	14112940256
20066	9	14113325296
20067	9	14113359088
20068	9	14113425136
20069	9	14117200096
20070	9	14117587168
20071	9	14117651680
20072	9	14129193184
20073	9	14145896688
20074	9	14145897712
20075	9	14145930480
20076	9	14179983600
20077	9	14180016368
20078	9	14180049120
20079	9	14180434160
20080	9	14180467952
20081	9	14180500208
20082	9	14182531296
20083	9	14182565088
20084	9	14184628448
20085	9	14196302048
20086	9	14210842848
20087	9	14210842864
20088	9	14210876656
20089	9	14210942704
20090	9	14212940016
20091	9	14212940272
20092	9	14212973808
20093	9	14212974064
20094	9	14213005552
20095	9	14213038320
20096	9	14213040352
20097	9	14213071072
20098	9	14215102688
20099	9	14238703856
20100	9	14238737648
20101	9	14239188208
20102	9	14242898160
20103	9	14242931952
20104	9	14243029216
20105	9	14243414256
20106	9	14243415280
20107	9	14243416288
20108	9	14243448048
20109	9	14243480800
20110	9	14244921536
20111	9	14244921568
20112	9	14244921584
20113	9	14244955376
20114	9	14245021424
20115	9	14247018736
20116	9	14247052528
20117	9	14247084272
20118	9	14247085296
20119	9	14247088368
20120	9	14247117040
20121	9	14247118064
20122	9	14247118576
20123	9	14247118832
20124	9	14247119072
20125	9	14247122160
20126	9	14247123184
20127	9	14247149792
20128	9	14247151840
20129	9	14247153856
20130	9	14247153888
20131	9	14247153904
20132	9	14247185632
20133	9	14247187696
20134	9	14247253744
20135	9	14247280880
20136	9	14247314672
20137	9	14247380720
20138	9	14251280608
20139	9	14251409632
20140	9	14251540720
20141	9	14251541744
20142	9	14251542752
20143	9	14251546816
20144	9	14251574512
20145	9	14251607264
20146	9	14255472880
20147	9	14255473904
20148	9	14255506672
20149	9	14255603952
20150	9	14255604976
20151	9	14255610048
20152	9	14255637744
20153	9	14255737024
20154	9	14257571056
20155	9	14259668208
20156	9	14259668464
20157	9	14261274352
20158	9	14263148768
20159	9	14263148784
20160	9	14263182576
20161	9	14263248624
20162	9	14263271664
20163	9	14263305456
20164	9	14263371504
20165	9	14263402720
20166	9	14263404768
20167	9	14263406784
20168	9	14263406816
20169	9	14263406832
20170	9	14263438560
20171	9	14263440624
20172	9	14263470816
20173	9	14263506672
20174	9	14263533808
20175	9	14263567600
20176	9	14263633648
20177	9	14263857392
20178	9	14263891184
20179	9	14263922912
20180	9	14267277552
20181	9	14267311344
20182	9	14267533536
20183	9	14267535600
20184	9	14267569392
20185	9	14267795680
20186	9	14267860192
20187	9	14268049632
20188	9	14271725808
20189	9	14271726832
20190	9	14271759600
20191	9	14273823984
20192	9	14275921136
20193	9	14275921392
20194	9	14305812720
20195	9	14305845488
20196	9	14305878240
20197	9	14306263280
20198	9	14306297072
20199	9	14306329328
20200	9	14308394208
20201	9	14312030432
20202	9	14314197232
20203	9	14314227936
20204	9	14314258656
20205	9	14314262752
20206	9	14314389744
20207	9	14314423536
20208	9	14314455792
20209	9	14316224736
20210	9	14316258528
20211	9	14316486880
20212	9	14316490944
20213	9	14316520672
20214	9	14316524736
20215	9	14318321888
20216	9	14318322144
20217	9	14318588096
20218	9	14320419008
20219	9	14320419040
20220	9	14320419056
20221	9	14320452848
20222	9	14320518896
20223	9	14320681152
20224	9	14322516208
20225	9	14322516464
20226	9	14322550000
20227	9	14322550256
20228	9	14322581744
20229	9	14322614512
20230	9	14322616544
20231	9	14322647264
20232	9	14322651328
20233	9	14322909376
20234	9	14324678880
20235	9	14324682944
20236	9	14330257632
20237	9	14330511584
20238	9	14330515680
20239	9	14330642672
20240	9	14330676464
20241	9	14330708720
20242	9	14330966256
20243	9	14331031776
20244	9	14332477664
20245	9	14332511456
20246	9	14332543712
20247	9	14332739808
20248	9	14332743872
20249	9	14332773600
20250	9	14332777664
20251	9	14334574816
20252	9	14334575072
20253	9	14334836960
20254	9	14334841024
20255	9	14336671936
20256	9	14336671968
20257	9	14336671984
20258	9	14336705776
20259	9	14336771824
20260	9	14338769136
20261	9	14338769392
20262	9	14338802928
20263	9	14338803184
20264	9	14338834672
20265	9	14338867440
20266	9	14338869472
20267	9	14338873536
20268	9	14338900192
20269	9	14338904256
20270	9	14339162304
20271	9	14340931808
20272	9	14340935872
20273	9	14379139312
20274	9	14379173104
20275	9	14379239152
20276	9	14381236464
20277	9	14381270256
20278	9	14381302000
20279	9	14381334768
20280	9	14381369568
20281	9	14383498464
20282	9	14383502528
20283	9	14389756096
20284	9	14395492080
20285	9	14395942128
20286	9	14397489392
20287	9	14397523184
20288	9	14397622496
20289	9	14398039280
20290	9	14399586496
20291	9	14399586544
20292	9	14399686384
20293	9	14401683696
20294	9	14401683952
20295	9	14401782000
20296	9	14401788096
20297	9	14402076864
20298	9	14406009024
20299	9	14446248176
20300	9	14446280944
20301	9	14446281968
20302	9	14446282976
20303	9	14446346992
20304	9	14448345328
20305	9	14448378096
20306	9	14448380128
20307	9	14448739008
20308	9	14450442464
20309	9	14450704576
20310	9	14454767808
20311	9	14458831040
20312	9	14458831296
20313	9	14462599920
20314	9	14463050992
20315	9	14463052000
20316	9	14464598256
20317	9	14464631024
20318	9	14464633056
20319	9	14464991936
20320	9	14465149152
20321	9	14466695392
20322	9	14475083968
20323	9	14475084224
20324	9	14510940384
20325	9	14512866544
20326	9	14514963696
20327	9	14514995440
20328	9	14515029232
20329	9	14515098864
20330	9	14515225840
20331	9	14519191776
20332	9	14519193840
20333	9	14519227632
20334	9	14519320800
20335	9	14519451888
20336	9	14519452912
20337	9	14519453920
20338	9	14519457984
20339	9	14519485680
20340	9	14519518432
20341	9	14519707872
20342	9	14523384048
20343	9	14523417840
20344	9	14523648192
20345	9	14531832032
20346	9	14531834080
20347	9	14531865824
20348	9	14582139104
20349	9	14582169824
20350	9	14582300912
20351	9	14582334704
20352	9	14582366960
20353	9	14584431840
20354	9	14584435904
20355	9	14588330208
20356	9	14588364016
20357	9	14588592320
20358	9	14590461168
20359	9	14590461424
20360	9	14590492912
20361	9	14590527712
20362	9	14590558432
20363	9	14590562496
20364	9	14592590048
20365	9	14592594112
20366	9	14649213168
20367	9	14649245936
20368	9	14649278688
20369	9	14651409632
20370	9	14651413696
20371	9	14653538528
20372	9	14653542592
20373	9	14714192064
20374	9	14714192096
20375	9	14714192112
20376	9	14714258160
20377	9	14716289264
20378	9	14716387552
20379	9	14716420320
20380	9	14716424384
20381	9	14716650176
20382	9	14718615744
20383	9	14720712896
20384	9	14770594032
20385	9	14770626800
20386	9	14770852080
20387	9	14771044592
20388	9	14771078384
20389	9	14771110640
20390	9	14772879584
20391	9	14772879600
20392	9	14772913392
20393	9	14772979440
20394	9	14773429488
20395	9	14774976752
20396	9	14775010544
20397	9	14775042288
20398	9	14775075056
20399	9	14775107808
20400	9	14775109856
20401	9	14775143648
20402	9	14775526640
20403	9	14775659744
20404	9	14777238752
20405	9	14779236592
20406	9	14779238624
20407	9	14779303136
20408	9	14779367648
20409	9	14781105904
20410	9	14781814000
20411	9	14783234288
20412	9	14783236320
20413	9	14783268080
20414	9	14783300336
20415	9	14783944944
20416	9	14797874928
20417	9	14800005344
20418	9	14839988448
20419	9	14839988464
20420	9	14840021216
20421	9	14840021232
20422	9	14840022256
20423	9	14840023264
20424	9	14840087280
20425	9	14840089312
20426	9	14840539360
20427	9	14842085616
20428	9	14842118384
20429	9	14842120416
20430	9	14842216672
20431	9	14842249440
20432	9	14842636512
20433	9	14844182752
20434	9	14846279904
20435	9	14846280160
20436	9	14848213744
20437	9	14848922864
20438	9	14848923872
20439	9	14864984800
20440	9	15178260720
20441	9	15182422256
20442	9	15182456048
20443	9	15182553312
20444	9	15184445664
20445	9	15184445680
20446	9	15184479472
20447	9	15184545520
20448	9	15186542832
20449	9	15186576624
20450	9	15186608368
20451	9	15186609392
20452	9	15186641136
20453	9	15186642160
20454	9	15186642672
20455	9	15186642928
20456	9	15186643168
20457	9	15186673888
20458	9	15186675936
20459	9	15186709728
20460	9	15190804704
20461	9	15190933728
20462	9	15200798448
20463	9	15201248496
20464	9	15202795760
20465	9	15202829552
20466	9	15202895600
20467	9	15202926816
20468	9	15202928864
20469	9	15202962656
20470	9	15203345648
20471	9	15203478752
20472	9	15207057632
20473	9	15207573728
20474	9	15211249904
20475	9	15211250928
20476	9	15211283696
20477	9	15213348080
20478	9	15215445232
20479	9	15215445488
20480	9	15245369584
20481	9	15249981664
20482	9	15251554528
20483	9	15253752032
20484	9	15253782752
20485	9	15255748832
20486	9	15255782624
20487	9	15257845984
20488	9	15257846240
20489	9	15270035680
20490	9	15272001760
20491	9	15272035552
20492	9	15272551648
20493	9	15274098912
20494	9	15274099168
20495	9	15276196064
20496	9	15276196080
20497	9	15276229872
20498	9	15276262128
20499	9	15276295920
20500	9	15278293232
20501	9	15278293488
20502	9	15278327024
20503	9	15278327280
20504	9	15278358768
20505	9	15278359280
20506	9	15278359536
20507	9	15278391536
20508	9	15278393568
20509	9	15278424288
20510	9	15280455904
20511	9	15312437488
20512	9	15312438512
20513	9	15312471280
20514	9	15316633824
20515	9	15316762848
20516	9	15336751344
20517	9	15336785136
20518	9	15336851184
20519	9	15336882400
20520	9	15336884448
20521	9	15336918240
20522	9	15337591024
20523	9	15337623792
20524	9	15337624816
20525	9	15337625824
20526	9	15337656544
20527	9	15341013216
20528	9	15341787360
20529	9	15341916384
20530	9	15377383648
20531	9	15379581152
20532	9	15379611872
20533	9	15403991264
20534	9	15404734688
20535	9	15404765408
20536	9	15405957344
20537	9	15405991136
20538	9	15408054496
20539	9	15408054752
20540	9	15580348656
20541	9	15580349680
20542	9	15580382448
20543	9	15584420064
20544	9	15584544992
20545	9	15584674016
20546	9	15585061088
20547	9	15588443376
20548	9	15588576480
20549	9	15589249264
20550	9	15589283056
20551	9	15592671456
20552	9	15593445600
20553	9	15593574624
20554	9	15605311712
20555	9	15605345504
20556	9	15605567712
20557	9	15645294816
20558	9	15647236336
20559	9	15647492320
20560	9	15647523040
20561	9	15655649504
20562	9	15656392928
20563	9	15656423648
20564	9	15657649376
20565	9	15672676576
20566	9	15710150896
20567	9	15714500848
20568	9	15714534640
20569	9	15714631904
20570	9	15714667744
20571	9	15715050736
20572	9	15715183840
20573	9	15718760688
20574	9	15779613408
20575	9	15781609712
20576	9	15781642480
20577	9	15781644512
20578	9	15781740768
20579	9	15781773536
20580	9	15782160608
20581	9	15783706848
20582	9	15804508896
20583	9	16258187488
20584	9	16258187504
20585	9	16258221280
20586	9	16258221296
20587	9	16258287344
20588	9	16260284640
20589	9	16260284656
20590	9	16260284896
20591	9	16260284912
20592	9	16260318448
20593	9	16260318704
20594	9	16260350192
20595	9	16260351216
20596	9	16260352224
20597	9	16260382960
20598	9	16260383984
20599	9	16260384496
20600	9	16260384752
20601	9	16260384992
20602	9	16260415712
20603	9	16260449504
20604	9	16264544480
20605	9	16276537568
20606	9	16276537584
20607	9	16276571376
20608	9	16276603632
20609	9	16276637424
20610	9	16276668640
20611	9	16276702432
20612	9	16277121248
20613	9	16280797408
20614	9	16325296352
20615	9	16325330144
20616	9	16327393504
20617	9	16342099168
20618	9	16343646432
20619	9	16654090480
20620	9	16654091504
20621	9	16654092512
20622	9	16654124272
20623	9	16654189792
20624	9	16654608608
20625	9	16658284768
20626	9	16719036640
20627	9	16719070432
20628	9	16719586528
20629	9	16721133792
20630	9	17259061488
20631	9	17259095280
20632	9	17259161328
20633	9	17266655472
20634	9	17266689264
20635	9	17266755312
20636	9	17267028208
20637	9	17267187952
20638	9	17267221744
20639	9	17267287792
20640	9	17267479792
20641	9	17274847472
20642	9	17274881264
20643	9	17275379952
20644	9	17275413744
20645	9	17275896048
20646	9	17275897072
20647	9	17275929840
20648	9	17283440880
20649	9	17283474672
20650	9	17283506928
20651	9	17283540720
20652	9	17288474864
20653	9	17288508656
20654	9	17291632880
20655	9	17291666672
20656	9	17292665072
20657	9	17292666096
20658	9	17292698864
20659	9	17299759344
20660	9	17299793136
20661	9	17300017392
20662	9	17300051184
20663	9	17300533488
20664	9	17300567280
20665	9	17304470768
20666	9	17304986864
20667	9	17306305776
20668	9	17308402928
20669	9	17308403184
20670	9	17333567728
20671	9	17333600496
20672	9	17333601520
20673	9	17333602544
20674	9	17333633264
20675	9	17333667056
20676	9	17333733104
20677	9	17334100208
20678	9	17334132976
20679	9	17334134000
20680	9	17334135024
20681	9	17334165744
20682	9	17334199536
20683	9	17334265584
20684	9	17334550768
20685	9	17334584560
20686	9	17334650608
20687	9	17337762032
20688	9	17337795824
20689	9	17338294512
20690	9	17338328304
20691	9	17338810608
20692	9	17338811632
20693	9	17338844400
20694	9	17350418672
20695	9	17350452464
20696	9	17350484720
20697	9	17350518512
20698	9	17351319792
20699	9	17351353584
20700	9	17351419632
20701	9	17354547440
20702	9	17354581232
20703	9	17355579632
20704	9	17355580656
20705	9	17355613424
20706	9	17366737136
20707	9	17366770928
20708	9	17367122160
20709	9	17367123184
20710	9	17367124208
20711	9	17367155952
20712	9	17367158000
20713	9	17367638256
20714	9	17367640304
20715	9	17367672048
20716	9	17367674096
20717	9	17368156400
20718	9	17368157424
20719	9	17368190192
20720	9	17369220336
20721	9	17371317488
20722	9	17371317744
20723	9	17400676592
20724	9	17400709360
20725	9	17401209072
20726	9	17401241840
20727	9	17401659632
20728	9	17401693424
20729	9	17401725680
20730	9	17418428656
20731	9	17418462448
20732	9	17418494704
20733	9	17432068336
20734	9	17432102128
20735	9	17432134384
20736	9	17432168176
20737	9	17434165488
20738	9	17434165744
20739	9	17434199280
20740	9	17434199536
20741	9	17434231024
20742	9	17434231536
20743	9	17434231792
20744	9	17434263792
20745	9	17434747120
20746	9	17434779888
20747	9	17455432944
20748	9	17459396848
20749	9	17459430640
20750	9	17459496176
20751	9	17459929328
20752	9	17459963120
20753	9	17460028656
20754	9	17460413680
20755	9	17463591152
20756	9	17463624944
20757	9	17464123632
20758	9	17464157424
20759	9	17464639728
20760	9	17464640752
20761	9	17464673520
20762	9	17466147056
20763	9	17466180848
20764	9	17466246896
20765	9	17467588848
20766	9	17467622640
20767	9	17467688688
20768	9	17468244208
20769	9	17468244464
20770	9	17468278000
20771	9	17468278256
20772	9	17468309744
20773	9	17468310768
20774	9	17468313840
20775	9	17468342512
20776	9	17468343536
20777	9	17468344048
20778	9	17468344304
20779	9	17468347632
20780	9	17468348656
20781	9	17468379376
20782	9	17468413168
20783	9	17468479216
20784	9	17468506352
20785	9	17468540144
20786	9	17468606192
20787	9	17468768496
20788	9	17468802288
20789	9	17468868336
20790	9	17472766192
20791	9	17472767216
20792	9	17472799984
20793	9	17473032432
20794	9	17473066224
20795	9	17473225968
20796	9	17473292016
20797	9	17475780848
20798	9	17475781872
20799	9	17475814640
20800	9	17476684016
20801	9	17476698352
20802	9	17476699376
20803	9	17476700400
20804	9	17476706544
20805	9	17476717808
20806	9	17476732144
20807	9	17476734192
20808	9	17476740336
20809	9	17477222640
20810	9	17477223664
20811	9	17477224688
20812	9	17477256432
20813	9	17477258480
20814	9	17477289200
20815	9	17477355248
20816	9	17477420272
20817	9	17477486320
20818	9	17478796528
20819	9	17480893680
20820	9	17480893936
20821	9	17481164016
20822	9	17481417968
20823	9	17481680112
20824	9	17481682160
20825	9	17484374256
20826	9	17484408048
20827	9	17484440304
20828	9	17484474096
20829	9	17484497136
20830	9	17484530928
20831	9	17484563184
20832	9	17484596976
20833	9	17484632304
20834	9	17484666096
20835	9	17484698352
20836	9	17484732144
20837	9	17484759280
20838	9	17484793072
20839	9	17484859120
20840	9	17485078768
20841	9	17485082864
20842	9	17485111536
20843	9	17485112560
20844	9	17485115632
20845	9	17485116656
20846	9	17485117680
20847	9	17485148400
20848	9	17485182192
20849	9	17485214448
20850	9	17485248240
20851	9	17485275376
20852	9	17485309168
20853	9	17485375216
20854	9	17488503024
20855	9	17488536816
20856	9	17488761072
20857	9	17488794864
20858	9	17489019120
20859	9	17489020144
20860	9	17489052912
20861	9	17489277168
20862	9	17489310960
20863	9	17489408240
20864	9	17489442032
20865	9	17489535216
20866	9	17489536240
20867	9	17489569008
20868	9	17492566256
20869	9	17492600048
20870	9	17492951280
20871	9	17492952304
20872	9	17492953328
20873	9	17492985072
20874	9	17492987120
20875	9	17493467376
20876	9	17493469424
20877	9	17493501168
20878	9	17493503216
20879	9	17493985520
20880	9	17493986544
20881	9	17494019312
20882	9	17495049456
20883	9	17497146608
20884	9	17497146864
20885	9	17501339888
20886	9	17501373680
20887	9	17501668592
20888	9	17501734640
20889	9	17505797360
20890	9	17507239152
20891	9	17509336304
20892	9	17509336560
20893	9	17509860592
20894	9	17509991664
20895	9	17526505712
20896	9	17526538480
20897	9	17527038192
20898	9	17527070960
20899	9	17527488752
20900	9	17527522544
20901	9	17527554800
20902	9	17535422704
20903	9	17535615216
20904	9	17535649008
20905	9	17535681264
20906	9	17539657968
20907	9	17539817712
20908	9	17539851504
20909	9	17540141296
20910	9	17540174064
20911	9	17541644528
20912	9	17541678320
20913	9	17541744368
20914	9	17542168816
20915	9	17542202608
20916	9	17542268656
20917	9	17543741680
20918	9	17543741936
20919	9	17543775472
20920	9	17543775728
20921	9	17543807216
20922	9	17543815408
20923	9	17543839984
20924	9	17543848176
20925	9	17543852272
20926	9	17544012016
20927	9	17544045808
20928	9	17544265968
20929	9	17544299760
20930	9	17544303856
20931	9	17544331504
20932	9	17544364272
20933	9	17544528112
20934	9	17544529136
20935	9	17544530160
20936	9	17544561904
20937	9	17544563952
20938	9	17544660720
20939	9	17546626288
20940	9	17546692336
20941	9	17548271856
20942	9	17548723440
20943	9	17548787952
20944	9	17551868144
20945	9	17551901936
20946	9	17551934192
20947	9	17552191728
20948	9	17552224496
20949	9	17552384240
20950	9	17552418032
20951	9	17552450288
20952	9	17555611888
20953	9	17555644656
20954	9	17555869936
20955	9	17556062448
20956	9	17556096240
20957	9	17556386032
20958	9	17556418800
20959	9	17556578544
20960	9	17556612336
20961	9	17557897456
20962	9	17557931248
20963	9	17557963504
20964	9	17557997296
20965	9	17559994608
20966	9	17559994864
20967	9	17560028400
20968	9	17560028656
20969	9	17560060144
20970	9	17560060656
20971	9	17560060912
20972	9	17560092912
20973	9	17560576240
20974	9	17560609008
20975	9	17566648048
20976	9	17568485616
20977	9	17568645360
20978	9	17568679152
20979	9	17572905200
20980	9	17574740208
20981	9	17574774000
20982	9	17575134960
20983	9	17576837360
20984	9	17576837616
20985	9	17577099504
20986	9	17577101552
20987	9	17577166064
20988	9	17579197680
20989	9	17589420272
20990	9	17589453040
20991	9	17589952752
20992	9	17589985520
20993	9	17590403312
20994	9	17590437104
20995	9	17590469360
20996	9	17600364784
20997	9	17600398576
20998	9	17600464624
20999	9	17601544432
21000	9	17601578224
21001	9	17602461936
21002	9	17602481392
21003	9	17602495728
21004	9	17602527472
21005	9	17602529520
21006	9	17602560240
21007	9	17602562288
21008	9	17602593008
21009	9	17602626800
21010	9	17602659056
21011	9	17602986224
21012	9	17603020016
21013	9	17603052272
21014	9	17605117168
21015	9	17606721776
21016	9	17606729968
21017	9	17607214320
21018	9	17607246064
21019	9	17607443696
21020	9	17607476464
21021	9	17607478512
21022	9	17609277680
21023	9	17609311472
21024	9	17609377520
21025	9	17610924272
21026	9	17610957040
21027	9	17610959088
21028	9	17610989808
21029	9	17611023600
21030	9	17611374832
21031	9	17611408624
21032	9	17611440368
21033	9	17611442416
21034	9	17611473136
21035	9	17611475184
21036	9	17611505904
21037	9	17611506928
21038	9	17611507952
21039	9	17611539696
21040	9	17611541744
21041	9	17613021424
21042	9	17613055216
21043	9	17613604080
21044	9	17613670128
21045	9	17615118576
21046	9	17615118832
21047	9	17615249648
21048	9	17615634672
21049	9	17615636720
21050	9	17615701232
21051	9	17615765744
21052	9	17616717552
21053	9	17617167600
21054	9	17618714864
21055	9	17618748656
21056	9	17618845936
21057	9	17618879728
21058	9	17618911984
21059	9	17619264752
21060	9	17619296496
21061	9	17619298544
21062	9	17619329264
21063	9	17619331312
21064	9	17619362032
21065	9	17619395824
21066	9	17619428080
21067	9	17619749104
21068	9	17619782896
21069	9	17619815152
21070	9	17622974704
21071	9	17623490800
21072	9	17633001712
21073	9	17633035504
21074	9	17633067760
21075	9	17633101552
21076	9	17633625840
21077	9	17633756912
21078	9	17635098864
21079	9	17635099120
21080	9	17635132656
21081	9	17635132912
21082	9	17635164400
21083	9	17635164912
21084	9	17635165168
21085	9	17635197168
21086	9	17635557616
21087	9	17635590384
21088	9	17635592432
21089	9	17635623152
21090	9	17635656944
21091	9	17635754224
21092	9	17635788016
21093	9	17635885296
21094	9	17635886320
21095	9	17635887344
21096	9	17635919088
21097	9	17635921136
21098	9	17636067568
21099	9	17636100336
21100	9	17637654768
21101	9	17637688560
21102	9	17638049520
21103	9	17639751920
21104	9	17639752176
21105	9	17640014064
21106	9	17640016112
21107	9	17640080624
21108	9	17641849072
21109	9	17641882864
21110	9	17643946224
21111	9	17643946480
21112	9	17644077296
21113	9	17644079344
21114	9	17646175472
21115	9	17667473648
21116	9	17667506416
21117	9	17667507440
21118	9	17667572464
21119	9	17669570800
21120	9	17669603568
21121	9	17669611760
21122	9	17670095088
21123	9	17670127856
21124	9	17670357744
21125	9	17674035440
21126	9	17674551536
21127	9	17676386544
21128	9	17676420336
21129	9	17676452592
21130	9	17678098672
21131	9	17678483696
21132	9	17678614768
21133	9	17680130288
21134	9	17680163056
21135	9	17680580848
21136	9	17680614640
21137	9	17682678000
21138	9	17682678256
21139	9	17683825392
21140	9	17684275440
21141	9	17684276464
21142	9	17684341488
21143	9	17685823728
21144	9	17685856496
21145	9	17686372592
21146	9	17700831984
21147	9	17702863088
21148	9	17702994160
21149	9	17704960240
21150	9	17704994032
21151	9	17707057392
21152	9	17707057648
21153	9	17708957936
21154	9	17708990704
21155	9	17708992752
21156	9	17709023472
21157	9	17709057264
21158	9	17711120624
21159	9	17711120880
21160	9	17713152240
21161	9	17713152496
21162	9	17727840496
21163	9	17727874288
21164	9	17728840944
21165	9	17732034800
21166	9	17732068592
21167	9	17733066992
21168	9	17733068016
21169	9	17733100784
21170	9	17736220912
21171	9	17736221936
21172	9	17736225008
21173	9	17736254704
21174	9	17736258800
21175	9	17736451312
21176	9	17736737008
21177	9	17736741104
21178	9	17736770800
21179	9	17736774896
21180	9	17736967408
21181	9	17740161264
21182	9	17740195056
21183	9	17740419312
21184	9	17740453104
21185	9	17740677360
21186	9	17740678384
21187	9	17740711152
21188	9	17740935408
21189	9	17740969200
21190	9	17741066480
21191	9	17741100272
21192	9	17741193456
21193	9	17741194480
21194	9	17741227248
21195	9	17744224496
21196	9	17744258288
21197	9	17744609520
21198	9	17744610544
21199	9	17744611568
21200	9	17744643312
21201	9	17744645360
21202	9	17745125616
21203	9	17745127664
21204	9	17745159408
21205	9	17745161456
21206	9	17745643760
21207	9	17745644784
21208	9	17745677552
21209	9	17746707696
21210	9	17748804848
21211	9	17748805104
21212	9	17752924400
21213	9	17752958192
21214	9	17753024240
21215	9	17753059568
21216	9	17753093360
21217	9	17753159408
21218	9	17753186544
21219	9	17753220336
21220	9	17753286384
21221	9	17757188336
21222	9	17757222128
21223	9	17757446384
21224	9	17757447408
21225	9	17757480176
21226	9	17761378544
21227	9	17761379568
21228	9	17761380592
21229	9	17761412336
21230	9	17761414384
21231	9	17763476720
21232	9	17765573872
21233	9	17765574128
21234	9	17769378032
21235	9	17769411824
21236	9	17769505008
21237	9	17769506032
21238	9	17769507056
21239	9	17769538800
21240	9	17769540848
21241	9	17769765104
21242	9	17769798896
21243	9	17771603184
21244	9	17773700336
21245	9	17773700592
21246	9	17775666416
21247	9	17777763568
21248	9	17777763824
21249	9	17794949360
21250	9	17794982128
21251	9	17795916016
21252	9	17795949808
21253	9	17795982064
21254	9	17803333872
21255	9	17803526384
21256	9	17803560176
21257	9	17803592432
21258	9	17803849968
21259	9	17803882736
21260	9	17804042480
21261	9	17804076272
21262	9	17804108528
21263	9	17807270128
21264	9	17807528176
21265	9	17807754480
21266	9	17808044272
21267	9	17808270576
21268	9	17809555696
21269	9	17809589488
21270	9	17809621744
21271	9	17809655536
21272	9	17811652848
21273	9	17811653104
21274	9	17811686640
21275	9	17811686896
21276	9	17811718384
21277	9	17811718896
21278	9	17811719152
21279	9	17811751152
21280	9	17812234480
21281	9	17812267248
21282	9	17820295408
21283	9	17820329200
21284	9	17820361456
21285	9	17824297200
21286	9	17824329968
21287	9	17824489712
21288	9	17824523504
21289	9	17826324720
21290	9	17826358512
21291	9	17826424560
21292	9	17828421872
21293	9	17828422128
21294	9	17828455664
21295	9	17828455920
21296	9	17828487408
21297	9	17828520176
21298	9	17834451184
21299	9	17834484976
21300	9	17834551024
21301	9	17834743024
21302	9	17836519664
21303	9	17836548336
21304	9	17836548592
21305	9	17836582128
21306	9	17836582384
21307	9	17836613872
21308	9	17836646640
21309	9	17836840176
21310	9	17836840432
21311	9	17838711024
21312	9	17838712048
21313	9	17838744816
21314	9	17840808176
21315	9	17840808432
21316	9	17857863920
21317	9	17857896688
21318	9	17858830576
21319	9	17858864368
21320	9	17858896624
21321	9	17868275952
21322	9	17868309744
21323	9	17868375792
21324	9	17868825840
21325	9	17870373104
21326	9	17870406896
21327	9	17870438640
21328	9	17870440688
21329	9	17870471408
21330	9	17870473456
21331	9	17870504176
21332	9	17870537968
21333	9	17870570224
21334	9	17870922992
21335	9	17870954736
21336	9	17870956784
21337	9	17870987504
21338	9	17870989552
21339	9	17871020272
21340	9	17871054064
21341	9	17871086320
21342	9	17871407344
21343	9	17871441136
21344	9	17871473392
21345	9	17874632944
21346	9	17875149040
21347	9	17885144816
21348	9	17887142128
21349	9	17887175920
21350	9	17887273200
21351	9	17887306992
21352	9	17887339248
21353	9	17891401968
21354	9	17901428976
21355	9	17901462768
21356	9	17901528816
21357	9	17903526128
21358	9	17903526384
21359	9	17903559920
21360	9	17903560176
21361	9	17903591664
21362	9	17903624432
21363	9	17903978736
21364	9	17904011504
21365	9	17935384816
21366	9	17935417584
21367	9	17935418608
21368	9	17935483632
21369	9	17935933680
21370	9	17935934704
21371	9	17935999728
21372	9	17937481968
21373	9	17937514736
21374	9	17938030832
21375	9	17952252656
21376	9	17954250992
21377	9	17954283760
21378	9	17991819504
21379	9	17991852272
21380	9	17992077552
21381	9	17992270064
21382	9	17992303856
21383	9	17992336112
21384	9	17992593648
21385	9	17992626416
21386	9	17992786160
21387	9	17992819952
21388	9	17992852208
21389	9	17994105072
21390	9	17994138864
21391	9	17994204912
21392	9	17994654960
21393	9	17996202224
21394	9	17996236016
21395	9	17996267760
21396	9	17996269808
21397	9	17996300528
21398	9	17996302576
21399	9	17996333296
21400	9	17996367088
21401	9	17996399344
21402	9	17996752112
21403	9	17996783856
21404	9	17996785904
21405	9	17996816624
21406	9	17996818672
21407	9	17996849392
21408	9	17996883184
21409	9	17996915440
21410	9	17997236464
21411	9	17997270256
21412	9	17997302512
21413	9	18000462064
21414	9	18000978160
21415	9	18002331376
21416	9	18003039472
21417	9	18004459760
21418	9	18004493552
21419	9	18004525808
21420	9	18004656368
21421	9	18004689136
21422	9	18004693232
21423	9	18004852976
21424	9	18004886768
21425	9	18004919024
21426	9	18005170416
21427	9	18005362928
21428	9	18005396720
21429	9	18005428976
21430	9	18006983920
21431	9	18008985840
21432	9	18009081072
21433	9	18009112816
21434	9	18011178224
21435	9	18012651760
21436	9	18013044976
21437	9	18013144304
21438	9	18013275376
21439	9	18013307120
21440	9	18013309168
21441	9	18013373680
21442	9	18013406448
21443	9	18013408496
21444	9	18013554928
21445	9	18015142128
21446	9	18015175920
21447	9	18015470832
21448	9	18015536880
21449	9	18017239280
21450	9	18017239536
21451	9	18017501424
21452	9	18017503472
21453	9	18017567984
21454	9	18017632496
21455	9	18019100400
21456	9	18021097712
21457	9	18021131504
21458	9	18021228784
21459	9	18021262576
21460	9	18021294832
21461	9	18021389552
21462	9	18021615856
21463	9	18021649648
21464	9	18021681904
21465	9	18025357552
21466	9	18027291888
21467	9	18029389040
21468	9	18029389296
21469	9	18029420784
21470	9	18029807856
21471	9	18058895600
21472	9	18059153648
21473	9	18059669744
21474	9	18061213936
21475	9	18061246704
21476	9	18061247728
21477	9	18061312752
21478	9	18061762800
21479	9	18061763824
21480	9	18061828848
21481	9	18063311088
21482	9	18063343856
21483	9	18063859952
21484	9	18069439216
21485	9	18070148336
21486	9	18071867632
21487	9	18071961840
21488	9	18071994608
21489	9	18076156144
21490	9	18078253296
21491	9	18078287088
21492	9	18078319344
21493	9	18080350448
21494	9	18080481520
21495	9	18082481392
21496	9	18086208240
21497	9	18088206576
21498	9	18088239344
21499	9	18090303728
21500	9	18090337520
21501	9	18090595568
21502	9	18092400880
21503	9	18092401136
21504	9	18124128496
21505	9	18124161264
21506	9	18124162288
21507	9	18124227312
21508	9	18124677360
21509	9	18124678384
21510	9	18124743408
21511	9	18126225648
21512	9	18126258416
21513	9	18126774512
21514	9	18136417008
21515	9	18136744176
21516	9	18136810224
21517	9	18137254128
21518	9	18137255152
21519	9	18137320176
21520	9	18138415344
21521	9	18138448112
21522	9	18138841328
21523	9	18138939632
21524	9	18138972400
21525	9	18139070704
21526	9	18139103472
21527	9	18139105520
21528	9	18139202288
21529	9	18139351280
21530	9	18141167856
21531	9	18141201648
21532	9	18141233904
21533	9	18143265008
21534	9	18143396080
21535	9	18145297136
21536	9	18147328240
21537	9	18149359856
21538	9	18149459184
21539	9	18153186032
21540	9	18153573104
21541	9	18155184368
21542	9	18155217136
21543	9	18155604208
21544	9	18203853040
21545	9	18204115696
21546	9	18208276720
21547	9	18208309488
21548	9	18212241648
21549	9	18539888864
21550	9	18539888880
21551	9	18539922672
21552	9	18539988720
21553	9	18541986032
21554	9	18541986288
21555	9	18542019824
21556	9	18542020080
21557	9	18542051568
21558	9	18542052592
21559	9	18542084336
21560	9	18542085360
21561	9	18542085872
21562	9	18542086128
21563	9	18542117088
21564	9	18542119136
21565	9	18542152928
21566	9	18542510320
21567	9	18542544112
21568	9	18542610160
21569	9	18546247904
21570	9	18546248160
21571	9	18546376928
21572	9	18546378976
21573	9	18546380000
21574	9	18546412768
21575	9	18546772192
21576	9	18546967792
21577	9	18547033840
21578	9	18550448368
21579	9	18550482160
21580	9	18550964464
21581	9	18550965488
21582	9	18550966512
21583	9	18550998256
21584	9	18551000304
21585	9	18551031024
21586	9	18551097072
21587	9	18555159792
21588	9	18555292896
21589	9	18558238960
21590	9	18558272752
21591	9	18558305008
21592	9	18558338800
21593	9	18558372064
21594	9	18558820592
21595	9	18558853360
21596	9	18558854384
21597	9	18558886112
21598	9	18562500832
21599	9	18563145952
21600	9	18563148000
21601	9	18563181792
21602	9	18575081712
21603	9	18575115504
21604	9	18575410416
21605	9	18575476464
21606	9	18579539184
21607	9	18583602416
21608	9	18606997728
21609	9	18609225952
21610	9	18609228000
21611	9	18609261792
21612	9	18611192032
21613	9	18611323104
21614	9	18611356896
21615	9	18611716320
21616	9	18613289184
21617	9	18613289440
21618	9	18613356768
21619	9	18613389536
21620	9	18613397728
21621	9	18613399792
21622	9	18613420256
21623	9	18613428448
21624	9	18613462240
21625	9	18613485792
21626	9	18613518560
21627	9	18613559520
21628	9	18613559536
21629	9	18613593328
21630	9	18613813472
21631	9	18613881056
21632	9	18613913824
21633	9	18613944544
21634	9	18614075616
21635	9	18614077664
21636	9	18614111456
21637	9	18615910624
21638	9	18615910640
21639	9	18615944432
21640	9	18616010480
21641	9	18617557232
21642	9	18617590000
21643	9	18617622752
21644	9	18618007792
21645	9	18618041584
21646	9	18618073328
21647	9	18618106096
21648	9	18618138848
21649	9	18618140896
21650	9	18618174688
21651	9	18620170464
21652	9	18620206304
21653	9	18620237024
21654	9	18621882592
21655	9	18622269664
21656	9	18622398688
21657	9	18623799520
21658	9	18625480928
21659	9	18625994976
21660	9	18626027744
21661	9	18626030816
21662	9	18627444960
21663	9	18628092128
21664	9	18628125920
21665	9	18629542112
21666	9	18629542368
21667	9	18629609696
21668	9	18629642464
21669	9	18629673184
21670	9	18630158560
21671	9	18630189280
21672	9	18630254816
21673	9	18630287584
21674	9	18640389872
21675	9	18642256096
21676	9	18642387184
21677	9	18642420976
21678	9	18642520288
21679	9	18646515936
21680	9	18646647024
21681	9	18646649056
21682	9	18648482032
21683	9	18648515824
21684	9	18650579184
21685	9	18650579440
21686	9	18650712288
21687	9	18676728048
21688	9	18676761840
21689	9	18676794096
21690	9	18678858992
21691	9	18680471792
21692	9	18680956144
21693	9	18680987888
21694	9	18681089248
21695	9	18707367664
21696	9	18709299440
21697	9	18709332208
21698	9	18709334256
21699	9	18709364976
21700	9	18709398768
21701	9	18711396592
21702	9	18711430384
21703	9	18713493744
21704	9	18713494000
21705	9	18713626848
21706	9	18743353584
21707	9	18743836912
21708	9	18743869680
21709	9	18745934048
21710	9	18747646176
21711	9	18748162272
21712	9	18778540256
21713	9	18778570976
21714	9	18780668128
21715	9	18780668384
21716	9	18809962736
21717	9	18809963760
21718	9	18809996528
21719	9	18810478832
21720	9	18810512624
21721	9	18814159072
21722	9	18814223584
21723	9	18814290144
21724	9	18814291168
21725	9	18814323936
21726	9	18814806240
21727	9	18814840032
21728	9	18826666224
21729	9	18826700016
21730	9	18826766064
21731	9	18826799328
21732	9	18830928096
21733	9	18874908896
21734	9	18877137120
21735	9	18877139168
21736	9	18877172960
21737	9	18877653216
21738	9	18877689056
21739	9	18879268064
21740	9	18879684832
21741	9	18879720672
21742	9	18879784160
21743	9	18881267936
21744	9	18881332448
21745	9	18881396960
21746	9	18881913056
21747	9	18893908192
21748	9	18895872224
21749	9	18897969376
21750	9	18897969632
21751	9	18898036960
21752	9	18898069728
21753	9	18898100448
21754	9	19078398192
21755	9	19078430960
21756	9	19078594800
21757	9	19078628592
21758	9	19078660848
21759	9	19080725744
21760	9	19082725600
21761	9	19082822896
21762	9	19082854640
21763	9	19082956000
21764	9	19086786800
21765	9	19086886128
21766	9	19088883952
21767	9	19088917744
21768	9	19090981104
21769	9	19090981360
21770	9	19091114208
21771	9	19145607392
21772	9	19145703664
21773	9	19145736432
21774	9	19147669728
21775	9	19147735776
21776	9	19147800800
21777	9	19149766880
21778	9	19149897968
21779	9	19150029024
21780	9	19210486000
21781	9	19210552048
21782	9	19212583152
21783	9	19212681456
21784	9	19212714224
21785	9	19214778592
21786	9	19277594864
21787	9	19281887456
21788	9	19281920224
21789	9	19403425008
21790	9	19405522160
21791	9	19405553904
21792	9	19405587696
21793	9	19406086384
21794	9	19406120176
21795	9	19414470896
21796	9	19414504688
21797	9	19414671600
21798	9	19414705392
21799	9	19414737648
21800	9	19414771440
21801	9	19422856432
21802	9	19422863600
21803	9	19422897392
21804	9	19423379696
21805	9	19423380720
21806	9	19423413488
21807	9	19423577328
21808	9	19423643376
21809	9	19427321072
21810	9	19427837168
21811	9	19431239920
21812	9	19431272688
21813	9	19431273712
21814	9	19439109360
21815	9	19447501040
21816	9	19447534832
21817	9	19456148720
21818	9	19479412976
21819	9	19479446768
21820	9	19479512816
21821	9	19481510128
21822	9	19481510384
21823	9	19481543920
21824	9	19481544176
21825	9	19481575664
21826	9	19481576688
21827	9	19481608432
21828	9	19481609456
21829	9	19481609968
21830	9	19481610224
21831	9	19481641184
21832	9	19481643232
21833	9	19481677024
21834	9	19482034416
21835	9	19482068208
21836	9	19482134256
21837	9	19485903072
21838	9	19486296288
21839	9	19486491888
21840	9	19486557936
21841	9	19489972464
21842	9	19490006256
21843	9	19490488560
21844	9	19490489584
21845	9	19490490608
21846	9	19490522352
21847	9	19490524400
21848	9	19490555120
21849	9	19490621168
21850	9	19494683888
21851	9	19497763056
21852	9	19497796848
21853	9	19497829104
21854	9	19497862896
21855	9	19497896160
21856	9	19498344688
21857	9	19498377456
21858	9	19498378480
21859	9	19502024928
21860	9	19502672096
21861	9	19514605808
21862	9	19514639600
21863	9	19514934512
21864	9	19515000560
21865	9	19519063280
21866	9	19523126512
21867	9	19548750048
21868	9	19548752096
21869	9	19548785888
21870	9	19549178080
21871	9	19550716128
21872	9	19550847200
21873	9	19550880992
21874	9	19550986480
21875	9	19551020272
21876	9	19551086320
21877	9	19551240416
21878	9	19552913632
21879	9	19552923888
21880	9	19552944352
21881	9	19552952544
21882	9	19553083632
21883	9	19553117424
21884	9	19553149168
21885	9	19553149680
21886	9	19553181936
21887	9	19553405152
21888	9	19553437920
21889	9	19553468640
21890	9	19553599728
21891	9	19553600752
21892	9	19553601760
21893	9	19553633520
21894	9	19555434736
21895	9	19555468528
21896	9	19555534576
21897	9	19557081328
21898	9	19557114096
21899	9	19557146848
21900	9	19557531888
21901	9	19557565680
21902	9	19557597424
21903	9	19557630192
21904	9	19557664992
21905	9	19559761120
21906	9	19561793760
21907	9	19565005024
21908	9	19566969056
21909	9	19567616224
21910	9	19567650016
21911	9	19569133792
21912	9	19569166560
21913	9	19569197280
21914	9	19569682656
21915	9	19569713376
21916	9	19579913968
21917	9	19581780192
21918	9	19581911280
21919	9	19581945072
21920	9	19582044384
21921	9	19586171120
21922	9	19586173152
21923	9	19588006128
21924	9	19588039920
21925	9	19590103280
21926	9	19590103536
21927	9	19590236384
21928	9	19607412976
21929	9	19607446768
21930	9	19607897328
21931	9	19611601120
21932	9	19611601376
21933	9	19611730144
21934	9	19611732192
21935	9	19611765984
21936	9	19612321008
21937	9	19612387056
21938	9	19615797488
21939	9	19615830256
21940	9	19615831280
21941	9	19615858912
21942	9	19615990000
21943	9	19616023792
21944	9	19616089840
21945	9	19619989728
21946	9	19619991792
21947	9	19620025584
21948	9	19620118752
21949	9	19620120800
21950	9	19620121824
21951	9	19620122848
21952	9	19620154592
21953	9	19620251872
21954	9	19624182000
21955	9	19624183024
21956	9	19624215792
21957	9	19624444144
21958	9	19624446192
21959	9	19624477936
21960	9	19624479984
21961	9	19624510704
21962	9	19624576752
21963	9	19628510432
21964	9	19628772576
21965	9	19631851744
21966	9	19632115952
21967	9	19632149744
21968	9	19632215792
21969	9	19632242928
21970	9	19632276720
21971	9	19632342768
21972	9	19632566512
21973	9	19632600304
21974	9	19635986672
21975	9	19636020464
21976	9	19636244720
21977	9	19636278512
21978	9	19636504800
21979	9	19637276912
21980	9	19637277936
21981	9	19637310704
21982	9	19640434928
21983	9	19640435952
21984	9	19640468720
21985	9	19640763632
21986	9	19640829680
21987	9	19644892400
21988	9	19648434416
21989	9	19648468208
21990	9	19648561392
21991	9	19648562416
21992	9	19648595184
21993	9	19649335536
21994	9	19649369328
21995	9	19650659568
21996	9	19652756720
21997	9	19652756976
21998	9	19652889824
21999	9	19674521840
22000	9	19674554608
22001	9	19674587360
22002	9	19674972400
22003	9	19675006192
22004	9	19675038448
22005	9	19676710112
22006	9	19676849392
22007	9	19678847200
22008	9	19678978288
22009	9	19679234272
22010	9	19679464672
22011	9	19680739552
22012	9	19682906352
22013	9	19682939120
22014	9	19682967776
22015	9	19682969824
22016	9	19682971872
22017	9	19683003616
22018	9	19683098864
22019	9	19683132656
22020	9	19683164912
22021	9	19684933856
22022	9	19685064928
22023	9	19685098720
22024	9	19685196000
22025	9	19685200064
22026	9	19687031008
22027	9	19687031264
22028	9	19687098592
22029	9	19687131360
22030	9	19687135456
22031	9	19687162080
22032	9	19687166176
22033	9	19687227616
22034	9	19687231712
22035	9	19687260384
22036	9	19687264480
22037	9	19687293152
22038	9	19687297216
22039	9	19687360736
22040	9	19687393504
22041	9	19687424224
22042	9	19689128160
22043	9	19689390272
22044	9	19689390304
22045	9	19689390320
22046	9	19689424112
22047	9	19689490160
22048	9	19691290864
22049	9	19691356384
22050	9	19691358432
22051	9	19691392224
22052	9	19691585776
22053	9	19691618528
22054	9	19691620576
22055	9	19691622592
22056	9	19691654368
22057	9	19693390048
22058	9	19693716704
22059	9	19695487200
22060	9	19695487456
22061	9	19695616224
22062	9	19695753408
22063	9	19695878368
22064	9	19695882432
22065	9	19699222752
22066	9	19699351792
22067	9	19699385584
22068	9	19699417840
22069	9	19699675376
22070	9	19699740896
22071	9	19699772640
22072	9	19700125936
22073	9	19700159728
22074	9	19700191984
22075	9	19701448928
22076	9	19703351520
22077	9	19703384288
22078	9	19703415008
22079	9	19703546080
22080	9	19703613664
22081	9	19703646432
22082	9	19703677152
22083	9	19704387808
22084	9	19705358064
22085	9	19705414896
22086	9	19705743088
22087	9	19707355376
22088	9	19707389168
22089	9	19707512048
22090	9	19707512304
22091	9	19707543792
22092	9	19707609312
22093	9	19707613376
22094	9	19707740400
22095	9	19707774192
22096	9	19707873504
22097	9	19709386992
22098	9	19709420784
22099	9	19711484144
22100	9	19711484400
22101	9	19711869152
22102	9	19712002272
22103	9	19712006336
22104	9	19713507552
22105	9	19713507568
22106	9	19713541360
22107	9	19713573616
22108	9	19713607408
22109	9	19715604720
22110	9	19715604976
22111	9	19715638512
22112	9	19715638768
22113	9	19715670256
22114	9	19715670768
22115	9	19715671024
22116	9	19715703024
22117	9	19715735776
22118	9	19715737824
22119	9	19715771616
22120	9	19715803872
22121	9	19716444400
22122	9	19716477168
22123	9	19716509920
22124	9	19717769440
22125	9	19718543584
22126	9	19719866592
22127	9	19719866848
22128	9	19719995616
22129	9	19720769760
22130	9	19737473264
22131	9	19737633008
22132	9	19737666800
22133	9	19737924848
22134	9	19741630704
22135	9	19741663472
22136	9	19741665520
22137	9	19741696240
22138	9	19741730032
22139	9	19742081264
22140	9	19742115056
22141	9	19742117104
22142	9	19742147312
22143	9	19744212208
22144	9	19745825008
22145	9	19745958112
22146	9	19746309360
22147	9	19746341104
22148	9	19746442464
22149	9	19747848432
22150	9	19747882224
22151	9	19747948272
22152	9	19749945584
22153	9	19749979376
22154	9	19750011120
22155	9	19750015216
22156	9	19750043888
22157	9	19750050032
22158	9	19750078688
22159	9	19750080752
22160	9	19750114544
22161	9	19750207728
22162	9	19750241520
22163	9	19750243568
22164	9	19750273776
22165	9	19752338672
22166	9	19754338528
22167	9	19754342624
22168	9	19754467568
22169	9	19754568928
22170	9	19756237040
22171	9	19756270832
22172	9	19756336880
22173	9	19756467952
22174	9	19758334192
22175	9	19758334448
22176	9	19758367984
22177	9	19758368240
22178	9	19758399728
22179	9	19758401776
22180	9	19758432496
22181	9	19758434544
22182	9	19758465264
22183	9	19758467296
22184	9	19758499056
22185	9	19758729408
22186	9	19760496880
22187	9	19760497904
22188	9	19760498912
22189	9	19760530672
22190	9	19762594032
22191	9	19762594288
22192	9	19762727136
22193	9	19764201200
22194	9	19764651248
22195	9	19766075632
22196	9	19766109424
22197	9	19766198512
22198	9	19766232304
22199	9	19766331616
22200	9	19766333680
22201	9	19766367472
22202	9	19766460656
22203	9	19766494448
22204	9	19766496496
22205	9	19766526704
22206	9	19766748400
22207	9	19766784240
22208	9	19766819056
22209	9	19766849776
22210	9	19766883568
22211	9	19767012592
22212	9	19767270640
22213	9	19768591600
22214	9	19770204400
22215	9	19770462448
22216	9	19770688752
22217	9	19770720496
22218	9	19770821856
22219	9	19770978544
22220	9	19771111648
22221	9	19772720880
22222	9	19774267632
22223	9	19774652656
22224	9	19774654704
22225	9	19774685424
22226	9	19774687472
22227	9	19774718192
22228	9	19774751984
22229	9	19774982336
22230	9	19775170800
22231	9	19775686896
22232	9	19776749808
22233	9	19776750832
22234	9	19776783600
22235	9	19778846960
22236	9	19778847216
22237	9	19778980064
22238	9	19780847344
22239	9	19788939504
22240	9	19788940528
22241	9	19788973296
22242	9	19789842672
22243	9	19789876464
22244	9	19791036656
22245	9	19791036912
22246	9	19791939824
22247	9	19791940080
22248	9	19804741872
22249	9	19804774640
22250	9	19805258480
22251	9	19806609648
22252	9	19806675696
22253	9	19808706800
22254	9	19808839904
22255	9	19809190128
22256	9	19809222896
22257	9	19810902240
22258	9	19810936032
22259	9	19811287264
22260	9	19811323104
22261	9	19812999392
22262	9	19813515488
22263	9	19814992096
22264	9	19814994160
22265	9	19815060208
22266	9	19817187552
22267	9	19817220320
22268	9	19817224416
22269	9	19817316592
22270	9	19817349360
22271	9	19819151584
22272	9	19819282656
22273	9	19819286752
22274	9	19819320544
22275	9	19819348704
22276	9	19819413728
22277	9	19819417792
22278	9	19819449568
22279	9	19821379808
22280	9	19821641952
22281	9	19821646016
22282	9	19823345904
22283	9	19823379696
22284	9	19825443056
22285	9	19825443312
22286	9	19825576160
22287	9	19827540192
22288	9	19827540448
22289	9	19827607776
22290	9	19827640544
22291	9	19827671264
22292	9	19827802304
22293	9	19829768416
22294	9	19829768672
22295	9	19831055088
22296	9	19831313136
22297	9	19831761120
22298	9	19831763184
22299	9	19831829232
22300	9	19833086192
22301	9	19833219296
22302	9	19833344240
22303	9	19833440480
22304	9	19833473248
22305	9	19833477344
22306	9	19833569520
22307	9	19833602288
22308	9	19833860336
22309	9	19833993440
22310	9	19835404512
22311	9	19835601632
22312	9	19835666656
22313	9	19835670720
22314	9	19835702496
22315	9	19835732720
22316	9	19836055776
22317	9	19836089568
22318	9	19836218592
22319	9	19836476640
22320	9	19837378784
22321	9	19837632736
22322	9	19837636832
22323	9	19837763824
22324	9	19837894880
22325	9	19837898944
22326	9	19838152928
22327	9	19839598832
22328	9	19839632624
22329	9	19840148720
22330	9	19841695984
22331	9	19841696240
22332	9	19841829088
22333	9	19843860704
22334	9	19843893472
22335	9	19843924192
22336	9	19843928256
22337	9	19844055232
22338	9	19844376800
22339	9	19846021344
22340	9	19846021600
22341	9	19846025408
22342	9	19846025664
22343	9	19875315952
22344	9	19875316976
22345	9	19875349744
22346	9	19875832048
22347	9	19875865840
22348	9	19879512288
22349	9	19879576800
22350	9	19879643360
22351	9	19879644384
22352	9	19879677152
22353	9	19880159456
22354	9	19880193248
22355	9	19883807984
22356	9	19883934960
22357	9	19887902960
22358	9	19887936752
22359	9	19888031968
22360	9	19888065760
22361	9	19888163040
22362	9	19892093168
22363	9	19892126960
22364	9	19892355312
22365	9	19892356336
22366	9	19892357360
22367	9	19892389104
22368	9	19892391152
22369	9	19892421872
22370	9	19892487920
22371	9	19896550640
22372	9	19896683744
22373	9	19900145904
22374	9	19900179696
22375	9	19900245744
22376	9	19900279008
22377	9	19904405744
22378	9	19904406768
22379	9	19904407776
22380	9	19904439536
22381	9	19904665824
22382	9	19940262112
22383	9	19940262128
22384	9	19940295920
22385	9	19940361968
22386	9	19940812016
22387	9	19942359280
22388	9	19942393072
22389	9	19942424816
22390	9	19942457584
22391	9	19942490336
22392	9	19942492384
22393	9	19942526176
22394	9	19942909168
22395	9	19942940912
22396	9	19942973680
22397	9	19943006432
22398	9	19943042272
22399	9	19944621280
22400	9	19945038048
22401	9	19945073888
22402	9	19945137376
22403	9	19946621152
22404	9	19946685664
22405	9	19946750176
22406	9	19947266272
22407	9	19948488432
22408	9	19949196528
22409	9	19950616800
22410	9	19950618848
22411	9	19950652640
22412	9	19950850288
22413	9	19950878944
22414	9	19951010032
22415	9	19951043824
22416	9	19951076080
22417	9	19951426784
22418	9	19953009888
22419	9	19953458400
22420	9	19955138784
22421	9	19955142880
22422	9	19955271904
22423	9	19957073136
22424	9	19957301440
22425	9	19957301472
22426	9	19957301488
22427	9	19957335280
22428	9	19957401328
22429	9	19959170288
22430	9	19959170544
22431	9	19959202032
22432	9	19959267552
22433	9	19959271616
22434	9	19959398640
22435	9	19959432432
22436	9	19959464176
22437	9	19959496944
22438	9	19959529696
22439	9	19959530736
22440	9	19959531744
22441	9	19959533760
22442	9	19959563504
22443	9	19959565536
22444	9	19961627872
22445	9	19963527392
22446	9	19963658480
22447	9	19963660512
22448	9	19963789536
22449	9	19963793600
22450	9	19965257456
22451	9	19967254768
22452	9	19967288560
22453	9	19967387872
22454	9	19967546608
22455	9	19969351904
22456	9	19971449056
22457	9	19971449312
22458	9	19971516640
22459	9	19971549408
22460	9	19971580128
22461	9	19971774688
22462	9	20017922288
22463	9	20017955056
22464	9	20018118896
22465	9	20018152688
22466	9	20018184944
22467	9	20020249840
22468	9	20022249696
22469	9	20022346992
22470	9	20022378736
22471	9	20022480096
22472	9	20026310896
22473	9	20026410224
22474	9	20028408048
22475	9	20028441840
22476	9	20030505200
22477	9	20030505456
22478	9	20030638304
22479	9	20085131488
22480	9	20085227760
22481	9	20085260528
22482	9	20087193824
22483	9	20087259872
22484	9	20087324896
22485	9	20087390960
22486	9	20089290976
22487	9	20089422064
22488	9	20089553120
22489	9	20089557184
22490	9	20139561200
22491	9	20139593968
22492	9	20139753712
22493	9	20139787504
22494	9	20139819760
22495	9	20143751408
22496	9	20143784176
22497	9	20146078960
22498	9	20148078816
22499	9	20148176112
22500	9	20148309216
22501	9	20151812336
22502	9	20151846128
22503	9	20152620272
22504	9	20152717552
22505	9	20152751344
22506	9	20152783600
22507	9	20156072176
22508	9	20156846320
22509	9	20208730352
22510	9	20208731376
22511	9	20208796400
22512	9	20210827504
22513	9	20210960608
22514	9	20212992224
22515	9	20213022944
22516	9	20213088992
22517	9	20215120096
22518	9	20216922864
22519	9	20217697008
22520	9	20218921200
22521	9	20218953968
22522	9	20219728112
22523	9	20221018336
22524	9	20221215456
22525	9	20223246560
22526	9	20224020704
22527	9	20273971440
22528	9	20274004208
22529	9	20275839216
22530	9	20275905264
22531	9	20277936368
22532	9	20278034672
22533	9	20278067440
22534	9	20280131808
22535	9	20284031728
22536	9	20286161136
22537	9	20286193904
22538	9	20292190448
22539	9	20292224240
22540	9	20293127408
22541	9	20294287600
22542	9	20294287856
22543	9	20339016432
22544	9	20342948080
22545	9	20347240672
22546	9	20347273440
22547	9	20488413424
22548	9	20488447216
22549	9	20488479472
22550	9	20488513264
22551	9	20496605424
22552	9	20496639216
22553	9	20497121520
22554	9	20497122544
22555	9	20497155312
22556	9	20521242864
22557	9	20521276656
22558	9	20555776240
22559	9	20555810032
22560	9	20555876080
22561	9	20560038112
22562	9	20560102624
22563	9	20588347632
22564	9	20588381424
22565	9	20624982240
22566	9	20625016032
22567	9	20627079392
22568	9	20655491296
22569	9	20655522016
22570	9	20657553632
22571	9	20681154800
22572	9	20681188592
22573	9	20681639152
22574	9	20685867232
22575	9	20685931744
22576	9	20689539312
22577	9	20689570016
22578	9	20689573104
22579	9	20689600736
22580	9	20689731824
22581	9	20689765616
22582	9	20689831664
22583	9	20693731552
22584	9	20693860576
22585	9	20693993696
22586	9	20694058208
22587	9	20697923824
22588	9	20697924848
22589	9	20697957616
22590	9	20698187968
22591	9	20705853664
22592	9	20705857728
22593	9	20705857776
22594	9	20705891568
22595	9	20705957616
22596	9	20705984752
22597	9	20706018544
22598	9	20706084592
22599	9	20706308336
22600	9	20706342128
22601	9	20709728496
22602	9	20709762288
22603	9	20709986544
22604	9	20710020336
22605	9	20710246624
22606	9	20710311136
22607	9	20714176752
22608	9	20714177776
22609	9	20714210544
22610	9	20748263664
22611	9	20748296432
22612	9	20748329184
22613	9	20748714224
22614	9	20748748016
22615	9	20748780272
22616	9	20750845152
22617	9	20754481376
22618	9	20756648176
22619	9	20756678880
22620	9	20756709600
22621	9	20756713696
22622	9	20756840688
22623	9	20756874480
22624	9	20756906736
22625	9	20758675680
22626	9	20758709472
22627	9	20758937824
22628	9	20758941888
22629	9	20758971616
22630	9	20758975680
22631	9	20760772832
22632	9	20760773088
22633	9	20761039040
22634	9	20762869984
22635	9	20763132096
22636	9	20765032688
22637	9	20765067488
22638	9	20765098208
22639	9	20767129824
22640	9	20767133888
22641	9	20772708576
22642	9	20772962528
22643	9	20772966624
22644	9	20773093616
22645	9	20773127408
22646	9	20773159664
22647	9	20773417200
22648	9	20773482720
22649	9	20775190752
22650	9	20775224544
22651	9	20777287904
22652	9	20779156720
22653	9	20781253872
22654	9	20781254128
22655	9	20781285616
22656	9	20781320416
22657	9	20781351136
22658	9	20781355200
22659	9	20783382752
22660	9	20783386816
22661	9	20821590208
22662	9	20821590240
22663	9	20821590256
22664	9	20821624048
22665	9	20821690096
22666	9	20823687408
22667	9	20823721200
22668	9	20823752944
22669	9	20823785712
22670	9	20823818464
22671	9	20823820512
22672	9	20823822528
22673	9	20823854304
22674	9	20825949408
22675	9	20827949280
22676	9	20828078304
22677	9	20828082368
22678	9	20829978816
22679	9	20832207040
22680	9	20837943024
22681	9	20838393072
22682	9	20839940336
22683	9	20839974128
22684	9	20840073440
22685	9	20840490224
22686	9	20840591552
22687	9	20840623328
22688	9	20844202208
22689	9	20848459968
22690	9	20888699104
22691	9	20888731872
22692	9	20888733920
22693	9	20888735936
22694	9	20888799968
22695	9	20890831072
22696	9	20890927328
22697	9	20890960096
22698	9	20890964160
22699	9	20892893408
22700	9	20894990560
22701	9	20894990816
22702	9	20895252672
22703	9	20897087680
22704	9	20905052896
22705	9	20905502944
22706	9	20905504960
22707	9	20907084000
22708	9	20907600096
22709	9	20909146336
22710	9	20911243488
22711	9	20911243744
22712	9	20911505600
22713	9	20913340608
22714	9	20957549808
22715	9	20957676784
22716	9	20961644784
22717	9	20961678576
22718	9	20961771744
22719	9	20961904864
22720	9	20961969376
22721	9	20965834992
22722	9	20965868784
22723	9	20966099136
22724	9	21024590048
22725	9	21024620768
22726	9	21024751856
22727	9	21024785648
22728	9	21024817904
22729	9	21026882784
22730	9	21030814960
22731	9	21031043264
22732	9	21032912112
22733	9	21032912368
22734	9	21032943856
22735	9	21032978656
22736	9	21033009376
22737	9	21033013440
22738	9	21035040992
22739	9	21035045056
22740	9	21091664112
22741	9	21091696880
22742	9	21091729632
22743	9	21093860576
22744	9	21093864640
22745	9	21095989472
22746	9	21095993536
22747	9	21156643040
22748	9	21158838496
22749	9	21158871264
22750	9	21158875328
22751	9	21163163840
22752	9	21213303024
22753	9	21213495536
22754	9	21213529328
22755	9	21213561584
22756	9	21217493232
22757	9	21217526000
22758	9	21217558752
22759	9	21219590368
22760	9	21219689696
22761	9	21221818592
22762	9	21282472160
22763	9	21282472176
22764	9	21282473200
22765	9	21282538224
22766	9	21284569328
22767	9	21284667616
22768	9	21284700384
22769	9	21286699232
22770	9	21286732000
22771	9	21290664688
22772	9	21553045744
22773	9	21553078512
22774	9	21553079536
22775	9	21554012400
22776	9	21554046192
22777	9	21554112240
22778	9	21561430256
22779	9	21561464048
22780	9	21561622768
22781	9	21561656560
22782	9	21561722608
22783	9	21561946352
22784	9	21561979120
22785	9	21561980144
22786	9	21562138864
22787	9	21562172656
22788	9	21562238704
22789	9	21569814768
22790	9	21569815792
22791	9	21569848560
22792	9	21570330864
22793	9	21570364656
22794	9	21578391792
22795	9	21578425584
22796	9	21578491632
22797	9	21586583792
22798	9	21586584816
22799	9	21586617584
22800	9	21594710256
22801	9	21594711280
22802	9	21594744048
22803	9	21626372336
22804	9	21626406128
22805	9	21626472176
22806	9	21628469488
22807	9	21628503280
22808	9	21628535024
22809	9	21628536048
22810	9	21628567792
22811	9	21628568816
22812	9	21628569328
22813	9	21628569584
22814	9	21628602592
22815	9	21629051120
22816	9	21629083888
22817	9	21629084912
22818	9	21632862432
22819	9	21633378528
22820	9	21645238512
22821	9	21645272304
22822	9	21645338352
22823	9	21645371616
22824	9	21693481200
22825	9	21693514992
22826	9	21693581040
22827	9	21694031088
22828	9	21695578352
22829	9	21695612144
22830	9	21695643888
22831	9	21695676656
22832	9	21695711456
22833	9	21696128240
22834	9	21696159984
22835	9	21696192752
22836	9	21697675488
22837	9	21697806560
22838	9	21697840352
22839	9	21698322656
22840	9	21698356448
22841	9	21699872992
22842	9	21699903712
22843	9	21700389088
22844	9	21700419808
22845	9	21710350064
22846	9	21712347376
22847	9	21712381168
22848	9	21712480480
22849	9	21714444512
22850	9	21716642016
22851	9	21716672736
22852	9	21749915888
22853	9	21749949680
22854	9	21750173936
22855	9	21750207728
22856	9	21750400240
22857	9	21750690032
22858	9	21750723824
22859	9	21750916336
22860	9	21752235248
22861	9	21754332400
22862	9	21754364144
22863	9	21754365168
22864	9	21754397936
22865	9	21754880240
22866	9	21754914032
22867	9	21758558448
22868	9	21758559472
22869	9	21758592240
22870	9	21758691552
22871	9	21759074544
22872	9	21759108336
22873	9	21759207648
22874	9	21760427760
22875	9	21762556144
22876	9	21762558176
22877	9	21762589936
22878	9	21762655984
22879	9	21762752752
22880	9	21762785520
22881	9	21762786544
22882	9	21762789616
22883	9	21762949360
22884	9	21762983152
22885	9	21763049200
22886	9	21763266800
22887	9	21763300592
22888	9	21767080160
22889	9	21767209200
22890	9	21767210224
22891	9	21767211232
22892	9	21767242992
22893	9	21771141360
22894	9	21771175152
22895	9	21771403504
22896	9	21771404528
22897	9	21771405552
22898	9	21771437296
22899	9	21771439344
22900	9	21771470064
22901	9	21771536112
22902	9	21775598832
22903	9	21775729904
22904	9	21779194096
22905	9	21779227888
22906	9	21779293936
22907	9	21779325168
22908	9	21779327200
22909	9	21779358960
22910	9	21779425008
22911	9	21779485936
22912	9	21783453936
22913	9	21783454960
22914	9	21783487728
22915	9	21819310320
22916	9	21819344112
22917	9	21819410160
22918	9	21819860208
22919	9	21821407472
22920	9	21821441264
22921	9	21821473008
22922	9	21821505776
22923	9	21821540576
22924	9	21821957360
22925	9	21821989104
22926	9	21822021872
22927	9	21823669472
22928	9	21824185568
22929	9	21827536624
22930	9	21828244720
22931	9	21829667040
22932	9	21829898480
22933	9	21830058224
22934	9	21830092016
22935	9	21830124272
22936	9	21832024288
22937	9	21832058080
22938	9	21832155360
22939	9	21834090720
22940	9	21834121440
22941	9	21834320096
22942	9	21834352864
22943	9	21834383584
22944	9	21836349680
22945	9	21836383472
22946	9	21836449520
22947	9	21838250224
22948	9	21838282992
22949	9	21838315744
22950	9	21838446832
22951	9	21838480624
22952	9	21838512368
22953	9	21838545136
22954	9	21838577904
22955	9	21838578928
22956	9	21838579936
22957	9	21838611696
22958	9	21840676064
22959	9	21842706672
22960	9	21842708704
22961	9	21844305648
22962	9	21846302960
22963	9	21846336752
22964	9	21846436064
22965	9	21846594800
22966	9	21848400096
22967	9	21850597600
22968	9	21850628320
22969	9	21896970480
22970	9	21897003248
22971	9	21897167088
22972	9	21897200880
22973	9	21897233136
22974	9	21899298032
22975	9	21901297888
22976	9	21901395184
22977	9	21901426928
22978	9	21901528288
22979	9	21903427312
22980	9	21905359088
22981	9	21905391856
22982	9	21905393904
22983	9	21905424624
22984	9	21905458416
22985	9	21905688768
22986	9	21907456240
22987	9	21907490032
22988	9	21909553392
22989	9	21909553648
22990	9	21909686496
22991	9	21961949424
22992	9	21962015472
22993	9	21964046576
22994	9	21964179680
22995	9	21964275952
22996	9	21964308720
22997	9	21964407536
22998	9	21966242016
22999	9	21966308064
23000	9	21966373056
23001	9	21966373088
23002	9	21966373104
23003	9	21966406896
23004	9	21966439152
23005	9	21968339168
23006	9	21968470256
23007	9	21968601312
23008	9	21968605376
23009	9	21974565104
23010	9	21974597872
23011	9	21974599904
23012	9	21974603968
23013	9	21974630624
23014	9	21974761664
23015	9	21974892736
23016	9	21976727776
23017	9	21976728032
23018	9	21976989888
23019	9	22018601200
23020	9	22018634992
23021	9	22018827504
23022	9	22022791408
23023	9	22022792432
23024	9	22022825200
23025	9	22026985712
23026	9	22026986736
23027	9	22026987744
23028	9	22027019504
23029	9	22027118816
23030	9	22027119840
23031	9	22027152608
23032	9	22031017200
23033	9	22031177968
23034	9	22031211760
23035	9	22035112176
23036	9	22035113200
23037	9	22035114208
23038	9	22035145968
23039	9	22087737568
23040	9	22087737584
23041	9	22087771376
23042	9	22087837424
23043	9	22089834736
23044	9	22089868528
23045	9	22089900272
23046	9	22089933040
23047	9	22089965792
23048	9	22089967840
23049	9	22090001632
23050	9	22092096736
23051	9	22094096608
23052	9	22094225632
23053	9	22095963888
23054	9	22096155888
23055	9	22097961200
23056	9	22097994992
23057	9	22098094304
23058	9	22098253040
23059	9	22098386144
23060	9	22102223072
23061	9	22284607728
23062	9	22284641520
23063	9	22284707568
23064	9	22284899568
23065	9	22286704880
23066	9	22286738672
23067	9	22286770416
23068	9	22286803184
23069	9	22286996720
23070	9	22297155312
23071	9	22836494576
23072	9	22836527344
23073	9	22836528368
23074	9	22836529376
23075	9	22836533440
23076	9	22836560096
23077	9	22836691184
23078	9	22836724976
23079	9	22836791024
23080	9	22840819936
23081	9	22840951024
23082	9	22840952048
23083	9	22840953056
23084	9	22840984816
23085	9	22841017568
23086	9	22844883184
23087	9	22844916976
23088	9	22845147328
23089	9	22903638240
23090	9	22903668960
23091	9	22903800048
23092	9	22903833840
23093	9	22903866096
23094	9	22905897184
23095	9	22905930976
23096	9	22907994336
23097	9	22910091456
23098	9	22911992048
23099	9	22912024816
23100	9	22912026848
23101	9	22912030912
23102	9	22912057568
23103	9	22912319680
23104	9	22914089184
23105	9	22970712304
23106	9	22970745072
23107	9	22972908768
23108	9	22979166400
23109	9	23035691248
23110	9	23035757296
23111	9	23037788400
23112	9	23038149312
23113	9	23040114880
23114	9	23717560560
23115	9	23717561584
23116	9	23717594352
23117	9	23776018672
23118	9	23776051440
23119	9	23776052464
23120	9	23776053472
23121	9	23776084192
23122	9	23776215280
23123	9	23776249072
23124	9	23776315120
23125	9	23780344032
23126	9	23780475120
23127	9	23780476144
23128	9	23780477152
23129	9	23780508912
23130	9	23780541664
23131	9	23784407280
23132	9	23784441072
23133	9	23843162336
23134	9	23843193056
23135	9	23843324144
23136	9	23843357936
23137	9	23843390192
23138	9	23845421280
23139	9	23845455072
23140	9	23847518432
23141	9	23851516144
23142	9	23851548912
23143	9	23851550944
23144	9	23851581664
23145	9	23853613280
23146	9	23901847792
23147	9	23901881584
23148	9	23902078192
23149	9	23906173152
23150	9	23906306272
23151	9	23906370784
23152	9	23909908720
23153	9	23909942512
23154	9	23910008560
23155	9	23910039776
23156	9	23914170592
23157	9	23914944736
23158	9	23968991456
23159	9	23969022176
23160	9	23971284192
23161	9	23977148640
23162	9	23979114720
23163	9	23979148512
23164	9	23981211872
23165	9	23981212128
23166	9	24032067824
23167	9	24032101616
23168	9	24032133872
23169	9	24036065520
23170	9	24036098288
23171	9	24036131056
23172	9	24036164848
23173	9	24036197104
23174	9	24038261984
23175	9	24040259824
23176	9	24101044464
23177	9	24101110512
23178	9	24103141616
23179	9	24849760496
23180	9	24849793264
23181	9	24849794288
23182	9	24849795296
23183	9	24849826016
23184	9	24849859808
23185	9	24853954784
23186	9	24975589616
23187	9	24975623408
23188	9	24975688928
23189	9	24979783904
23190	9	24983781600
23191	9	24983815392
23192	9	25848996080
23193	9	25849029872
23194	9	25849095920
23195	9	25853255920
23196	9	25853256944
23197	9	25853289712
23198	9	25854755056
23199	9	25854788848
23200	9	25854854896
23201	9	25856852208
23202	9	25856852464
23203	9	25856886000
23204	9	25856886256
23205	9	25856917744
23206	9	25856918768
23207	9	25856925936
23208	9	25856950512
23209	9	25856951536
23210	9	25856952048
23211	9	25856952304
23212	9	25856958704
23213	9	25856959728
23214	9	25856962800
23215	9	25857122544
23216	9	25857156336
23217	9	25857222384
23218	9	25857376496
23219	9	25857410288
23220	9	25857414384
23221	9	25857476336
23222	9	25861382384
23223	9	25861383408
23224	9	25861416176
23225	9	25861833968
23226	9	25861900016
23227	9	25865314544
23228	9	25865348336
23229	9	25865830640
23230	9	25865831664
23231	9	25865832688
23232	9	25865864432
23233	9	25865866480
23234	9	25865897200
23235	9	25865963248
23236	9	25870025968
23237	9	25873105136
23238	9	25873138928
23239	9	25873171184
23240	9	25873204976
23241	9	25873686768
23242	9	25873719536
23243	9	25873720560
23244	9	25889693936
23245	9	25889727728
23246	9	25889947888
23247	9	25889948912
23248	9	25889951984
23249	9	25889981680
23250	9	25889985776
23251	9	25890276592
23252	9	25890342640
23253	9	25891179760
23254	9	25891245808
23255	9	25894405360
23256	9	25896240368
23257	9	25898337520
23258	9	25898337776
23259	9	25898468592
23260	9	25899371760
23261	9	25924034800
23262	9	25924067568
23263	9	25924068592
23264	9	25924069616
23265	9	25924100336
23266	9	25924134128
23267	9	25924200176
23268	9	25924485360
23269	9	25924519152
23270	9	25924585200
23271	9	25928229104
23272	9	25928262896
23273	9	25928360176
23274	9	25928361200
23275	9	25928393968
23276	9	25928745200
23277	9	25928746224
23278	9	25928747248
23279	9	25928778992
23280	9	25928781040
23281	9	25928811760
23282	9	25928877808
23283	9	25956671728
23284	9	25956705520
23285	9	25957056752
23286	9	25957057776
23287	9	25957058800
23288	9	25957090544
23289	9	25957092592
23290	9	25958090992
23291	9	25958092016
23292	9	25958124784
23293	9	25958157552
23294	9	25958223600
23295	9	25959154928
23296	9	25961252080
23297	9	25961252336
23298	9	25961383152
23299	9	25962286320
23300	9	25979019504
23301	9	25979053296
23302	9	25991143664
23303	9	25991176432
23304	9	25991178480
23305	9	25991209200
23306	9	25991242992
23307	9	25991594224
23308	9	25991628016
23309	9	25991630064
23310	9	25991660272
23311	9	25993691376
23312	9	25993725168
23313	9	25993791216
23314	9	25995337968
23315	9	25995370736
23316	9	25995788528
23317	9	25995822320
23318	9	25995854064
23319	9	25995886832
23320	9	26022002928
23321	9	26022036720
23322	9	26022102768
23323	9	26022233840
23324	9	26023037168
23325	9	26023070960
23326	9	26023137008
23327	9	26023780592
23328	9	26023813360
23329	9	26024100080
23330	9	26024100336
23331	9	26024133872
23332	9	26024134128
23333	9	26024165616
23334	9	26024167664
23335	9	26024198384
23336	9	26024200432
23337	9	26024231152
23338	9	26024264944
23339	9	26025134320
23340	9	26025168112
23341	9	26025199856
23342	9	26025232624
23343	9	26026262768
23344	9	26026263792
23345	9	26026296560
23346	9	26028359920
23347	9	26028360176
23348	9	26045661424
23349	9	26045662448
23350	9	26045669616
23351	9	26045695216
23352	9	26045703408
23353	9	26046153968
23354	9	26049863920
23355	9	26049897712
23356	9	26049963248
23357	9	26050348272
23358	9	26054058224
23359	9	26054092016
23360	9	26054189296
23361	9	26054190320
23362	9	26054223088
23363	9	26054574320
23364	9	26054575344
23365	9	26054576368
23366	9	26054608112
23367	9	26054610160
23368	9	26054640880
23369	9	26054706928
23370	9	26056081648
23371	9	26056115440
23372	9	26056181488
23373	9	26058178800
23374	9	26058212592
23375	9	26058244336
23376	9	26058245360
23377	9	26058246384
23378	9	26058248432
23379	9	26058277104
23380	9	26058278128
23381	9	26058278640
23382	9	26058278896
23383	9	26058279152
23384	9	26058280176
23385	9	26058282224
23386	9	26058283248
23387	9	26058309872
23388	9	26058313968
23389	9	26058343664
23390	9	26058347760
23391	9	26058409712
23392	9	26058413808
23393	9	26058440944
23394	9	26058474736
23395	9	26058540784
23396	9	26062438640
23397	9	26062439664
23398	9	26062472432
23399	9	26062574832
23400	9	26062700784
23401	9	26062701808
23402	9	26062702832
23403	9	26062734576
23404	9	26062736624
23405	9	26062767344
23406	9	26062833392
23407	9	26066632944
23408	9	26066633968
23409	9	26066634992
23410	9	26066666736
23411	9	26066668784
23412	9	26068731120
23413	9	26070828272
23414	9	26070828528
23415	9	26070959344
23416	9	26072434416
23417	9	26074038512
23418	9	26074072304
23419	9	26074104560
23420	9	26074138352
23421	9	26074308848
23422	9	26074342640
23423	9	26074408688
23424	9	26074431728
23425	9	26074465520
23426	9	26074531568
23427	9	26074562800
23428	9	26074566896
23429	9	26074596592
23430	9	26074600688
23431	9	26074662640
23432	9	26074666736
23433	9	26074693872
23434	9	26074727664
23435	9	26074793712
23436	9	26075007216
23437	9	26075015408
23438	9	26075017456
23439	9	26075039984
23440	9	26075041008
23441	9	26075049200
23442	9	26075051248
23443	9	26075465968
23444	9	26075499760
23445	9	26075565808
23446	9	26078437616
23447	9	26078471408
23448	9	26078691568
23449	9	26078692592
23450	9	26078695664
23451	9	26078725360
23452	9	26078729456
23453	9	26078953712
23454	9	26078954736
23455	9	26078955760
23456	9	26078987504
23457	9	26078989552
23458	9	26079020272
23459	9	26079086320
23460	9	26079343856
23461	9	26079923440
23462	9	26079989488
23463	9	26082500848
23464	9	26082534640
23465	9	26082885872
23466	9	26082886896
23467	9	26082887920
23468	9	26082919664
23469	9	26082921712
23470	9	26083920112
23471	9	26083921136
23472	9	26083953904
23473	9	26083986672
23474	9	26084052720
23475	9	26084984048
23476	9	26087081200
23477	9	26087081456
23478	9	26087212272
23479	9	26088115440
23480	9	26090881264
23481	9	26090882288
23482	9	26090915056
23483	9	26091784432
23484	9	26091818224
23485	9	26092113136
23486	9	26092179184
23487	9	26097173744
23488	9	26099270896
23489	9	26099271152
23490	9	26100305136
23491	9	26112815344
23492	9	26112975088
23493	9	26113008880
23494	9	26113266928
23495	9	26116972784
23496	9	26117005552
23497	9	26117007600
23498	9	26117038320
23499	9	26117072112
23500	9	26117423344
23501	9	26117457136
23502	9	26117459184
23503	9	26117489392
23504	9	26119554288
23505	9	26121167088
23506	9	26121651440
23507	9	26121683184
23508	9	26123190512
23509	9	26123224304
23510	9	26123290352
23511	9	26125287664
23512	9	26125321456
23513	9	26125353200
23514	9	26125357296
23515	9	26125385968
23516	9	26125392112
23517	9	26125422832
23518	9	26125456624
23519	9	26125549808
23520	9	26125583600
23521	9	26125585648
23522	9	26125615856
23523	9	26127646960
23524	9	26127680752
23525	9	26127746800
23526	9	26129809648
23527	9	26129842416
23528	9	26131579120
23529	9	26131612912
23530	9	26131678960
23531	9	26131810032
23532	9	26133676272
23533	9	26133676528
23534	9	26133710064
23535	9	26133710320
23536	9	26133741808
23537	9	26133743856
23538	9	26133774576
23539	9	26133776624
23540	9	26133807344
23541	9	26133841136
23542	9	26135838960
23543	9	26135839984
23544	9	26135872752
23545	9	26137936112
23546	9	26137936368
23547	9	26139543280
23548	9	26139993328
23549	9	26141417712
23550	9	26141451504
23551	9	26141540592
23552	9	26141574384
23553	9	26141675760
23554	9	26141709552
23555	9	26141802736
23556	9	26141836528
23557	9	26141838576
23558	9	26141868784
23559	9	26142090480
23560	9	26142126320
23561	9	26142161136
23562	9	26142191856
23563	9	26142225648
23564	9	26142354672
23565	9	26142612720
23566	9	26143899888
23567	9	26143933680
23568	9	26143999728
23569	9	26145546480
23570	9	26145579248
23571	9	26145804528
23572	9	26145997040
23573	9	26146030832
23574	9	26146062576
23575	9	26146095344
23576	9	26146320624
23577	9	26147832048
23578	9	26147865840
23579	9	26147931888
23580	9	26148062960
23581	9	26148381936
23582	9	26148866288
23583	9	26148900080
23584	9	26148966128
23585	9	26149609712
23586	9	26149642480
23587	9	26149929200
23588	9	26149929456
23589	9	26149962992
23590	9	26149963248
23591	9	26149994736
23592	9	26149996784
23593	9	26150027504
23594	9	26150029552
23595	9	26150060272
23596	9	26150094064
23597	9	26150479088
23598	9	26150479344
23599	9	26150512880
23600	9	26150963440
23601	9	26150997232
23602	9	26151028976
23603	9	26151061744
23604	9	26152091888
23605	9	26152092912
23606	9	26152125680
23607	9	26154189040
23608	9	26154189296
23609	9	26156189424
23610	9	26157092592
23611	9	26164281584
23612	9	26164282608
23613	9	26164315376
23614	9	26165184752
23615	9	26165218544
23616	9	26166378736
23617	9	26166378992
23618	9	26167281904
23619	9	26167282160
23620	9	26179887344
23621	9	26179920112
23622	9	26179922160
23623	9	26179952880
23624	9	26179986672
23625	9	26180337904
23626	9	26180371696
23627	9	26180373744
23628	9	26180403952
23629	9	26190299376
23630	9	26190333168
23631	9	26190399216
23632	9	26192396528
23633	9	26192430320
23634	9	26192462064
23635	9	26192464112
23636	9	26192494832
23637	9	26192496880
23638	9	26192527600
23639	9	26192529648
23640	9	26192561392
23641	9	26192563440
23642	9	26192593648
23643	9	26194658544
23644	9	26196656368
23645	9	26196658416
23646	9	26196755696
23647	9	26196787440
23648	9	26206652144
23649	9	26207102192
23650	9	26208649456
23651	9	26208683248
23652	9	26208780528
23653	9	26208782576
23654	9	26208814320
23655	9	26208816368
23656	9	26208846576
23657	9	26209199344
23658	9	26209233136
23659	9	26209332464
23660	9	26209683696
23661	9	26209717488
23662	9	26209749744
23663	9	26211814640
23664	9	26212524272
23665	9	26212909296
23666	9	26212911344
23667	9	26213008624
23668	9	26213427440
23669	9	26213911792
23670	9	26213943536
23671	9	26222936304
23672	9	26222970096
23673	9	26223036144
23674	9	26224070384
23675	9	26225033456
23676	9	26225033712
23677	9	26225067248
23678	9	26225067504
23679	9	26225098992
23680	9	26225101040
23681	9	26225131760
23682	9	26225133808
23683	9	26226002160
23684	9	26226034928
23685	9	26226067696
23686	9	26226101488
23687	9	26227196144
23688	9	26227197168
23689	9	26227229936
23690	9	26228099312
23691	9	26228133104
23692	9	26229293296
23693	9	26229293552
23694	9	26230196464
23695	9	26230196720
23696	9	26244866288
23697	9	26244932336
23698	9	26246963440
23699	9	26247446768
23700	9	26247479536
23701	9	26257408240
23702	9	26257441008
23703	9	26257442032
23704	9	26257443056
23705	9	26257507056
23706	9	26257509104
23707	9	26259505392
23708	9	26259538160
23709	9	26259540208
23710	9	26259636464
23711	9	26259669232
23712	9	26261602544
23713	9	26261636336
23714	9	26263699696
23715	9	26263699952
23716	9	26273374960
23717	9	26273759984
23718	9	26273762032
23719	9	26274211056
23720	9	26274212080
23721	9	26274278128
23722	9	26275406064
23723	9	26275758320
23724	9	26275791088
23725	9	26275793136
23726	9	26275889392
23727	9	26275922160
23728	9	26276309232
23729	9	26276792560
23730	9	26276825328
23731	9	26277855472
23732	9	26277889264
23733	9	26278405360
23734	9	26279952624
23735	9	26279952880
23736	9	26290045168
23737	9	26290078960
23738	9	26290982128
23739	9	26292142320
23740	9	26292142576
23741	9	26313572592
23742	9	26313573616
23743	9	26313606384
23744	9	26314088688
23745	9	26314122480
23746	9	26324026608
23747	9	26326123760
23748	9	26326155504
23749	9	26326189296
23750	9	26326254832
23751	9	26326258928
23752	9	26326385904
23753	9	26326665456
23754	9	26326699248
23755	9	26330349808
23756	9	26330353904
23757	9	26330383600
23758	9	26330387696
23759	9	26330611952
23760	9	26330612976
23761	9	26330614000
23762	9	26330645744
23763	9	26330647792
23764	9	26330678512
23765	9	26330744560
23766	9	26334544112
23767	9	26334546160
23768	9	26334577904
23769	9	26334579952
23770	9	26338870512
23771	9	26342465776
23772	9	26342499568
23773	9	26342565616
23774	9	26393264368
23775	9	26393297136
23776	9	26393460976
23777	9	26393494768
23778	9	26393527024
23779	9	26395591920
23780	9	26397689072
23781	9	26397720816
23782	9	26399721200
23783	9	26401652976
23784	9	26401685744
23785	9	26401687792
23786	9	26401718512
23787	9	26401752304
23788	9	26403750128
23789	9	26403783920
23790	9	26405847280
23791	9	26405847536
23792	9	26460373232
23793	9	26460406000
23794	9	26460408048
23795	9	26460438768
23796	9	26460472560
23797	9	26460504816
23798	9	26462569712
23799	9	26464567536
23800	9	26464666864
23801	9	26464698608
23802	9	26525352176
23803	9	26525418224
23804	9	26527449328
23805	9	26527547632
23806	9	26527580400
23807	9	26579845360
23808	9	26579879152
23809	9	26579945200
23810	9	26581659888
23811	9	26581754096
23812	9	26581786864
23813	9	26581788912
23814	9	26581819632
23815	9	26581853424
23816	9	26581942512
23817	9	26581976304
23818	9	26582008048
23819	9	26582012144
23820	9	26582040816
23821	9	26582046960
23822	9	26582077680
23823	9	26582111472
23824	9	26582204656
23825	9	26582238448
23826	9	26582240496
23827	9	26582270704
23828	9	26583014640
23829	9	26584039664
23830	9	26584073456
23831	9	26584139504
23832	9	26586136816
23833	9	26586170608
23834	9	26586202352
23835	9	26586204400
23836	9	26586235120
23837	9	26586237168
23838	9	26586267888
23839	9	26586269936
23840	9	26586301680
23841	9	26586303728
23842	9	26586333936
23843	9	26587171056
23844	9	26587204848
23845	9	26587237104
23846	9	26588398832
23847	9	26589302000
23848	9	26590011632
23849	9	26590396656
23850	9	26590398704
23851	9	26590495984
23852	9	26590527728
23853	9	26591399152
23854	9	26591430896
23855	9	26592134896
23856	9	26592265968
23857	9	26592972016
23858	9	26592974064
23859	9	26594132208
23860	9	26594166000
23861	9	26594394352
23862	9	26594396400
23863	9	26594428144
23864	9	26594430192
23865	9	26594460400
23866	9	26595069168
23867	9	26595100912
23868	9	26595105008
23869	9	26595133680
23870	9	26595204336
23871	9	26595297520
23872	9	26595331312
23873	9	26595363568
23874	9	26597428464
23875	9	26599557360
23876	9	26600457456
23877	9	26602554608
23878	9	26602554864
23879	9	26602586352
23880	9	26602588400
23881	9	26603489520
23882	9	26603588848
23883	9	26604683504
23884	9	26604684528
23885	9	26604717296
23886	9	26605586672
23887	9	26605620464
23888	9	26606780656
23889	9	26606780912
23890	9	26607683824
23891	9	26607684080
23892	9	26625937136
23893	9	26634029296
23894	9	26634030320
23895	9	26634063088
23896	9	26636126448
23897	9	26636126704
23898	9	26646733040
23899	9	26646799088
23900	9	26646991088
23901	9	26647057136
23902	9	26648830192
23903	9	26649088240
23904	9	26649313520
23905	9	26649346288
23906	9	26650862320
23907	9	26651148528
23908	9	26651181296
23909	9	26651182320
23910	9	26651183344
23911	9	26651247344
23912	9	26651249392
23913	9	26652893424
23914	9	26653245680
23915	9	26653278448
23916	9	26653280496
23917	9	26653376752
23918	9	26653409520
23919	9	26654279920
23920	9	26654312688
23921	9	26655342832
23922	9	26655376624
23923	9	26657439984
23924	9	26657440240
23925	9	26659246832
23926	9	26659373808
23927	9	26659375856
23928	9	26660082928
23929	9	26660083952
23930	9	26660150000
23931	9	26661503216
23932	9	26661535984
23933	9	26662406384
23934	9	26662439152
23935	9	26667532528
23936	9	26667566320
23937	9	26668469488
23938	9	26669629680
23939	9	26669629936
23940	9	26713710832
23941	9	26713776880
23942	9	26714063088
23943	9	26714095856
23944	9	26714096880
23945	9	26714097904
23946	9	26714161904
23947	9	26714163952
23948	9	26715807984
23949	9	26716160240
23950	9	26716193008
23951	9	26716195056
23952	9	26716291312
23953	9	26716324080
23954	9	26717194480
23955	9	26717227248
23956	9	26726351600
23957	9	26726353648
23958	9	26727188720
23959	9	26727189744
23960	9	26727254768
23961	9	26728349936
23962	9	26728382704
23963	9	26728384752
23964	9	26729285872
23965	9	26729384176
23966	9	26729416944
23967	9	26730447088
23968	9	26730480880
23969	9	26731384048
23970	9	26732544240
23971	9	26732544496
23972	9	26759792880
23973	9	26759826672
23974	9	26761890032
23975	9	26761890288
23976	9	26781171952
23977	9	26781204720
23978	9	26781205232
23979	9	26781205488
23980	9	26793394928
23981	9	26794297584
23982	9	26930667760
23983	9	26930700528
23984	9	26930701552
23985	9	26931118320
23986	9	26931152112
23987	9	26931218160
23988	9	26963689712
23989	9	26963690736
23990	9	26963723504
23991	9	27119411440
23992	9	27119445232
23993	9	27119895792
23994	9	27129823456
23995	9	27129823472
23996	9	27129857264
23997	9	27129923312
23998	9	27131920624
23999	9	27131954416
24000	9	27131986160
24001	9	27131987184
24002	9	27131988208
24003	9	27132018928
24004	9	27132019952
24005	9	27132020464
24006	9	27132020720
24007	9	27132020976
24008	9	27132022000
24009	9	27132051680
24010	9	27132051696
24011	9	27132053728
24012	9	27132085488
24013	9	27132087520
24014	9	27132151536
24015	9	27134083296
24016	9	27136180464
24017	9	27136181488
24018	9	27136182496
24019	9	27136214256
24020	9	27136311520
24021	9	27136313568
24022	9	27136314592
24023	9	27136347360
24024	9	27146176240
24025	9	27148173552
24026	9	27148207344
24027	9	27148273392
24028	9	27148304624
24029	9	27148306656
24030	9	27148338416
24031	9	27148340448
24032	9	27148404464
24033	9	27148757232
24034	9	27148791024
24035	9	27149207792
24036	9	27149241584
24037	9	27149307632
24038	9	27152433392
24039	9	27152434416
24040	9	27152435424
24041	9	27152467184
24042	9	27152951520
24043	9	27164623088
24044	9	27164624112
24045	9	27164656880
24046	9	27165526256
24047	9	27165560048
24048	9	27196932320
24049	9	27196932336
24050	9	27196966128
24051	9	27197032176
24052	9	27199029488
24053	9	27199063280
24054	9	27199095024
24055	9	27199127792
24056	9	27199160544
24057	9	27199162592
24058	9	27199196384
24059	9	27201126624
24060	9	27201192160
24061	9	27201224928
24062	9	27201228000
24063	9	27201257696
24064	9	27201291488
24065	9	27203223776
24066	9	27203224032
24067	9	27203291360
24068	9	27203324128
24069	9	27203354848
24070	9	27203420384
24071	9	27203453152
24072	9	27213285104
24073	9	27213735152
24074	9	27215282416
24075	9	27215316208
24076	9	27215415520
24077	9	27215832304
24078	9	27215965408
24079	9	27217379552
24080	9	27219476704
24081	9	27219476960
24082	9	27219544288
24083	9	27219577056
24084	9	27219607776
24085	9	27219608800
24086	9	27397768432
24087	9	27399865584
24088	9	27399897328
24089	9	27399931120
24090	9	27399996656
24091	9	27399998688
24092	9	27404091632
24093	9	27404125424
24094	9	27404224736
24095	9	27404258528
24096	9	27467006192
24097	9	27467038960
24098	9	27467071712
24099	9	27469202656
24100	9	27471331552
24101	9	27653587184
24102	9	27653620976
24103	9	27653687024
24104	9	27655684336
24105	9	27655718128
24106	9	27655749872
24107	9	27655782640
24108	9	27665876720
24109	9	27666713840
24110	9	27667874032
24111	9	27667907824
24112	9	27668810992
24113	9	27668842736
24114	9	27668875504
24115	9	27996020976
24116	9	27996053744
24117	9	27996054768
24118	9	27996471536
24119	9	27996505328
24120	9	27996571376
24121	9	28004405488
24122	9	28004439280
24123	9	28004598000
24124	9	28004631792
24125	9	28004697840
24126	9	28012790000
24127	9	28012791024
24128	9	28012823792
24129	9	28020850928
24130	9	28020884720
24131	9	28020950768
24132	9	28021174512
24133	9	28021208304
24134	9	28024594672
24135	9	28024628464
24136	9	28025368816
24137	9	28025402608
24138	9	28029042928
24139	9	28029043952
24140	9	28029076720
24141	9	28058935536
24142	9	28058969328
24143	9	28059419888
24144	9	28069347568
24145	9	28069381360
24146	9	28069447408
24147	9	28071444720
24148	9	28071444976
24149	9	28071478512
24150	9	28071478768
24151	9	28071510256
24152	9	28071511280
24153	9	28071512304
24154	9	28071543024
24155	9	28071544048
24156	9	28071544560
24157	9	28071544816
24158	9	28071545072
24159	9	28071546096
24160	9	28071575792
24161	9	28071577824
24162	9	28071609584
24163	9	28071675632
24164	9	28075704560
24165	9	28075705584
24166	9	28075738352
24167	9	28075837664
24168	9	28087697648
24169	9	28087731440
24170	9	28087763696
24171	9	28087797488
24172	9	28087828720
24173	9	28087830752
24174	9	28087862512
24175	9	28087928560
24176	9	28088281328
24177	9	28088315120
24178	9	28088731888
24179	9	28088765680
24180	9	28088831728
24181	9	28091957488
24182	9	28091958512
24183	9	28091991280
24184	9	28104147184
24185	9	28104148208
24186	9	28104180976
24187	9	28105050352
24188	9	28105084144
24189	9	28136456432
24190	9	28136490224
24191	9	28136556272
24192	9	28138553584
24193	9	28138587376
24194	9	28138619120
24195	9	28138651888
24196	9	28138686688
24197	9	28140650720
24198	9	28140781792
24199	9	28140815584
24200	9	28142848224
24201	9	28142878944
24202	9	28152809200
24203	9	28153259248
24204	9	28154806512
24205	9	28154840304
24206	9	28154939616
24207	9	28155356400
24208	9	28156903648
24209	9	28159101152
24210	9	28159131872
24211	9	28193375472
24212	9	28197438704
24213	9	28201533680
24214	9	28201535712
24215	9	28201567472
24216	9	28201666784
24217	9	28201700576
24218	9	28221784304
24219	9	28221786336
24220	9	28221818096
24221	9	28221884144
24222	9	28222687472
24223	9	28222721264
24224	9	28222787312
24225	9	28229976304
24226	9	28230010096
24227	9	28230879472
24228	9	28230913264
24229	9	28266644704
24230	9	28325200112
24231	9	28325233904
24232	9	28325299952
24233	9	28327297264
24234	9	28327331056
24235	9	28327362800
24236	9	28327395568
24237	9	28353742576
24238	9	28354579696
24239	9	28355739888
24240	9	28355773680
24241	9	28356676848
24242	9	28356708592
24243	9	28356741360
24244	9	28460802288
24245	9	28460836080
24246	9	28461060336
24247	9	28461094128
24248	9	28461286640
24249	9	28461576432
24250	9	28461610224
24251	9	28465250544
24252	9	28465251568
24253	9	28465252592
24254	9	28465284336
24255	9	28465286384
24256	9	28465349872
24257	9	28465768688
24258	9	28465802480
24259	9	28466253040
24260	9	28469444848
24261	9	28469445872
24262	9	28469446880
24263	9	28469478640
24264	9	28469577952
24265	9	28469578976
24266	9	28469611744
24267	9	28473476336
24268	9	28474153200
24269	9	28474186992
24270	9	28474379504
24271	9	28481634544
24272	9	28481635568
24273	9	28481668336
24274	9	28482537712
24275	9	28482571504
24276	9	28490213600
24277	9	28490598640
24278	9	28490632432
24279	9	28490698480
24280	9	28530196704
24281	9	28530196720
24282	9	28530230512
24283	9	28530296560
24284	9	28530746608
24285	9	28532293872
24286	9	28532327664
24287	9	28532359408
24288	9	28532392176
24289	9	28532424928
24290	9	28532426976
24291	9	28532460768
24292	9	28532843760
24293	9	28534456544
24294	9	28534555872
24295	9	28536555744
24296	9	28536684768
24297	9	28538423024
24298	9	28539131120
24299	9	28540553440
24300	9	28541361376
24301	9	28555192048
24302	9	28557322464
24303	9	28593111280
24304	9	28593145072
24305	9	28593211120
24306	9	28593661168
24307	9	28595208432
24308	9	28595242224
24309	9	28595273968
24310	9	28595306736
24311	9	28595758320
24312	9	28605400816
24313	9	28606237936
24314	9	28607398128
24315	9	28607431920
24316	9	28608335088
24317	9	28608366832
24318	9	28608399600
24319	9	28622169840
24320	9	30151557360
24321	9	30151591152
24322	9	30151657200
24323	9	30159749360
24324	9	30159783152
24325	9	30218469616
24326	9	30218502384
24327	9	30218503408
24328	9	30218504432
24329	9	30218535152
24330	9	30218568944
24331	9	30218634992
24332	9	30222663920
24333	9	30222697712
24334	9	30222797024
24335	9	30285578480
24336	9	30285611248
24337	9	30287741152
24338	9	30287774944
24339	9	30289807584
24340	9	30289838304
24341	9	30340334832
24342	9	30344298736
24343	9	30344332528
24344	9	30344398064
24345	9	30348493040
24346	9	30348495072
24347	9	30348526832
24348	9	30348626144
24349	9	30352490736
24350	9	30352524528
24351	9	30352590576
24352	9	30360682736
24353	9	30360683760
24354	9	30360716528
24355	9	30361585904
24356	9	30361619696
24357	9	30411407600
24358	9	30411440368
24359	9	30411508960
24360	9	30413604064
24361	9	30415603936
24362	9	30420409568
24363	9	30474322160
24364	9	30474354928
24365	9	30486446320
24366	9	30486480112
24367	9	30487383280
24368	9	32288293104
24369	9	32288326896
24370	9	32288392944
24371	9	32290390256
24372	9	32290424048
24373	9	32290455792
24374	9	32290456816
24375	9	32290488560
24376	9	32290489584
24377	9	32290490096
24378	9	32290490352
24379	9	34435776752
24380	9	34435810544
24381	9	34435876592
24382	9	34437718256
24383	9	34437873904
24384	9	34437874160
24385	9	34437907696
24386	9	34437907952
24387	9	34437939440
24388	9	34437940464
24389	9	34437972208
24390	9	34437973232
24391	9	34437973744
24392	9	34437974000
24393	9	34438471920
24394	9	34438504688
24395	9	34438505712
24396	9	34438922480
24397	9	34438930672
24398	9	34438956272
24399	9	34438964464
24400	9	34439022320
24401	9	34439030512
24402	9	34442928368
24403	9	34442962160
24404	9	34443194608
24405	9	34443228400
24406	9	34446000368
24407	9	34446034160
24408	9	34446066416
24409	9	34446100208
24410	9	34446840048
24411	9	34446856432
24412	9	34446872816
24413	9	34446873840
24414	9	34446889200
24415	9	34446890224
24416	9	34446897392
24417	9	34447048944
24418	9	34447057136
24419	9	34447082736
24420	9	34447090928
24421	9	34447123184
24422	9	34447148784
24423	9	34447156976
24424	9	34451321072
24425	9	34451354864
24426	9	34455240944
24427	9	34455241968
24428	9	34455249136
24429	9	34455274736
24430	9	34455282928
24431	9	34455511280
24432	9	34455512304
24433	9	34455545072
24434	9	34455765232
24435	9	34455766256
24436	9	34455769328
24437	9	34455771376
24438	9	34455799024
24439	9	34455803120
24440	9	34455805168
24441	9	34455962864
24442	9	34456028912
24443	9	34459706608
24444	9	34460222704
24445	9	34463301872
24446	9	34463335664
24447	9	34463401712
24448	9	34463625456
24449	9	34463658224
24450	9	34463659248
24451	9	34463817968
24452	9	34463851760
24453	9	34463917808
24454	9	34464076016
24455	9	34464109808
24456	9	34464175856
24457	9	34471493872
24458	9	34471494896
24459	9	34471527664
24460	9	34472009968
24461	9	34472043760
24462	9	34472272112
24463	9	34472273136
24464	9	34472305904
24465	9	34472338672
24466	9	34472404720
24467	9	34476467440
24468	9	34479620336
24469	9	34479621360
24470	9	34479628528
24471	9	34479654128
24472	9	34479662320
24473	9	34479886576
24474	9	34479920368
24475	9	34480394480
24476	9	34480428272
24477	9	34480918768
24478	9	34480919792
24479	9	34480952560
24480	9	34481116400
24481	9	34481182448
24482	9	34484344048
24483	9	34485376240
24484	9	34486174960
24485	9	34488149232
24486	9	34488272112
24487	9	34488272368
24488	9	34488407280
24489	9	34488534256
24490	9	34489308400
24491	9	34504982768
24492	9	34505016560
24493	9	34505082608
24494	9	34505613552
24495	9	34506039536
24496	9	34506073328
24497	9	34506139376
24498	9	34509242608
24499	9	34509243632
24500	9	34509276400
24501	9	34509775088
24502	9	34509808880
24503	9	34510299376
24504	9	34510300400
24505	9	34510333168
24506	9	34511798512
24507	9	34511832304
24508	9	34511898352
24509	9	34513895664
24510	9	34513895920
24511	9	34513929456
24512	9	34513929712
24513	9	34513961200
24514	9	34513962224
24515	9	34513969392
24516	9	34513993968
24517	9	34513994992
24518	9	34513995504
24519	9	34513995760
24520	9	34514002160
24521	9	34514003184
24522	9	34514006256
24523	9	34514166000
24524	9	34514199792
24525	9	34514232048
24526	9	34514265840
24527	9	34514419952
24528	9	34514453744
24529	9	34514519792
24530	9	34518298864
24531	9	34518332656
24532	9	34518425840
24533	9	34518426864
24534	9	34518459632
24535	9	34518683888
24536	9	34518717680
24537	9	34518877424
24538	9	34518943472
24539	9	34522358000
24540	9	34522391792
24541	9	34522620144
24542	9	34522653936
24543	9	34522874096
24544	9	34522875120
24545	9	34522876144
24546	9	34522907888
24547	9	34522909936
24548	9	34522940656
24549	9	34523006704
24550	9	34526946544
24551	9	34527069424
24552	9	34530148592
24553	9	34530182384
24554	9	34530214640
24555	9	34530248432
24556	9	34530730224
24557	9	34530762992
24558	9	34530764016
24559	9	34530926832
24560	9	34530960624
24561	9	34531026672
24562	9	34535186672
24563	9	34535187696
24564	9	34535220464
24565	9	34538217712
24566	9	34538251504
24567	9	34538602736
24568	9	34538603760
24569	9	34538604784
24570	9	34538636528
24571	9	34538638576
24572	9	34539118832
24573	9	34539120880
24574	9	34539152624
24575	9	34539154672
24576	9	34540700912
24577	9	34542798064
24578	9	34542798320
24579	9	34546737392
24580	9	34546771184
24581	9	34546991344
24582	9	34546992368
24583	9	34546995440
24584	9	34547025136
24585	9	34547029232
24586	9	34547320048
24587	9	34547386096
24588	9	34548027632
24589	9	34548028656
24590	9	34548029680
24591	9	34548061424
24592	9	34548063472
24593	9	34548094192
24594	9	34548160240
24595	9	34548223216
24596	9	34548289264
24597	9	34551448816
24598	9	34552222960
24599	9	34552354032
24600	9	34553283824
24601	9	34555380976
24602	9	34555381232
24603	9	34555512048
24604	9	34556415216
24605	9	34567741680
24606	9	34572091632
24607	9	34572125424
24608	9	34572722416
24609	9	34573148400
24610	9	34573182192
24611	9	34574188784
24612	9	34574222576
24613	9	34574288624
24614	9	34575245552
24615	9	34575279344
24616	9	34575345392
24617	9	34576285936
24618	9	34576286192
24619	9	34576319728
24620	9	34576319984
24621	9	34576351472
24622	9	34576384240
24623	9	34576883952
24624	9	34576916720
24625	9	34577334512
24626	9	34577342704
24627	9	34577342960
24628	9	34577368304
24629	9	34577376496
24630	9	34577376752
24631	9	34577408240
24632	9	34577441008
24633	9	34577604848
24634	9	34577638640
24635	9	34578907376
24636	9	34578941168
24637	9	34579007216
24638	9	34581004528
24639	9	34581038320
24640	9	34581070064
24641	9	34581078256
24642	9	34581102832
24643	9	34581111024
24644	9	34581115120
24645	9	34581274864
24646	9	34581308656
24647	9	34581528816
24648	9	34581562608
24649	9	34581566704
24650	9	34581594864
24651	9	34583372016
24652	9	34583405808
24653	9	34583438064
24654	9	34583471856
24655	9	34585309424
24656	9	34585469168
24657	9	34585502960
24658	9	34585534704
24659	9	34585535216
24660	9	34585535472
24661	9	34585567472
24662	9	34585792752
24663	9	34585825520
24664	9	34585985264
24665	9	34585986288
24666	9	34586019056
24667	9	34587820272
24668	9	34587854064
24669	9	34587920112
24670	9	34589466864
24671	9	34589499632
24672	9	34589729008
24673	9	34589761776
24674	9	34589763824
24675	9	34589794544
24676	9	34589828336
24677	9	34589917424
24678	9	34589951216
24679	9	34589982960
24680	9	34590015728
24681	9	34591564016
24682	9	34591597808
24683	9	34593661168
24684	9	34593661424
24685	9	34593923312
24686	9	34594054384
24687	9	34594177264
24688	9	34595260144
24689	9	34595710192
24690	9	34597257456
24691	9	34597291248
24692	9	34597807344
24693	9	34597839088
24694	9	34597871856
24695	9	34598035696
24696	9	34598069488
24697	9	34598101744
24698	9	34600132848
24699	9	34600166640
24700	9	34600232688
24701	9	34601296112
24702	9	34602230000
24703	9	34602263792
24704	9	34602295536
24705	9	34602328304
24706	9	34603548912
24707	9	34603582704
24708	9	34603614960
24709	9	34603648752
24710	9	34605646064
24711	9	34605646320
24712	9	34605679856
24713	9	34605680112
24714	9	34605711600
24715	9	34605712112
24716	9	34605712368
24717	9	34605744368
24718	9	34606227696
24719	9	34606260464
24720	9	34607808752
24721	9	34607809776
24722	9	34607842544
24723	9	34608324848
24724	9	34608358640
24725	9	34609905904
24726	9	34609906160
24727	9	34610422000
24728	9	34610422256
24729	9	34611937520
24730	9	34611971312
24731	9	34612037360
24732	9	34612299504
24733	9	34612973808
24734	9	34613007600
24735	9	34613073648
24736	9	34613752048
24737	9	34613846256
24738	9	34613879024
24739	9	34613911792
24740	9	34613945584
24741	9	34613977840
24742	9	34614034672
24743	9	34614034928
24744	9	34614068464
24745	9	34614068720
24746	9	34614100208
24747	9	34614104304
24748	9	34614132976
24749	9	34614137072
24750	9	34614139120
24751	9	34614169840
24752	9	34614203632
24753	9	34614296816
24754	9	34614330608
24755	9	34614427888
24756	9	34614428912
24757	9	34614461680
24758	9	34615070960
24759	9	34615104752
24760	9	34615136496
24761	9	34615138544
24762	9	34615169264
24763	9	34615171312
24764	9	34615202032
24765	9	34615203056
24766	9	34615235824
24767	9	34615943408
24768	9	34615977200
24769	9	34616201456
24770	9	34616235248
24771	9	34618040560
24772	9	34618040816
24773	9	34618298608
24774	9	34618298864
24775	9	34618556656
24776	9	34619330800
24777	9	34620391664
24778	9	34620392688
24779	9	34620425456
24780	9	34622365936
24781	9	34622488816
24782	9	34622489072
24783	9	34624586992
24784	9	34624587248
24785	9	34634809584
24786	9	34634810608
24787	9	34634843376
24788	9	34635583728
24789	9	34635600112
24790	9	34635617520
24791	9	34635633904
24792	9	34635826416
24793	9	34639790320
24794	9	34639791344
24795	9	34639798512
24796	9	34639824112
24797	9	34639832304
24798	9	34640282864
24799	9	34643984624
24800	9	34643985648
24801	9	34643992816
24802	9	34644018416
24803	9	34644026608
24804	9	34644127984
24805	9	34644161776
24806	9	34644254960
24807	9	34644255984
24808	9	34644288752
24809	9	34644508912
24810	9	34644509936
24811	9	34644513008
24812	9	34644515056
24813	9	34644542704
24814	9	34644546800
24815	9	34644548848
24816	9	34644706544
24817	9	34644772592
24818	9	34646016240
24819	9	34646050032
24820	9	34646116080
24821	9	34648113392
24822	9	34648147184
24823	9	34648178928
24824	9	34648179952
24825	9	34648183024
24826	9	34648211696
24827	9	34648212720
24828	9	34648213232
24829	9	34648213488
24830	9	34648215792
24831	9	34648216816
24832	9	34648217840
24833	9	34648248560
24834	9	34648282352
24835	9	34648348400
24836	9	34648375536
24837	9	34648379632
24838	9	34648409328
24839	9	34648413424
24840	9	34648475376
24841	9	34648479472
24842	9	34652377328
24843	9	34652411120
24844	9	34652635376
24845	9	34652636400
24846	9	34652639472
24847	9	34652640496
24848	9	34652641520
24849	9	34652669168
24850	9	34652673264
24851	9	34652675312
24852	9	34656567536
24853	9	34656568560
24854	9	34656571632
24855	9	34656601328
24856	9	34656605424
24857	9	34656829680
24858	9	34656830704
24859	9	34656831728
24860	9	34656863472
24861	9	34656865520
24862	9	34656896240
24863	9	34656962288
24864	9	34658665712
24865	9	34660762864
24866	9	34660763120
24867	9	34660898032
24868	9	34661025008
24869	9	34661156080
24870	9	34662369008
24871	9	34663960816
24872	9	34663994608
24873	9	34664060656
24874	9	34664104176
24875	9	34664137968
24876	9	34664170224
24877	9	34664204016
24878	9	34664235248
24879	9	34664243440
24880	9	34664269040
24881	9	34664277232
24882	9	34664335088
24883	9	34664343280
24884	9	34664366320
24885	9	34664400112
24886	9	34664466160
24887	9	34664501488
24888	9	34664535280
24889	9	34664601328
24890	9	34664628464
24891	9	34664632560
24892	9	34664662256
24893	9	34664666352
24894	9	34664728304
24895	9	34664732400
24896	9	34664943856
24897	9	34664945904
24898	9	34664952048
24899	9	34664976624
24900	9	34664977648
24901	9	34664978672
24902	9	34664979696
24903	9	34664985840
24904	9	34665009392
24905	9	34665043184
24906	9	34665109232
24907	9	34665402608
24908	9	34665436400
24909	9	34665502448
24910	9	34668364016
24911	9	34668365040
24912	9	34668372208
24913	9	34668397808
24914	9	34668406000
24915	9	34668630256
24916	9	34668664048
24917	9	34668892400
24918	9	34668893424
24919	9	34668926192
24920	9	34669138160
24921	9	34669171952
24922	9	34669662448
24923	9	34669663472
24924	9	34669696240
24925	9	34669860080
24926	9	34669926128
24927	9	34672566512
24928	9	34672600304
24929	9	34672820464
24930	9	34672821488
24931	9	34672824560
24932	9	34672854256
24933	9	34672858352
24934	9	34673149168
24935	9	34673215216
24936	9	34673856752
24937	9	34673857776
24938	9	34673858800
24939	9	34673890544
24940	9	34673892592
24941	9	34673923312
24942	9	34673989360
24943	9	34674052336
24944	9	34674118384
24945	9	34674918640
24946	9	34676892912
24947	9	34677015792
24948	9	34677016048
24949	9	34677150960
24950	9	34677277936
24951	9	34678052080
24952	9	34678183152
24953	9	34680819952
24954	9	34680853744
24955	9	34680946928
24956	9	34680947952
24957	9	34680951024
24958	9	34680980720
24959	9	34680984816
24960	9	34681721072
24961	9	34681723120
24962	9	34681754864
24963	9	34681756912
24964	9	34682049776
24965	9	34682115824
24966	9	34683045104
24967	9	34685142256
24968	9	34685142512
24969	9	34685277424
24970	9	34686178544
24971	9	34687239408
24972	9	34689336560
24973	9	34689336816
24974	9	34689467632
24975	9	34690241776
24976	9	34690370800
24977	9	34704736496
24978	9	34704770288
24979	9	34704836336
24980	9	34706833648
24981	9	34706867440
24982	9	34706899184
24983	9	34706907376
24984	9	34706931952
24985	9	34706940144
24986	9	34706944240
24987	9	34707103984
24988	9	34707137776
24989	9	34707357936
24990	9	34707391728
24991	9	34707395824
24992	9	34707423984
24993	9	34711363824
24994	9	34711621872
24995	9	34711815408
24996	9	34711848176
24997	9	34715291888
24998	9	34715324656
24999	9	34715484400
25000	9	34715488496
25001	9	34715518192
25002	9	34715522288
25003	9	34715550448
25004	9	34717585648
25005	9	34717619440
25006	9	34717685488
25007	9	34719682800
25008	9	34719716592
25009	9	34719748336
25010	9	34719781104
25011	9	34721513712
25012	9	34721547504
25013	9	34721613552
25014	9	34721748720
25015	9	34721775856
25016	9	34721809648
25017	9	34721875696
25018	9	34723610864
25019	9	34723611120
25020	9	34723644656
25021	9	34723644912
25022	9	34723676400
25023	9	34723680496
25024	9	34723709168
25025	9	34723713264
25026	9	34723715312
25027	9	34723746032
25028	9	34723779824
25029	9	34723873008
25030	9	34723906800
25031	9	34723938544
25032	9	34723971312
25033	9	34724004080
25034	9	34724005104
25035	9	34724037872
25036	9	34725777648
25037	9	34725811440
25038	9	34727874800
25039	9	34727875056
25040	9	34728132848
25041	9	34729215728
25042	9	34729923824
25043	9	34731213040
25044	9	34731246832
25045	9	34731737328
25046	9	34731741424
25047	9	34731771120
25048	9	34731775216
25049	9	34731803376
25050	9	34732020976
25051	9	34732052720
25052	9	34732060912
25053	9	34732085488
25054	9	34732291312
25055	9	34732511472
25056	9	34732545264
25057	9	34732577520
25058	9	34733838576
25059	9	34733872368
25060	9	34733938416
25061	9	34735517936
25062	9	34735935728
25063	9	34735969520
25064	9	34736001264
25065	9	34736034032
25066	9	34736967920
25067	9	34736968944
25068	9	34737001712
25069	9	34737766640
25070	9	34737800432
25071	9	34737866480
25072	9	34738001648
25073	9	34738128624
25074	9	34738802928
25075	9	34738836720
25076	9	34738902768
25077	9	34739581168
25078	9	34739675376
25079	9	34739708144
25080	9	34739740912
25081	9	34739774704
25082	9	34739863792
25083	9	34739864048
25084	9	34739897584
25085	9	34739897840
25086	9	34739929328
25087	9	34739933424
25088	9	34739962096
25089	9	34739966192
25090	9	34739968240
25091	9	34739998960
25092	9	34740032752
25093	9	34740125936
25094	9	34740159728
25095	9	34740257008
25096	9	34740258032
25097	9	34740290800
25098	9	34740449520
25099	9	34740900080
25100	9	34740933872
25101	9	34740965616
25102	9	34740967664
25103	9	34740998384
25104	9	34741000432
25105	9	34741031152
25106	9	34741032176
25107	9	34741064944
25108	9	34741772528
25109	9	34741806320
25110	9	34742030576
25111	9	34742064368
25112	9	34743869680
25113	9	34743869936
25114	9	34744127728
25115	9	34744127984
25116	9	34744385776
25117	9	34745159920
25118	9	34745893104
25119	9	34745926896
25120	9	34745959152
25121	9	34745992944
25122	9	34747029232
25123	9	34747990256
25124	9	34747990512
25125	9	34748024048
25126	9	34748024304
25127	9	34748055792
25128	9	34748056304
25129	9	34748056560
25130	9	34748059888
25131	9	34748088560
25132	9	34748092656
25133	9	34748094704
25134	9	34748125424
25135	9	34748159216
25136	9	34748191472
25137	9	34748829936
25138	9	34748862704
25139	9	34749026544
25140	9	34749060336
25141	9	34749157616
25142	9	34749158640
25143	9	34749191408
25144	9	34750157040
25145	9	34750190832
25146	9	34752254192
25147	9	34752254448
25148	9	34753286384
25149	9	34754220272
25150	9	34754254064
25151	9	34754347248
25152	9	34754348272
25153	9	34754381040
25154	9	34755121392
25155	9	34755123440
25156	9	34755155184
25157	9	34755157232
25158	9	34756317424
25159	9	34756317680
25160	9	34756444400
25161	9	34756444656
25162	9	34756575472
25163	9	34757218544
25164	9	34757218800
25165	9	34757220592
25166	9	34757220848
25167	9	34757349616
25168	9	34758542576
25169	9	34758542832
25170	9	34769858800
25171	9	34770018544
25172	9	34770052336
25173	9	34770310384
25174	9	34774016240
25175	9	34774049008
25176	9	34774051056
25177	9	34774081776
25178	9	34774115568
25179	9	34774466800
25180	9	34774500592
25181	9	34774502640
25182	9	34774532848
25183	9	34776597744
25184	9	34778210544
25185	9	34778472688
25186	9	34778572016
25187	9	34778694896
25188	9	34778726640
25189	9	34780233968
25190	9	34780267760
25191	9	34780333808
25192	9	34782331120
25193	9	34782364912
25194	9	34782396656
25195	9	34782400752
25196	9	34782429424
25197	9	34782433520
25198	9	34782435568
25199	9	34782466288
25200	9	34782500080
25201	9	34782593264
25202	9	34782627056
25203	9	34782629104
25204	9	34782659312
25205	9	34784597232
25206	9	34784724208
25207	9	34786595056
25208	9	34786694384
25209	9	34786726128
25210	9	34786821360
25211	9	34786853104
25212	9	34788622576
25213	9	34788656368
25214	9	34788722416
25215	9	34788853488
25216	9	34790719728
25217	9	34790719984
25218	9	34790753520
25219	9	34790753776
25220	9	34790785264
25221	9	34790787312
25222	9	34790818032
25223	9	34790820080
25224	9	34790850800
25225	9	34790884592
25226	9	34792882416
25227	9	34792883440
25228	9	34792916208
25229	9	34794979568
25230	9	34794979824
25231	9	34796586736
25232	9	34797036784
25233	9	34798461168
25234	9	34798494960
25235	9	34798584048
25236	9	34798617840
25237	9	34798719216
25238	9	34798753008
25239	9	34798846192
25240	9	34798879984
25241	9	34798882032
25242	9	34798912240
25243	9	34799133936
25244	9	34799169776
25245	9	34799204592
25246	9	34799235312
25247	9	34799269104
25248	9	34799398128
25249	9	34799620336
25250	9	34799654128
25251	9	34799656176
25252	9	34799686384
25253	9	34800977136
25254	9	34801751280
25255	9	34802589936
25256	9	34802847984
25257	9	34802947312
25258	9	34803074288
25259	9	34803106032
25260	9	34803364080
25261	9	34803848432
25262	9	34803880176
25263	9	34803946736
25264	9	34803979504
25265	9	34804875504
25266	9	34804909296
25267	9	34804975344
25268	9	34805106416
25269	9	34805909744
25270	9	34805943536
25271	9	34806009584
25272	9	34806653168
25273	9	34806685936
25274	9	34806817008
25275	9	34806972656
25276	9	34806972912
25277	9	34807006448
25278	9	34807006704
25279	9	34807038192
25280	9	34807040240
25281	9	34807070960
25282	9	34807073008
25283	9	34807103728
25284	9	34807137520
25285	9	34807556336
25286	9	34808006896
25287	9	34808040688
25288	9	34808072432
25289	9	34808105200
25290	9	34809135344
25291	9	34809136368
25292	9	34809169136
25293	9	34811109616
25294	9	34811232496
25295	9	34811232752
25296	9	34813001968
25297	9	34813035760
25298	9	34813068016
25299	9	34813101808
25300	9	34813232880
25301	9	34814007024
25302	9	34814136048
25303	9	34815037680
25304	9	34815070448
25305	9	34815099120
25306	9	34815099376
25307	9	34815132912
25308	9	34815133168
25309	9	34815164656
25310	9	34815165168
25311	9	34815165424
25312	9	34815166704
25313	9	34815197424
25314	9	34815199472
25315	9	34815230192
25316	9	34815263984
25317	9	34815938800
25318	9	34815940848
25319	9	34815971568
25320	9	34815973616
25321	9	34816004336
25322	9	34816038128
25323	9	34816133360
25324	9	34816167152
25325	9	34817134832
25326	9	34817168624
25327	9	34817261808
25328	9	34817262832
25329	9	34817295600
25330	9	34818035952
25331	9	34818069744
25332	9	34819231984
25333	9	34819232240
25334	9	34819358960
25335	9	34819359216
25336	9	34820133104
25337	9	34820133360
25338	9	34820264176
25339	9	34821325040
25340	9	34821326064
25341	9	34821358832
25342	9	34822228208
25343	9	34822262000
25344	9	34823422192
25345	9	34823422448
25346	9	34824325360
25347	9	34824325616
25348	9	34837127408
25349	9	34837160176
25350	9	34837418224
25351	9	34837644016
25352	9	34838995184
25353	9	34839061232
25354	9	34841092336
25355	9	34841354480
25356	9	34841575664
25357	9	34841608432
25358	9	34843672816
25359	9	34843706608
25360	9	34843738864
25361	9	34845647088
25362	9	34845769968
25363	9	34847342832
25364	9	34847375600
25365	9	34847376624
25366	9	34847379696
25367	9	34847441648
25368	9	34847445744
25369	9	34849439984
25370	9	34849472752
25371	9	34849476848
25372	9	34849575152
25373	9	34849607920
25374	9	34849702128
25375	9	34849734896
25376	9	34849833712
25377	9	34851799280
25378	9	34851833072
25379	9	34851865328
25380	9	34853896432
25381	9	34855731440
25382	9	34855765232
25383	9	34857828592
25384	9	34857828848
25385	9	34859925744
25386	9	34859926000
25387	9	34859959536
25388	9	34859959792
25389	9	34859991280
25390	9	34860024048
25391	9	34862022896
25392	9	34862023152
25393	9	34863440624
25394	9	34863694576
25395	9	34863698672
25396	9	34864145648
25397	9	34864148720
25398	9	34864214768
25399	9	34865471728
25400	9	34865570032
25401	9	34865602800
25402	9	34865692912
25403	9	34865725680
25404	9	34865729776
25405	9	34865828080
25406	9	34865860848
25407	9	34865955056
25408	9	34865987824
25409	9	34866086640
25410	9	34866245872
25411	9	34866729200
25412	9	34866761968
25413	9	34866764016
25414	9	34866860784
25415	9	34868118256
25416	9	34868826352
25417	9	34868860144
25418	9	34868892400
25419	9	34870149360
25420	9	34870923504
25421	9	34871984368
25422	9	34872018160
25423	9	34872534256
25424	9	34874081520
25425	9	34874081776
25426	9	34876023024
25427	9	34876178672
25428	9	34876178928
25429	9	34876212464
25430	9	34876212720
25431	9	34876244208
25432	9	34876276976
25433	9	34878275824
25434	9	34878276080
25435	9	34880110832
25436	9	34880144624
25437	9	34880307952
25438	9	34880918768
25439	9	34881082096
25440	9	34882207984
25441	9	34882208240
25442	9	34882339056
25443	9	34883113200
25444	9	34884305136
25445	9	34884305392
25446	9	34884338928
25447	9	34884339184
25448	9	34884370672
25449	9	34884371184
25450	9	34884371440
25451	9	34884403440
25452	9	34885144816
25453	9	34885177584
25454	9	34886402288
25455	9	34886402544
25456	9	34903253232
25457	9	34903287024
25458	9	34903511280
25459	9	34903545072
25460	9	34903737584
25461	9	34904027376
25462	9	34904061168
25463	9	34904253680
25464	9	34904511728
25465	9	34907701488
25466	9	34907702512
25467	9	34907735280
25468	9	34908217584
25469	9	34908251376
25470	9	34908447984
25471	9	34911772912
25472	9	34911806704
25473	9	34911895792
25474	9	34911896816
25475	9	34911929584
25476	9	34912411888
25477	9	34912445680
25478	9	34912674032
25479	9	34912675056
25480	9	34912707824
25481	9	34912740592
25482	9	34912806640
25483	9	34913961200
25484	9	34915927280
25485	9	34916058352
25486	9	34916090096
25487	9	34916123888
25488	9	34916193520
25489	9	34916320496
25490	9	34916324592
25491	9	34916602096
25492	9	34916604144
25493	9	34916635888
25494	9	34916637936
25495	9	34916701424
25496	9	34920022256
25497	9	34920023280
25498	9	34920056048
25499	9	34920288496
25500	9	34920322288
25501	9	34920546544
25502	9	34920547568
25503	9	34920550640
25504	9	34920552688
25505	9	34920580336
25506	9	34920584432
25507	9	34920586480
25508	9	34920796400
25509	9	34920830192
25510	9	34924478704
25511	9	34924482800
25512	9	34924512496
25513	9	34924516592
25514	9	34924740848
25515	9	34924741872
25516	9	34924742896
25517	9	34924774640
25518	9	34924776688
25519	9	34924807408
25520	9	34924873456
25521	9	34928936176
25522	9	34929067248
25523	9	34932531440
25524	9	34932565232
25525	9	34932631280
25526	9	34932662512
25527	9	34932696304
25528	9	34932762352
25529	9	34932920560
25530	9	34932954352
25531	9	34933020400
25532	9	34936791280
25533	9	34936792304
25534	9	34936825072
25535	9	34937049328
25536	9	34937083120
25537	9	34940985584
25538	9	34941019376
25539	9	34945311984
25540	9	34949239024
25541	9	34949240048
25542	9	34949272816
25543	9	34972647664
25544	9	34972681456
25545	9	34972747504
25546	9	34973197552
25547	9	34974589168
25548	9	34974744816
25549	9	34974778608
25550	9	34974810352
25551	9	34974843120
25552	9	34975294704
25553	9	34975326448
25554	9	34975359216
25555	9	34975523056
25556	9	34975556848
25557	9	34975589104
25558	9	34977654000
25559	9	34979751152
25560	9	34979782896
25561	9	34980873968
25562	9	34981582064
25563	9	34982871280
25564	9	34982905072
25565	9	34983235824
25566	9	34983395568
25567	9	34983429360
25568	9	34983461616
25569	9	34983679216
25570	9	34983710960
25571	9	34983743728
25572	9	34985530608
25573	9	34987627760
25574	9	34987659504
25575	9	34989458672
25576	9	34989659888
25577	9	34989687024
25578	9	34989720816
25579	9	34989786864
25580	9	34991555824
25581	9	34991556080
25582	9	34991587568
25583	9	34991624432
25584	9	34991657200
25585	9	34991690992
25586	9	34991784176
25587	9	34991817968
25588	9	34991849712
25589	9	34991882480
25590	9	34991916272
25591	9	34991949040
25592	9	34993688816
25593	9	34993722608
25594	9	34995785968
25595	9	34995786224
25596	9	34996044016
25597	9	34997642992
25598	9	34999640304
25599	9	34999674096
25600	9	34999932144
25601	9	35006162672
25602	9	35008094448
25603	9	35008127216
25604	9	35008159984
25605	9	35008193776
25606	9	35010191600
25607	9	35010225392
25608	9	35012288752
25609	9	35012289008
25610	9	35037503728
25611	9	35038437616
25612	9	35038471408
25613	9	35038503664
25614	9	35041853680
25615	9	35041887472
25616	9	35042403568
25617	9	35042435312
25618	9	35042468080
25619	9	35042470128
25620	9	35042500848
25621	9	35042534640
25622	9	35042566896
25623	9	35046113520
25624	9	35046629616
25625	9	35050307824
25626	9	35050340592
25627	9	35050344688
25628	9	35050504432
25629	9	35050538224
25630	9	35050570480
25631	9	35052508400
25632	9	35052635376
25633	9	35054605552
25634	9	35054637296
25635	9	35054732528
25636	9	35054764272
25637	9	35056567536
25638	9	35058664688
25639	9	35058664944
25640	9	35058696432
25641	9	35058795760
25642	9	35060793584
25643	9	35060827376
25644	9	35062890736
25645	9	35062890992
25646	9	35066880240
25647	9	35066914032
25648	9	35066946288
25649	9	35071009008
25650	9	35072909552
25651	9	35072943344
25652	9	35073009392
25653	9	35075006704
25654	9	35075006960
25655	9	35075040496
25656	9	35075040752
25657	9	35075072240
25658	9	35075105008
25659	9	35075459312
25660	9	35075492080
25661	9	35105546480
25662	9	35105579248
25663	9	35107414256
25664	9	35107480304
25665	9	35108962544
25666	9	35108995312
25667	9	35109511408
25668	9	35111059696
25669	9	35111093488
25670	9	35111609584
25671	9	35113156848
25672	9	35113157104
25673	9	35115286768
25674	9	35115352816
25675	9	35117383920
25676	9	35117519088
25677	9	35117613296
25678	9	35117646064
25679	9	35117744880
25680	9	35119710448
25681	9	35119744240
25682	9	35119776496
25683	9	35121807600
25684	9	35127870704
25685	9	35127870960
25686	9	35127902448
25687	9	35131859696
25688	9	35133890800
25689	9	35133989104
25690	9	35134021872
25691	9	35169517808
25692	9	35169551600
25693	9	35169617648
25694	9	35170325744
25695	9	35171614960
25696	9	35171648752
25697	9	35171680496
25698	9	35171688688
25699	9	35171713264
25700	9	35171721456
25701	9	35171725552
25702	9	35171946736
25703	9	35171979504
25704	9	35172139248
25705	9	35172143344
25706	9	35172173040
25707	9	35172177136
25708	9	35172205296
25709	9	35172422896
25710	9	35172454640
25711	9	35172487408
25712	9	35172913392
25713	9	35172947184
25714	9	35172979440
25715	9	35173974256
25716	9	35174008048
25717	9	35174074096
25718	9	35175882992
25719	9	35175915760
25720	9	35175917808
25721	9	35175948528
25722	9	35175982320
25723	9	35176071408
25724	9	35176105200
25725	9	35176136944
25726	9	35176141040
25727	9	35176169712
25728	9	35176173808
25729	9	35176175856
25730	9	35176206576
25731	9	35176240368
25732	9	35176333552
25733	9	35176367344
25734	9	35176369392
25735	9	35176399600
25736	9	35177107696
25737	9	35177141488
25738	9	35177143536
25739	9	35177173744
25740	9	35178464496
25741	9	35179238640
25742	9	35180077296
25743	9	35180208368
25744	9	35180331248
25745	9	35180335344
25746	9	35180466416
25747	9	35180561648
25748	9	35180593392
25749	9	35180659952
25750	9	35180692720
25751	9	35181335792
25752	9	35181367536
25753	9	35181369584
25754	9	35181434096
25755	9	35181466864
25756	9	35182200560
25757	9	35182908656
25758	9	35184197872
25759	9	35184231664
25760	9	35184328944
25761	9	35184333040
25762	9	35184362736
25763	9	35184366832
25764	9	35184394992
25765	9	35185005808
25766	9	35185037552
25767	9	35185039600
25768	9	35185070320
25769	9	35185072368
25770	9	35185103088
25771	9	35185136880
25772	9	35185169136
25773	9	35185234160
25774	9	35185267952
25775	9	35185270000
25776	9	35185300208
25777	9	35187365104
25778	9	35188457712
25779	9	35188461808
25780	9	35189231856
25781	9	35189462256
25782	9	35189494000
25783	9	35189496048
25784	9	35189560560
25785	9	35189593328
25786	9	35191557360
25787	9	35192525040
25788	9	35192652016
25789	9	35192654064
25790	9	35192751344
25791	9	35193426160
25792	9	35193428208
25793	9	35193525488
25794	9	35193654512
25795	9	35193686256
25796	9	35194622192
25797	9	35194655984
25798	9	35194749168
25799	9	35194750192
25800	9	35194782960
25801	9	35195523312
25802	9	35195525360
25803	9	35195557104
25804	9	35195559152
25805	9	35196719344
25806	9	35196719600
25807	9	35196846320
25808	9	35196846576
25809	9	35196977392
25810	9	35197620464
25811	9	35197620720
25812	9	35197622512
25813	9	35197622768
25814	9	35197751536
25815	9	35198834416
25816	9	35200831728
25817	9	35200865520
25818	9	35215511792
25819	9	35215545584
25820	9	35215611632
25821	9	35215642864
25822	9	35215676656
25823	9	35215742704
25824	9	35215873776
25825	9	35217608944
25826	9	35217609200
25827	9	35217642736
25828	9	35217642992
25829	9	35217674480
25830	9	35217707248
25831	9	35217740016
25832	9	35217740272
25833	9	35217773808
25834	9	35217774064
25835	9	35217805552
25836	9	35217807600
25837	9	35217838320
25838	9	35217840368
25839	9	35217871088
25840	9	35217873136
25841	9	35217904880
25842	9	35217906928
25843	9	35219902704
25844	9	35219903728
25845	9	35219904752
25846	9	35219936496
25847	9	35219938544
25848	9	35221999856
25849	9	35222000112
25850	9	35222001904
25851	9	35222002160
25852	9	35222130928
25853	9	35223965936
25854	9	35223966960
25855	9	35223999728
25856	9	35224094960
25857	9	35224128752
25858	9	35226063088
25859	9	35226063344
25860	9	35226192112
25861	9	35226192368
25862	9	35228161264
25863	9	35228161520
25864	9	35239252208
25865	9	35239284976
25866	9	35240284912
25867	9	35240861936
25868	9	35240927984
25869	9	35241083120
25870	9	35241115888
25871	9	35241116912
25872	9	35241119984
25873	9	35241181936
25874	9	35241186032
25875	9	35242959088
25876	9	35243057392
25877	9	35243090160
25878	9	35243180272
25879	9	35243213040
25880	9	35243217136
25881	9	35243315440
25882	9	35243348208
25883	9	35243442416
25884	9	35243475184
25885	9	35243574000
25886	9	35244216560
25887	9	35244249328
25888	9	35244251376
25889	9	35244348144
25890	9	35245539568
25891	9	35245573360
25892	9	35245605616
25893	9	35246313712
25894	9	35246347504
25895	9	35246379760
25896	9	35247636720
25897	9	35248410864
25898	9	35249308400
25899	9	35249312496
25900	9	35250016496
25901	9	35250017520
25902	9	35250082544
25903	9	35251306736
25904	9	35251339504
25905	9	35251343600
25906	9	35251441904
25907	9	35251474672
25908	9	35252113648
25909	9	35252343024
25910	9	35252375792
25911	9	35252377840
25912	9	35252474608
25913	9	35254440176
25914	9	35254473968
25915	9	35254506224
25916	9	35256537328
25917	9	35257598192
25918	9	35257631984
25919	9	35257795312
25920	9	35258406128
25921	9	35258569456
25922	9	35259695344
25923	9	35259695600
25924	9	35259826416
25925	9	35260600560
25926	9	35261858032
25927	9	35262632176
25928	9	35282751728
25929	9	35282785520
25930	9	35282948848
25931	9	35284848880
25932	9	35284849136
25933	9	35284979952
25934	9	35286946032
25935	9	35286946288
25936	9	35286979824
25937	9	35286980080
25938	9	35287011568
25939	9	35287044336
25940	9	35289043184
25941	9	35289043440
25942	9	35291009264
25943	9	35291009520
25944	9	35291043056
25945	9	35291043312
25946	9	35291074800
25947	9	35291107568
25948	9	35293106416
25949	9	35293106672
25950	9	35303776496
25951	9	35303842544
25952	9	35304034544
25953	9	35304100592
25954	9	35305873648
25955	9	35306131696
25956	9	35306262768
25957	9	35306356976
25958	9	35306389744
25959	9	35307131120
25960	9	35307163888
25961	9	35307262704
25962	9	35307905776
25963	9	35308191984
25964	9	35308224752
25965	9	35308225776
25966	9	35308226800
25967	9	35308290800
25968	9	35308292848
25969	9	35309936880
25970	9	35310199024
25971	9	35310289136
25972	9	35310321904
25973	9	35310323952
25974	9	35310420208
25975	9	35310452976
25976	9	35311323376
25977	9	35311356144
25978	9	35312386288
25979	9	35312420080
25980	9	35314483440
25981	9	35314483696
25982	9	35316290288
25983	9	35316417264
25984	9	35316419312
25985	9	35317125360
25986	9	35317126384
25987	9	35317127408
25988	9	35317191408
25989	9	35317193456
25990	9	35318321392
25991	9	35318415600
25992	9	35318448368
25993	9	35318450416
25994	9	35318546672
25995	9	35318579440
25996	9	35319222512
25997	9	35319224560
25998	9	35319320816
25999	9	35319353584
26000	9	35319449840
26001	9	35319482608
26002	9	35320512752
26003	9	35320546544
26004	9	35321320688
26005	9	35321417968
26006	9	35321451760
26007	9	35321484016
26008	9	35322609904
26009	9	35322610160
26010	9	35323515120
26011	9	35324575984
26012	9	35324609776
26013	9	35325512944
26014	9	35326673136
26015	9	35326673392
26016	9	35349729520
26017	9	35349763312
26018	9	35349892336
26019	9	35351826672
26020	9	35351826928
26021	9	35353957616
26022	9	35353957872
26023	9	35353989360
26024	9	35370885360
26025	9	35371143408
26026	9	35371401968
26027	9	35372176112
26028	9	35375300848
26029	9	35375333616
26030	9	35375334128
26031	9	35375334384
26032	9	35379405040
26033	9	35379495152
26034	9	35379527920
26035	9	35383460592
26036	9	35383591664
26037	9	35384234224
26038	9	35384236272
26039	9	35384365808
26040	9	35387621616
26041	9	35387654384
26042	9	35388428528
26043	9	35416838384
26044	9	35416871152
26045	9	35509618416
26046	9	35511615728
26047	9	35511649520
26048	9	35511715568
26049	9	35512246512
26050	9	35512672496
26051	9	35512706288
26052	9	35512772336
26053	9	35520639216
26054	9	35520798960
26055	9	35520832752
26056	9	35520865008
26057	9	35520898800
26058	9	35528990960
26059	9	35529024752
26060	9	35529253104
26061	9	35529286896
26062	9	35529507056
26063	9	35529508080
26064	9	35529540848
26065	9	35537559792
26066	9	35537593584
26067	9	35537659632
26068	9	35545235696
26069	9	35545236720
26070	9	35545269488
26071	9	35545751792
26072	9	35545785584
26073	9	35553370352
26074	9	35553404144
26075	9	35553628400
26076	9	35553662192
26077	9	35554660592
26078	9	35554661616
26079	9	35554694384
26080	9	35559916784
26081	9	35562013936
26082	9	35562014192
26083	9	35584041200
26084	9	35584042224
26085	9	35584074992
26086	9	35587703024
26087	9	35587704048
26088	9	35587711216
26089	9	35587736816
26090	9	35587743984
26091	9	35587745008
26092	9	35587776736
26093	9	35588161776
26094	9	35588195568
26095	9	35588261616
26096	9	35592031456
26097	9	35592036576
26098	9	35592038624
26099	9	35592040688
26100	9	35592072416
26101	9	35592074480
26102	9	35592167664
26103	9	35592168688
26104	9	35592201456
26105	9	35592423648
26106	9	35596099824
26107	9	35596133616
26108	9	35596616944
26109	9	35600811248
26110	9	35603890416
26111	9	35603924208
26112	9	35603956464
26113	9	35603990256
26114	9	35604472048
26115	9	35604504816
26116	9	35604505840
26117	9	35604537568
26118	9	35608152288
26119	9	35608797408
26120	9	35608799456
26121	9	35608833248
26122	9	35620733168
26123	9	35620734192
26124	9	35620766960
26125	9	35625061600
26126	9	35627025648
26127	9	35629122800
26128	9	35629123056
26129	9	35629253872
26130	9	35630157040
26131	9	35646890224
26132	9	35646924016
26133	9	35648987376
26134	9	35649021168
26135	9	35649087216
26136	9	35651084512
26137	9	35651084528
26138	9	35651118320
26139	9	35651150064
26140	9	35651152096
26141	9	35651182832
26142	9	35651184864
26143	9	35651215584
26144	9	35652649184
26145	9	35652649200
26146	9	35652682992
26147	9	35652690144
26148	9	35652749040
26149	9	35654746352
26150	9	35654780144
26151	9	35654811888
26152	9	35654820080
26153	9	35654844656
26154	9	35654852848
26155	9	35654856944
26156	9	35654877408
26157	9	35654879456
26158	9	35654885600
26159	9	35654913248
26160	9	35654918368
26161	9	35654986464
26162	9	35655016688
26163	9	35655050480
26164	9	35655270640
26165	9	35655304432
26166	9	35655305440
26167	9	35655308528
26168	9	35655336688
26169	9	35656982752
26170	9	35657016544
26171	9	35657048800
26172	9	35657367776
26173	9	35659008224
26174	9	35659049184
26175	9	35659079904
26176	9	35659137248
26177	9	35659145440
26178	9	35659145952
26179	9	35659146208
26180	9	35659149536
26181	9	35659178208
26182	9	35659276528
26183	9	35659278560
26184	9	35659309296
26185	9	35659311328
26186	9	35659342048
26187	9	35659464928
26188	9	35659532512
26189	9	35659565280
26190	9	35659596000
26191	9	35659728112
26192	9	35659760880
26193	9	35663208688
26194	9	35663241456
26195	9	35663274208
26196	9	35663659248
26197	9	35663693040
26198	9	35663724784
26199	9	35665305840
26200	9	35665339632
26201	9	35667402992
26202	9	35667403248
26203	9	35667534048
26204	9	35667919088
26205	9	35667921120
26206	9	35669001968
26207	9	35669450976
26208	9	35669452016
26209	9	35670999280
26210	9	35671033072
26211	9	35671132384
26212	9	35671549168
26213	9	35671580912
26214	9	35671613680
26215	9	35671646432
26216	9	35671679200
26217	9	35671682272
26218	9	35673096416
26219	9	35673743584
26220	9	35673777376
26221	9	35675193568
26222	9	35675193824
26223	9	35675261152
26224	9	35675293920
26225	9	35675324640
26226	9	35675810016
26227	9	35675840736
26228	9	35675906272
26229	9	35675939040
26230	9	35685656304
26231	9	35685679328
26232	9	35685679344
26233	9	35685713136
26234	9	35685779184
26235	9	35687588080
26236	9	35687620848
26237	9	35687653616
26238	9	35687687408
26239	9	35687776496
26240	9	35687776752
26241	9	35687810288
26242	9	35687810544
26243	9	35687842032
26244	9	35687846128
26245	9	35687874800
26246	9	35687907552
26247	9	35687909600
26248	9	35687943392
26249	9	35688170736
26250	9	35688203504
26251	9	35689685232
26252	9	35689719024
26253	9	35689941216
26254	9	35691782384
26255	9	35691782640
26256	9	35691913440
26257	9	35692038368
26258	9	35692038624
26259	9	35692167392
26260	9	35692298480
26261	9	35694133488
26262	9	35694134512
26263	9	35694135520
26264	9	35694167280
26265	9	35696230640
26266	9	35696230896
26267	9	35696363744
26268	9	35698328816
26269	9	35698329072
26270	9	35713540336
26271	9	35713574128
26272	9	35714024688
26273	9	35717734640
26274	9	35717768432
26275	9	35717867744
26276	9	35717996784
26277	9	35718030576
26278	9	35718250736
26279	9	35718251760
26280	9	35718284528
26281	9	35719758048
26282	9	35719758064
26283	9	35719791856
26284	9	35719857904
26285	9	35721855216
26286	9	35721889008
26287	9	35721920752
26288	9	35721921776
26289	9	35721924848
26290	9	35721953520
26291	9	35721954544
26292	9	35721955056
26293	9	35721955312
26294	9	35721957616
26295	9	35721958640
26296	9	35721959664
26297	9	35721986272
26298	9	35721988320
26299	9	35721990368
26300	9	35721990384
26301	9	35722022112
26302	9	35722024176
26303	9	35722090224
26304	9	35722117360
26305	9	35722151152
26306	9	35722217200
26307	9	35726117088
26308	9	35726119152
26309	9	35726152944
26310	9	35726246112
26311	9	35726248160
26312	9	35726249184
26313	9	35726250208
26314	9	35726252256
26315	9	35726281952
26316	9	35726286048
26317	9	35726377200
26318	9	35726378224
26319	9	35726379232
26320	9	35726410992
26321	9	35730309360
26322	9	35730310384
26323	9	35730343152
26324	9	35732407536
26325	9	35734504688
26326	9	35734504944
26327	9	35734637792
26328	9	35736110832
26329	9	35737985264
26330	9	35738019056
26331	9	35738085104
26332	9	35738108144
26333	9	35738141936
26334	9	35738207984
26335	9	35738239200
26336	9	35738241248
26337	9	35738243296
26338	9	35738243312
26339	9	35738275040
26340	9	35738277104
26341	9	35738343152
26342	9	35738370288
26343	9	35738404080
26344	9	35738470128
26345	9	35738693872
26346	9	35738727664
26347	9	35739144432
26348	9	35739178224
26349	9	35739244272
26350	9	35742114032
26351	9	35742147824
26352	9	35742370016
26353	9	35742372080
26354	9	35742405872
26355	9	35742632160
26356	9	35742886112
26357	9	35743404272
26358	9	35743405296
26359	9	35743406304
26360	9	35743438064
26361	9	35746562288
26362	9	35746563312
26363	9	35746596080
26364	9	35748660464
26365	9	35750757616
26366	9	35750757872
26367	9	35750890720
26368	9	35754561776
26369	9	35754595568
26370	9	35754688752
26371	9	35754689776
26372	9	35754722544
26373	9	35755462896
26374	9	35755464944
26375	9	35755496688
26376	9	35755498736
26377	9	35756786928
26378	9	35758884080
26379	9	35758884336
26380	9	35759017184
26381	9	35780649200
26382	9	35780681968
26383	9	35780714720
26384	9	35781099760
26385	9	35781133552
26386	9	35781165808
26387	9	35782746336
26388	9	35784974560
26389	9	35785105648
26390	9	35785361632
26391	9	35786866912
26392	9	35789033712
26393	9	35789066480
26394	9	35789095136
26395	9	35789097184
26396	9	35789099232
26397	9	35789130976
26398	9	35789226224
26399	9	35789260016
26400	9	35789292272
26401	9	35791061216
26402	9	35791192288
26403	9	35791196384
26404	9	35791226080
26405	9	35791230176
26406	9	35791296224
26407	9	35791323360
26408	9	35793158368
26409	9	35793158624
26410	9	35793225952
26411	9	35793258720
26412	9	35793262816
26413	9	35793289440
26414	9	35793293536
26415	9	35793327328
26416	9	35793354976
26417	9	35793359072
26418	9	35793387744
26419	9	35793391840
26420	9	35793420512
26421	9	35793488096
26422	9	35793520864
26423	9	35793551584
26424	9	35795255520
26425	9	35795255536
26426	9	35795289328
26427	9	35795355376
26428	9	35797352688
26429	9	35797352944
26430	9	35797386480
26431	9	35797386736
26432	9	35797418224
26433	9	35797450992
26434	9	35797483744
26435	9	35797485792
26436	9	35797519584
26437	9	35799517408
26438	9	35801614560
26439	9	35801614816
26440	9	35801743584
26441	9	35805348064
26442	9	35805350112
26443	9	35805352160
26444	9	35805383904
26445	9	35805479152
26446	9	35805512944
26447	9	35805545200
26448	9	35805802736
26449	9	35805868256
26450	9	35805900000
26451	9	35806253296
26452	9	35806287088
26453	9	35806319344
26454	9	35807314144
26455	9	35807549152
26456	9	35807576288
26457	9	35808350432
26458	9	35809257696
26459	9	35809288416
26460	9	35809322208
26461	9	35809411296
26462	9	35809411552
26463	9	35809478880
26464	9	35809511648
26465	9	35809515744
26466	9	35809542368
26467	9	35809546464
26468	9	35809580256
26469	9	35809673440
26470	9	35809741024
26471	9	35809773792
26472	9	35809804512
26473	9	35809994976
26474	9	35810447584
26475	9	35810515168
26476	9	35810547936
26477	9	35810578656
26478	9	35811508448
26479	9	35811508464
26480	9	35811542256
26481	9	35811608304
26482	9	35813449968
26483	9	35813482736
26484	9	35813516528
26485	9	35813605616
26486	9	35813605872
26487	9	35813639408
26488	9	35813639664
26489	9	35813671152
26490	9	35813703920
26491	9	35813736672
26492	9	35813738720
26493	9	35813772512
26494	9	35814288608
26495	9	35815514352
26496	9	35815548144
26497	9	35815770336
26498	9	35817611504
26499	9	35817611760
26500	9	35817742560
26501	9	35817867488
26502	9	35817867744
26503	9	35817996512
26504	9	35818383584
26505	9	35818383840
26506	9	35819634912
26507	9	35819634928
26508	9	35819668720
26509	9	35819700976
26510	9	35819734768
26511	9	35821732080
26512	9	35821732336
26513	9	35821765872
26514	9	35821766128
26515	9	35821797616
26516	9	35821798128
26517	9	35821798384
26518	9	35821830384
26519	9	35821863136
26520	9	35821865184
26521	9	35821898976
26522	9	35821931232
26523	9	35822571760
26524	9	35822604528
26525	9	35822637280
26526	9	35823896800
26527	9	35824670944
26528	9	35825993952
26529	9	35825994208
26530	9	35826058464
26531	9	35826058720
26532	9	35826122976
26533	9	35826897120
26534	9	35847790832
26535	9	35851952368
26536	9	35852436720
26537	9	35853975792
26538	9	35854009584
26539	9	35854075632
26540	9	35856072944
26541	9	35856106736
26542	9	35856138480
26543	9	35856171248
26544	9	35856206048
26545	9	35860465888
26546	9	35870328560
26547	9	35870778608
26548	9	35872325872
26549	9	35872359664
26550	9	35872458976
26551	9	35872875760
26552	9	35878617328
26553	9	35878651120
26554	9	35878717168
26555	9	35880394992
26556	9	35880427760
26557	9	35880714480
26558	9	35880714736
26559	9	35880748272
26560	9	35880748528
26561	9	35880780016
26562	9	35880782064
26563	9	35880812784
26564	9	35880814832
26565	9	35880845552
26566	9	35880847584
26567	9	35880879344
26568	9	35881298160
26569	9	35881748720
26570	9	35881782512
26571	9	35882877168
26572	9	35882878192
26573	9	35882879200
26574	9	35882910960
26575	9	35883395296
26576	9	35884974320
26577	9	35884974576
26578	9	35885107424
26579	9	35910902000
26580	9	35914834160
26581	9	35917480688
26582	9	35919126752
26583	9	35919511792
26584	9	35921084656
26585	9	35921117424
26586	9	35921118448
26587	9	35921119456
26588	9	35921183472
26589	9	35923181808
26590	9	35923214576
26591	9	35923314912
26592	9	35923347680
26593	9	35925278944
26594	9	35925410016
26595	9	35925476064
26596	9	35927507168
26597	9	35937436400
26598	9	35937887472
26599	9	35937888480
26600	9	35939344624
26601	9	35939434736
26602	9	35939467504
26603	9	35939567840
26604	9	35939600608
26605	9	35941531872
26606	9	35941728992
26607	9	35943760096
26608	9	35945726192
26609	9	35945759984
26610	9	35946276080
26611	9	35947823344
26612	9	35947823600
26613	9	35947956448
26614	9	35949920480
26615	9	35949920496
26616	9	35949920736
26617	9	35949920752
26618	9	35949954288
26619	9	35949954544
26620	9	35949986032
26621	9	35949988064
26622	9	35950018800
26623	9	35950020832
26624	9	35950051552
26625	9	35950504160
26626	9	35952017648
26627	9	35952017904
26628	9	35952148704
26629	9	35952148960
26630	9	35977995504
26631	9	35981959408
26632	9	35981993200
26633	9	35985637616
26634	9	35985638640
26635	9	35985639648
26636	9	35985671408
26637	9	35985704160
26638	9	35986153712
26639	9	35986187504
26640	9	35986286816
26641	9	35986320608
26642	9	35987703024
26643	9	35989800176
26644	9	35989831920
26645	9	35989865712
26646	9	35989933280
26647	9	35989935344
26648	9	35990062320
26649	9	35994030320
26650	9	35994064112
26651	9	35994157280
26652	9	35994159328
26653	9	35994161376
26654	9	35994163424
26655	9	35994193120
26656	9	35994197216
26657	9	35994288368
26658	9	35994289392
26659	9	35994290400
26660	9	35994322160
26661	9	35998220528
26662	9	35998254320
26663	9	36006404336
26664	9	36006438128
26665	9	36006504176
26666	9	36010533104
26667	9	36010566896
26668	9	36048486640
26669	9	36048520432
26670	9	36049036528
26671	9	36049068272
26672	9	36049101040
26673	9	36049133792
26674	9	36051165408
26675	9	36051264736
26676	9	36052748512
26677	9	36052813024
26678	9	36053393632
26679	9	36056977648
26680	9	36057006304
26681	9	36057137392
26682	9	36057171184
26683	9	36057203440
26684	9	36059137248
26685	9	36059141344
26686	9	36061238496
26687	9	36061266144
26688	9	36061270240
26689	9	36061399264
26690	9	36063200496
26691	9	36065297648
26692	9	36065297904
26693	9	36065329392
26694	9	36065394912
26695	9	36067428576
26696	9	36069654752
26697	9	36077676768
26698	9	36077707488
26699	9	36124049648
26700	9	36124082416
26701	9	36124246256
26702	9	36124280048
26703	9	36124312304
26704	9	36128377056
26705	9	36128506096
26706	9	36130309360
26707	9	36132406512
26708	9	36132406768
26709	9	36132438256
26710	9	36132537584
26711	9	36134535408
26712	9	36134569200
26713	9	36136632560
26714	9	36136632816
26715	9	36136765664
26716	9	36189028592
26717	9	36189094640
26718	9	36191125744
26719	9	36191258848
26720	9	36191355120
26721	9	36191387888
26722	9	36191486704
26723	9	36193321184
26724	9	36193387232
26725	9	36193452256
26726	9	36193452272
26727	9	36193486064
26728	9	36193518320
26729	9	36195418336
26730	9	36195549424
26731	9	36195680480
26732	9	36201612528
26733	9	36201612784
26734	9	36201644272
26735	9	36245430512
26736	9	36245463280
26737	9	36245688560
26738	9	36245721328
26739	9	36245881072
26740	9	36245914864
26741	9	36245947120
26742	9	36246655216
26743	9	36246689008
26744	9	36246721264
26745	9	36247716080
26746	9	36247749872
26747	9	36247815920
26748	9	36249657584
26749	9	36249813232
26750	9	36249847024
26751	9	36249878768
26752	9	36249911536
26753	9	36249946336
26754	9	36251821296
26755	9	36251977952
26756	9	36253918448
26757	9	36253950192
26758	9	36254073072
26759	9	36254206176
26760	9	36255942384
26761	9	36256650480
26762	9	36257939696
26763	9	36257973488
26764	9	36258070768
26765	9	36258104560
26766	9	36258136816
26767	9	36258747632
26768	9	36258779376
26769	9	36258781424
26770	9	36258812144
26771	9	36258814192
26772	9	36258844912
26773	9	36258878704
26774	9	36258910960
26775	9	36262199536
26776	9	36262973680
26777	9	36263106784
26778	9	36289253616
26779	9	36289287408
26780	9	36289353456
26781	9	36291350768
26782	9	36291351024
26783	9	36291384560
26784	9	36291384816
26785	9	36291416304
26786	9	36291449072
26787	9	36314824944
26788	9	36314857712
26789	9	36314858736
26790	9	36314859744
26791	9	36314923760
26792	9	36316831984
26793	9	36316922096
26794	9	36316954864
26795	9	36317055200
26796	9	36317087968
26797	9	36319019232
26798	9	36319086816
26799	9	36319119584
26800	9	36319150304
26801	9	36319216352
26802	9	36321247456
26803	9	36323050224
26804	9	36323758320
26805	9	36323759344
26806	9	36323760352
26807	9	36323824368
26808	9	36325048560
26809	9	36325081328
26810	9	36325855472
26811	9	36325988576
26812	9	36327145696
26813	9	36327342816
26814	9	36328050912
26815	9	36328116960
26816	9	36329373920
26817	9	36330148064
26818	9	36383678704
26819	9	36384030960
26820	9	36384063728
26821	9	36384065776
26822	9	36386128112
26823	9	36386161904
26824	9	36388225264
26825	9	36388225520
26826	9	36388358368
26827	9	36444627184
26828	9	36449075952
26829	9	36453236976
26830	9	36453269744
26831	9	36453271776
26832	9	36585992432
26833	9	36586152176
26834	9	36586185968
26835	9	36586252016
26836	9	36594536688
26837	9	36594570480
26838	9	36594636528
26839	9	36602728688
26840	9	36602762480
26841	9	36602986736
26842	9	36602987760
26843	9	36603020528
26844	9	36610789616
26845	9	36610823408
26846	9	36610889456
26847	9	36611339504
26848	9	36618723568
26849	9	36618757360
26850	9	36618981616
26851	9	36619015408
26852	9	36619497712
26853	9	36619531504
26854	9	36620013808
26855	9	36620014832
26856	9	36620047600
26857	9	36627108080
26858	9	36627141872
26859	9	36633396464
26860	9	36635493616
26861	9	36635493872
26862	9	36649100528
26863	9	36653064432
26864	9	36653097200
26865	9	36653098224
26866	9	36653099248
26867	9	36653129968
26868	9	36653163760
26869	9	36653229808
26870	9	36653514992
26871	9	36653548784
26872	9	36653614832
26873	9	36657258736
26874	9	36657292528
26875	9	36657391840
26876	9	36657520880
26877	9	36657554672
26878	9	36657774832
26879	9	36657775856
26880	9	36657776864
26881	9	36657808624
26882	9	36659282160
26883	9	36659315952
26884	9	36659382000
26885	9	36661379312
26886	9	36661413104
26887	9	36661444848
26888	9	36661445872
26889	9	36661448944
26890	9	36661477616
26891	9	36661478640
26892	9	36661479152
26893	9	36661479408
26894	9	36661481712
26895	9	36661482736
26896	9	36661483760
26897	9	36661512416
26898	9	36661514480
26899	9	36661548272
26900	9	36661614320
26901	9	36661641456
26902	9	36661675248
26903	9	36661677296
26904	9	36661741296
26905	9	36665643248
26906	9	36665677040
26907	9	36665772256
26908	9	36665776352
26909	9	36665901296
26910	9	36665902320
26911	9	36665903328
26912	9	36665935088
26913	9	36669833456
26914	9	36669834480
26915	9	36669867248
26916	9	36671931632
26917	9	36674028784
26918	9	36674029040
26919	9	36675634928
26920	9	36676084976
26921	9	36677509360
26922	9	36677543152
26923	9	36677575408
26924	9	36677609200
26925	9	36677632240
26926	9	36677666032
26927	9	36677732080
26928	9	36677765344
26929	9	36677767408
26930	9	36677801200
26931	9	36677867248
26932	9	36677894384
26933	9	36677928176
26934	9	36677930224
26935	9	36677994224
26936	9	36678182128
26937	9	36678217968
26938	9	36678251760
26939	9	36678252784
26940	9	36678283504
26941	9	36678317296
26942	9	36678383344
26943	9	36678446320
26944	9	36678668528
26945	9	36678702320
26946	9	36678768368
26947	9	36681638128
26948	9	36681671920
26949	9	36681896176
26950	9	36681929968
26951	9	36682154224
26952	9	36682155248
26953	9	36682156256
26954	9	36682188016
26955	9	36682412272
26956	9	36682446064
26957	9	36682545376
26958	9	36682928368
26959	9	36682929392
26960	9	36682930400
26961	9	36682962160
26962	9	36686086384
26963	9	36686087408
26964	9	36686120176
26965	9	36688184560
26966	9	36690281712
26967	9	36690281968
26968	9	36694085872
26969	9	36694119664
26970	9	36694212848
26971	9	36694213872
26972	9	36694214896
26973	9	36694246640
26974	9	36694248688
26975	9	36694986992
26976	9	36694989040
26977	9	36695020784
26978	9	36695022832
26979	9	36696311024
26980	9	36698408176
26981	9	36698408432
26982	9	36720173296
26983	9	36720206064
26984	9	36720623856
26985	9	36720657648
26986	9	36720689904
26987	9	36722335968
26988	9	36722369760
26989	9	36722720992
26990	9	36724433120
26991	9	36724433376
26992	9	36724629744
26993	9	36724662512
26994	9	36724664544
26995	9	36724695264
26996	9	36724885728
26997	9	36724918496
26998	9	36724949216
26999	9	36728557808
27000	9	36728590576
27001	9	36728621280
27002	9	36728750320
27003	9	36728784112
27004	9	36728785120
27005	9	36728816368
27006	9	36730585312
27007	9	36730716384
27008	9	36730720480
27009	9	36730750176
27010	9	36730754272
27011	9	36730786528
27012	9	36730847456
27013	9	36732782816
27014	9	36732813536
27015	9	36732817632
27016	9	36733012192
27017	9	36733044960
27018	9	36733075680
27019	9	36734779632
27020	9	36734813424
27021	9	36734879472
27022	9	36736876784
27023	9	36736877040
27024	9	36736910576
27025	9	36736910832
27026	9	36736942320
27027	9	36736975088
27028	9	36737007840
27029	9	36737009888
27030	9	36737043680
27031	9	36739041504
27032	9	36744874208
27033	9	36745003248
27034	9	36745037040
27035	9	36745038048
27036	9	36745069296
27037	9	36745326832
27038	9	36745777392
27039	9	36745811184
27040	9	36745812192
27041	9	36745843440
27042	9	36746838240
27043	9	36747039456
27044	9	36747100384
27045	9	36747489504
27046	9	36747523296
27047	9	36747555552
27048	9	36747874528
27049	9	36748812512
27050	9	36749035744
27051	9	36749066464
27052	9	36749070560
27053	9	36749265120
27054	9	36749297888
27055	9	36749328608
27056	9	36749586656
27057	9	36750039264
27058	9	36750072032
27059	9	36750102752
27060	9	36751032560
27061	9	36751066352
27062	9	36751132400
27063	9	36751582448
27064	9	36752974064
27065	9	36753129712
27066	9	36753129968
27067	9	36753163504
27068	9	36753163760
27069	9	36753195248
27070	9	36753228016
27071	9	36753260768
27072	9	36753262816
27073	9	36753296608
27074	9	36753679600
27075	9	36753679856
27076	9	36753812704
27077	9	36755294432
27078	9	36755810528
27079	9	36759159024
27080	9	36759192816
27081	9	36759225072
27082	9	36759258864
27083	9	36761256176
27084	9	36761256432
27085	9	36761289968
27086	9	36761290224
27087	9	36761321712
27088	9	36761322224
27089	9	36761322480
27090	9	36761354480
27091	9	36761387232
27092	9	36761389280
27093	9	36761423072
27094	9	36761455328
27095	9	36762095856
27096	9	36762128624
27097	9	36762161376
27098	9	36763420896
27099	9	36764195040
27100	9	36787273968
27101	9	36787274992
27102	9	36787278064
27103	9	36787307760
27104	9	36787311856
27105	9	36787504368
27106	9	36791470304
27107	9	36791472368
27108	9	36791506160
27109	9	36791601376
27110	9	36791602400
27111	9	36791605472
27112	9	36791635168
27113	9	36791730416
27114	9	36791731440
27115	9	36791764208
27116	9	36811587824
27117	9	36811621616
27118	9	36811687664
27119	9	36811720928
27120	9	36811722992
27121	9	36811756784
27122	9	36811822832
27123	9	36812427504
27124	9	36812460272
27125	9	36812461296
27126	9	36812493024
27127	9	36812624112
27128	9	36812657904
27129	9	36812723952
27130	9	36815849696
27131	9	36815851760
27132	9	36815885552
27133	9	36816752864
27134	9	36816754912
27135	9	36816788704
27136	9	36816883952
27137	9	36816884976
27138	9	36816885984
27139	9	36816917744
27140	9	36819914992
27141	9	36819948784
27142	9	36820041968
27143	9	36820042992
27144	9	36820044016
27145	9	36820075760
27146	9	36820077808
27147	9	36820816112
27148	9	36820818160
27149	9	36820849904
27150	9	36820851952
27151	9	36822140144
27152	9	36824237296
27153	9	36824237552
27154	9	36824370400
27155	9	36852220128
27156	9	36854386928
27157	9	36854419696
27158	9	36854448352
27159	9	36854450400
27160	9	36854452448
27161	9	36854484192
27162	9	36854579440
27163	9	36854613232
27164	9	36854645488
27165	9	36856579296
27166	9	36858579168
27167	9	36858708192
27168	9	36858712288
27169	9	36858841312
27170	9	36878829792
27171	9	36879601888
27172	9	36879637728
27173	9	36879732976
27174	9	36879766768
27175	9	36879799024
27176	9	36880793824
27177	9	36881699040
27178	9	36881732832
27179	9	36881830112
27180	9	36882890976
27181	9	36882891232
27182	9	36882958560
27183	9	36882991328
27184	9	36882995424
27185	9	36883022048
27186	9	36883026144
27187	9	36883765472
27188	9	36883796192
27189	9	36883861728
27190	9	36883894496
27191	9	36883927264
27192	9	36883994848
27193	9	36884027616
27194	9	36884058336
27195	9	36884988128
27196	9	36884988144
27197	9	36885021936
27198	9	36885087984
27199	9	36887085296
27200	9	36887085552
27201	9	36887119088
27202	9	36887119344
27203	9	36887150832
27204	9	36887183600
27205	9	36887216352
27206	9	36887218400
27207	9	36887252192
27208	9	36887284448
27209	9	36887924976
27210	9	36887957744
27211	9	36887990496
27212	9	36889250016
27213	9	36890024160
27214	9	36891347168
27215	9	36891347424
27216	9	36891476192
27217	9	36892250336
27218	9	36917301488
27219	9	36917334256
27220	9	36917494000
27221	9	36917527792
27222	9	36917560048
27223	9	36919329008
27224	9	36919362800
27225	9	36919428848
27226	9	36921426160
27227	9	36921459952
27228	9	36921491696
27229	9	36921493744
27230	9	36921524464
27231	9	36921557232
27232	9	36921559264
27233	9	36921591024
27234	9	36921623280
27235	9	36923590880
27236	9	36925686000
27237	9	36925819104
27238	9	36943808240
27239	9	36944516336
27240	9	36945805552
27241	9	36945839344
27242	9	36945936624
27243	9	36945970416
27244	9	36946002672
27245	9	36946613488
27246	9	36946645232
27247	9	36946647280
27248	9	36946678000
27249	9	36946680048
27250	9	36946710768
27251	9	36946744560
27252	9	36946776816
27253	9	36947936496
27254	9	36950033648
27255	9	36950033904
27256	9	36950065392
27257	9	36950839536
27258	9	36950972640
27259	9	36986437872
27260	9	36986470640
27261	9	36986471664
27262	9	36986472672
27263	9	36986536688
27264	9	36988535024
27265	9	36988567792
27266	9	36988668128
27267	9	36988700896
27268	9	36990632160
27269	9	36990699744
27270	9	36990732512
27271	9	36990763232
27272	9	36990829280
27273	9	36992860384
27274	9	37010916080
27275	9	37011624176
27276	9	37011625200
27277	9	37011626208
27278	9	37011690224
27279	9	37012914416
27280	9	37012947184
27281	9	37013721328
27282	9	37013854432
27283	9	37015011552
27284	9	37015208672
27285	9	37015916768
27286	9	37015982816
27287	9	37017239776
27288	9	37018013920
27289	9	37054931184
27290	9	37054964976
27291	9	37055185136
27292	9	37055186160
27293	9	37055189232
27294	9	37055218928
27295	9	37055223024
27296	9	37055415536
27297	9	37055705328
27298	9	37055739120
27299	9	37056189680
27300	9	37059125488
27301	9	37059159280
27302	9	37059258592
27303	9	37059381472
27304	9	37059383536
27305	9	37059417328
27306	9	37059512544
27307	9	37059513568
27308	9	37059516640
27309	9	37059546336
27310	9	37059641584
27311	9	37059642608
27312	9	37059675376
27313	9	37059899632
27314	9	37059933424
27315	9	37060032736
27316	9	37060415728
27317	9	37060416752
27318	9	37060449520
27319	9	37063279856
27320	9	37063415024
27321	9	37064085744
27322	9	37064119536
27323	9	37064316144
27324	9	37067507936
27325	9	37067510000
27326	9	37067543792
27327	9	37068411104
27328	9	37068413152
27329	9	37068446944
27330	9	37068542192
27331	9	37068543216
27332	9	37068544224
27333	9	37068575984
27334	9	37071573232
27335	9	37071607024
27336	9	37071700208
27337	9	37071701232
27338	9	37071702256
27339	9	37071734000
27340	9	37071736048
27341	9	37072474352
27342	9	37072476400
27343	9	37072508144
27344	9	37072510192
27345	9	37073798384
27346	9	37075895536
27347	9	37075895792
27348	9	37076028640
27349	9	37080148192
27350	9	37080150256
27351	9	37080184048
27352	9	37080250096
27353	9	37080535280
27354	9	37080569072
27355	9	37080635120
27356	9	37084795120
27357	9	37084796144
27358	9	37084828912
27359	9	37096853744
27360	9	37096854768
27361	9	37096855792
27362	9	37096887536
27363	9	37096889584
27364	9	37098951920
27365	9	37101049072
27366	9	37101049328
27367	9	37101182176
27368	9	37103015152
27369	9	37105112304
27370	9	37105112560
27371	9	37120131296
27372	9	37122040048
27373	9	37122072816
27374	9	37122105568
27375	9	37122298096
27376	9	37122330864
27377	9	37122359520
27378	9	37122361568
27379	9	37122363616
27380	9	37122395360
27381	9	37122490608
27382	9	37122524400
27383	9	37122556656
27384	9	37122814192
27385	9	37123264752
27386	9	37123298544
27387	9	37123330800
27388	9	37124490464
27389	9	37126365408
27390	9	37126490336
27391	9	37126619360
27392	9	37126623456
27393	9	37126752480
27394	9	37127526624
27395	9	37130488032
27396	9	37131260128
27397	9	37131295968
27398	9	37131391216
27399	9	37131425008
27400	9	37131457264
27401	9	37133391072
27402	9	37134616800
27403	9	37135519968
27404	9	37135653088
27405	9	37136646368
27406	9	37136646384
27407	9	37136680176
27408	9	37136746224
27409	9	37138743536
27410	9	37138743792
27411	9	37138777328
27412	9	37138777584
27413	9	37138809072
27414	9	37138841840
27415	9	37138874592
27416	9	37138876640
27417	9	37138910432
27418	9	37138942688
27419	9	37139583216
27420	9	37139615984
27421	9	37139648736
27422	9	37140908256
27423	9	37141682400
27424	9	37143005408
27425	9	37143005664
27426	9	37143134432
27427	9	37143908576
27428	9	37147257056
27429	9	37147644144
27430	9	37147677936
27431	9	37147710192
27432	9	37149741280
27433	9	37151969504
27434	9	37161799904
27435	9	37161799920
27436	9	37161833712
27437	9	37161899760
27438	9	37163897072
27439	9	37163897328
27440	9	37163930864
27441	9	37163931120
27442	9	37163962608
27443	9	37163995376
27444	9	37164028128
27445	9	37164030176
27446	9	37164063968
27447	9	37166061792
27448	9	37168158944
27449	9	37168159200
27450	9	37168287968
27451	9	37184954608
27452	9	37184987376
27453	9	37185212656
27454	9	37185245424
27455	9	37185405168
27456	9	37185438960
27457	9	37185471216
27458	9	37185728752
27459	9	37186179312
27460	9	37186213104
27461	9	37186245360
27462	9	37187240176
27463	9	37187273968
27464	9	37187340016
27465	9	37187790064
27466	9	37189181680
27467	9	37189337328
27468	9	37189371120
27469	9	37189402864
27470	9	37189404912
27471	9	37189435632
27472	9	37189468400
27473	9	37189470432
27474	9	37189502192
27475	9	37189534448
27476	9	37189887216
27477	9	37189921008
27478	9	37191502048
27479	9	37192018144
27480	9	37193474288
27481	9	37193597168
27482	9	37193730272
27483	9	37195466480
27484	9	37196174576
27485	9	37197463792
27486	9	37197497584
27487	9	37197594864
27488	9	37197628656
27489	9	37197660912
27490	9	37198271728
27491	9	37198303472
27492	9	37198305520
27493	9	37198336240
27494	9	37198338288
27495	9	37198369008
27496	9	37198402800
27497	9	37198435056
27498	9	37199594736
27499	9	37201691888
27500	9	37201692144
27501	9	37201723632
27502	9	37202497776
27503	9	37202630880
27504	9	37212235504
27505	9	37214621936
27506	9	37214655728
27507	9	37214687984
27508	9	37228777712
27509	9	37228811504
27510	9	37228877552
27511	9	37228940528
27512	9	37230874864
27513	9	37230875120
27514	9	37230908656
27515	9	37230908912
27516	9	37230940400
27517	9	37230973168
27518	9	37231037680
27519	9	37231037936
27520	9	37254349040
27521	9	37254381808
27522	9	37254382832
27523	9	37254383840
27524	9	37254447856
27525	9	37254898928
27526	9	37256356080
27527	9	37256446192
27528	9	37256478960
27529	9	37256579296
27530	9	37256612064
27531	9	37258543328
27532	9	37258610912
27533	9	37258643680
27534	9	37258674400
27535	9	37258740448
27536	9	37259127008
27537	9	37260771552
27538	9	37262574320
27539	9	37263282416
27540	9	37263283440
27541	9	37263284448
27542	9	37263348464
27543	9	37264572656
27544	9	37264605424
27545	9	37265379568
27546	9	37265512672
27547	9	37266669792
27548	9	37266866912
27549	9	37267575008
27550	9	37267641056
27551	9	37268898016
27552	9	37269672160
27553	9	37279601392
27554	9	37281765600
27555	9	37319168240
27556	9	37319201008
27557	9	37320134896
27558	9	37320168688
27559	9	37320200944
27560	9	37321195760
27561	9	37321229552
27562	9	37321295600
27563	9	37322003696
27564	9	37323292912
27565	9	37323326704
27566	9	37323358448
27567	9	37323360496
27568	9	37323391216
27569	9	37323423984
27570	9	37323426016
27571	9	37323457776
27572	9	37323490032
27573	9	37324100848
27574	9	37324132592
27575	9	37324134640
27576	9	37324165360
27577	9	37324167408
27578	9	37324198128
27579	9	37324231920
27580	9	37324264176
27581	9	37325522144
27582	9	37327552752
27583	9	37327685856
27584	9	37328326896
27585	9	37328460000
27586	9	37346449136
27587	9	37348446448
27588	9	37348480240
27589	9	37348577520
27590	9	37348611312
27591	9	37348643568
27592	9	37352706288
27593	9	37356769520
27594	9	37388304624
27595	9	37388337392
27596	9	37388338416
27597	9	37388339424
27598	9	37388403440
27599	9	37389111536
27600	9	37389112560
27601	9	37389113568
27602	9	37389177584
27603	9	37390401776
27604	9	37390434544
27605	9	37390534880
27606	9	37390567648
27607	9	37391208688
27608	9	37391341792
27609	9	37392498912
27610	9	37392629984
27611	9	37392631008
27612	9	37392696032
27613	9	37393373408
27614	9	37393404128
27615	9	37393470176
27616	9	37394727136
27617	9	37395501280
27618	9	37413556976
27619	9	37415555312
27620	9	37415588080
27621	9	37417652448
27622	9	37417849568
27623	9	37419880672
27624	9	37451219184
27625	9	37451251952
27626	9	37451252976
27627	9	37451318000
27628	9	37452026096
27629	9	37452027120
27630	9	37452092144
27631	9	37453316336
27632	9	37453349104
27633	9	37454123248
27634	9	37455381232
27635	9	37456219376
27636	9	37480534768
27637	9	37482533104
27638	9	37482565872
27639	9	37726839024
27640	9	37731000560
27641	9	37731034352
27642	9	37731131616
27643	9	37733023968
27644	9	37733023984
27645	9	37733057776
27646	9	37733123824
27647	9	37735121136
27648	9	37735154928
27649	9	37735186672
27650	9	37735187696
27651	9	37735219440
27652	9	37735220464
27653	9	37735220976
27654	9	37735221232
27655	9	37735221472
27656	9	37735252192
27657	9	37735254240
27658	9	37735288032
27659	9	37739383008
27660	9	37739512032
27661	9	37749376752
27662	9	37749826800
27663	9	37751374064
27664	9	37751407856
27665	9	37751473904
27666	9	37751505120
27667	9	37751507168
27668	9	37751540960
27669	9	37751923952
27670	9	37752057056
27671	9	37755635936
27672	9	37756152032
27673	9	37759828208
27674	9	37759829232
27675	9	37759862000
27676	9	37761926384
27677	9	37764023536
27678	9	37764023792
27679	9	37793947888
27680	9	37798559968
27681	9	37800132832
27682	9	37802330336
27683	9	37802361056
27684	9	37804327136
27685	9	37804360928
27686	9	37806424288
27687	9	37806424544
27688	9	37818613984
27689	9	37820580064
27690	9	37820613856
27691	9	37821129952
27692	9	37822677216
27693	9	37822677472
27694	9	37824774368
27695	9	37824774384
27696	9	37824808176
27697	9	37824840432
27698	9	37824874224
27699	9	37826871536
27700	9	37826871792
27701	9	37826905328
27702	9	37826905584
27703	9	37826937072
27704	9	37826937584
27705	9	37826937840
27706	9	37826969840
27707	9	37826971872
27708	9	37827002592
27709	9	37829034208
27710	9	37861015792
27711	9	37861016816
27712	9	37861049584
27713	9	37865212128
27714	9	37865341152
27715	9	37885329648
27716	9	37885363440
27717	9	37885429488
27718	9	37885460704
27719	9	37885462752
27720	9	37885496544
27721	9	37886169328
27722	9	37886202096
27723	9	37886203120
27724	9	37886204128
27725	9	37886234848
27726	9	37889591520
27727	9	37890365664
27728	9	37890494688
27729	9	37925961952
27730	9	37928159456
27731	9	37928190176
27732	9	37952569568
27733	9	37953312992
27734	9	37953343712
27735	9	37954535648
27736	9	37954569440
27737	9	37956632800
27738	9	37956633056
27739	9	38128926960
27740	9	38128927984
27741	9	38128960752
27742	9	38132998368
27743	9	38133123296
27744	9	38133252320
27745	9	38133639392
27746	9	38137021680
27747	9	38137154784
27748	9	38137827568
27749	9	38137861360
27750	9	38141249760
27751	9	38142023904
27752	9	38142152928
27753	9	38153890016
27754	9	38153923808
27755	9	38154146016
27756	9	38193873120
27757	9	38195814640
27758	9	38196070624
27759	9	38196101344
27760	9	38204227808
27761	9	38204971232
27762	9	38205001952
27763	9	38206227680
27764	9	38221254880
27765	9	38258729200
27766	9	38263079152
27767	9	38263112944
27768	9	38263629040
27769	9	38267338992
27770	9	38267341024
27771	9	38330188016
27772	9	38330220784
27773	9	38330222816
27774	9	38332285152
27775	9	38334382304
27776	9	38334382560
27777	9	38732685552
27778	9	38733619440
27779	9	38733653232
27780	9	38733719280
27781	9	38749946096
27782	9	38749947120
27783	9	38749979888
27784	9	38766190832
27785	9	38766224624
27786	9	38796567792
27787	9	38799950064
27788	9	38799983856
27789	9	38800049904
27790	9	38800531696
27791	9	38800564464
27792	9	38800565488
27793	9	38800597232
27794	9	38800631024
27795	9	38800697072
27796	9	38804209904
27797	9	38804210928
27798	9	38804243696
27799	9	38804726000
27800	9	38804759792
27801	9	38804859104
27802	9	38808404208
27803	9	38808436976
27804	9	38808438000
27805	9	38808441072
27806	9	38808600816
27807	9	38808634608
27808	9	38808700656
27809	9	38812731616
27810	9	38812860656
27811	9	38812861680
27812	9	38812862688
27813	9	38812894448
27814	9	38816792816
27815	9	38816826608
27816	9	38824976624
27817	9	38825010416
27818	9	38825076464
27819	9	38829105392
27820	9	38829139184
27821	9	38867058928
27822	9	38867092720
27823	9	38867608816
27824	9	38867640560
27825	9	38867673328
27826	9	38869156064
27827	9	38869803232
27828	9	38869837024
27829	9	38871353568
27830	9	38871384288
27831	9	38871869664
27832	9	38871900384
27833	9	38875549936
27834	9	38875709680
27835	9	38875743472
27836	9	38875744480
27837	9	38875775728
27838	9	38877675744
27839	9	38877709536
27840	9	38877806816
27841	9	38879742176
27842	9	38879772896
27843	9	38879971552
27844	9	38880004320
27845	9	38880035040
27846	9	38883901680
27847	9	38883934448
27848	9	38883967200
27849	9	38896249056
27850	9	38896279776
27851	9	38934233328
27852	9	38934267120
27853	9	38934463728
27854	9	38938429664
27855	9	38938560736
27856	9	38938689776
27857	9	38938690800
27858	9	38938723568
27859	9	38942294256
27860	9	38942328048
27861	9	38942394096
27862	9	38943199456
27863	9	38946556128
27864	9	38946558192
27865	9	38946591984
27866	9	38947592416
27867	9	38950621424
27868	9	38950655216
27869	9	38950748400
27870	9	38950749424
27871	9	38950750448
27872	9	38950782192
27873	9	38950784240
27874	9	38951522544
27875	9	38951524592
27876	9	38951556336
27877	9	38951558384
27878	9	38952846576
27879	9	38954943728
27880	9	38954943984
27881	9	39001379056
27882	9	39001407712
27883	9	39001411808
27884	9	39001443552
27885	9	39001538800
27886	9	39001572592
27887	9	39001604848
27888	9	39003538656
27889	9	39005538528
27890	9	39005800672
27891	9	39010308320
27892	9	39010344160
27893	9	39011500256
27894	9	39013664992
27895	9	39013697760
27896	9	39013701856
27897	9	39013728480
27898	9	39013732576
27899	9	39014471904
27900	9	39014502624
27901	9	39014701280
27902	9	39014734048
27903	9	39015694576
27904	9	39015728368
27905	9	39015794416
27906	9	39017791728
27907	9	39017791984
27908	9	39017825520
27909	9	39017825776
27910	9	39017857264
27911	9	39017890032
27912	9	39017922784
27913	9	39017924832
27914	9	39017958624
27915	9	39017990880
27916	9	39018631408
27917	9	39018664176
27918	9	39018696928
27919	9	39019956448
27920	9	39020730592
27921	9	39022053600
27922	9	39022053856
27923	9	39064293616
27924	9	39064453360
27925	9	39064487152
27926	9	39064519408
27927	9	39068451056
27928	9	39068483824
27929	9	39068516592
27930	9	39068550384
27931	9	39068582640
27932	9	39072645360
27933	9	39072778464
27934	9	39076511984
27935	9	39076545776
27936	9	39076643056
27937	9	39076676848
27938	9	39076709104
27939	9	39077319920
27940	9	39078642928
27941	9	39080740080
27942	9	39080740336
27943	9	39080771824
27944	9	39081545968
27945	9	39133430000
27946	9	39133432032
27947	9	39133496048
27948	9	39135527152
27949	9	39135660256
27950	9	39137691872
27951	9	39137722592
27952	9	39137788640
27953	9	39139819744
27954	9	39141622512
27955	9	39143620848
27956	9	39143653616
27957	9	39144427760
27958	9	39145717984
27959	9	39145915104
27960	9	39146689248
27961	9	39147946208
27962	9	39148720352
27963	9	39202398448
27964	9	39202432240
27965	9	39202497776
27966	9	39206592752
27967	9	39206626544
27968	9	39206725856
27969	9	39206759648
27970	9	39269507312
27971	9	39269540080
27972	9	39269572832
27973	9	39271703776
27974	9	39273832672
27975	9	39332421872
27976	9	39332454640
27977	9	39882146032
27978	9	39882178800
27979	9	39882179824
27980	9	39882180832
27981	9	39882211552
27982	9	39886471392
27983	9	39886602480
27984	9	39886603504
27985	9	39886636272
27986	9	39890534640
27987	9	39890568432
27988	9	39949289696
27989	9	39949320416
27990	9	39949451504
27991	9	39949485296
27992	9	39949517552
27993	9	39957643504
27994	9	39957676272
27995	9	39957678304
27996	9	39957709024
27997	9	39959740640
27998	9	40007975152
27999	9	40008008944
28000	9	40012300512
28001	9	40016036080
28002	9	40016069872
28003	9	40016135920
28004	9	40016167136
28005	9	40020297952
28006	9	40021072096
28007	9	40075118816
28008	9	40075149536
28009	9	40083276000
28010	9	40085242080
28011	9	40085275872
28012	9	40087339232
28013	9	40087339488
28014	9	40142258416
28015	9	40142292208
28016	9	40142324464
28017	9	40146387184
28018	9	40146389216
28019	9	40207237872
28020	9	40209268976
28021	9	40209271008
28022	9	40945336544
28023	9	40945336560
28024	9	40945370352
28025	9	40945436400
28026	9	40947278064
28027	9	40947433712
28028	9	40947433968
28029	9	40947467504
28030	9	40947467760
28031	9	40947499248
28032	9	40947500272
28033	9	40947532016
28034	9	40947533040
28035	9	40947533552
28036	9	40947533808
28037	9	40947534048
28038	9	40947564768
28039	9	40947566816
28040	9	40947600608
28041	9	40951570656
28042	9	40951695584
28043	9	40951824608
28044	9	40955560176
28045	9	40955593968
28046	9	40955626224
28047	9	40955660016
28048	9	40955691232
28049	9	40955693280
28050	9	40955727072
28051	9	40955759328
28052	9	40956399856
28053	9	40956432624
28054	9	40956433648
28055	9	40956434656
28056	9	40956465376
28057	9	40959822048
28058	9	40960596192
28059	9	40960725216
28060	9	41012445408
28061	9	41014386928
28062	9	41014642912
28063	9	41014673632
28064	9	41016639712
28065	9	41016673504
28066	9	41018736864
28067	9	41018737120
28068	9	41022800096
28069	9	41023543520
28070	9	41023574240
28071	9	41024766176
28072	9	41024799968
28073	9	41024832224
28074	9	41026863328
28075	9	41026863584
28076	9	41081454832
28077	9	41081455856
28078	9	41081488624
28079	9	41082228976
28080	9	41082262768
28081	9	41085651168
28082	9	41085780192
28083	9	41086425312
28084	9	41086554336
28085	9	41106542832
28086	9	41106576624
28087	9	41106642672
28088	9	41106673888
28089	9	41106675936
28090	9	41106709728
28091	9	41110804704
28092	9	41146400992
28093	9	41148598496
28094	9	41148629216
28095	9	41149372640
28096	9	41149403360
28097	9	41173782752
28098	9	41175748832
28099	9	41175782624
28100	9	41177845984
28101	9	41177846240
28102	9	42021175520
28103	9	42021175536
28104	9	42021209328
28105	9	42021275376
28106	9	42025435360
28107	9	42088284384
28108	9	43028406512
28109	9	43028439280
28110	9	43028440304
28111	9	43028857072
28112	9	43028890864
28113	9	43028956912
28114	9	43032862960
28115	9	43032896752
28116	9	43036791024
28117	9	43036823792
28118	9	43036824816
28119	9	43036983536
28120	9	43037017328
28121	9	43037083376
28122	9	43040985328
28123	9	43041019120
28124	9	43045175536
28125	9	43045176560
28126	9	43045209328
28127	9	43053236464
28128	9	43053270256
28129	9	43053336304
28130	9	43053560048
28131	9	43053593840
28132	9	43054010608
28133	9	43054044400
28134	9	43054110448
28135	9	43056980208
28136	9	43057014000
28137	9	43057238256
28138	9	43057272048
28139	9	43057754352
28140	9	43057788144
28141	9	43058270448
28142	9	43058271472
28143	9	43058304240
28144	9	43061428464
28145	9	43061429488
28146	9	43061462256
28147	9	43069554928
28148	9	43069555952
28149	9	43069588720
28150	9	43070329072
28151	9	43070362864
28152	9	43071653104
28153	9	43073750256
28154	9	43073750512
28155	9	43091321072
28156	9	43091354864
28157	9	43091805424
28158	9	43095548144
28159	9	43099709680
28160	9	43099743472
28161	9	43099840752
28162	9	43099874544
28163	9	43101733104
28164	9	43101766896
28165	9	43101832944
28166	9	43103830256
28167	9	43103864048
28168	9	43103895792
28169	9	43103896816
28170	9	43103897840
28171	9	43103928560
28172	9	43103929584
28173	9	43103930096
28174	9	43103930352
28175	9	43103930608
28176	9	43103931632
28177	9	43103961328
28178	9	43103995120
28179	9	43104061168
28180	9	43108090096
28181	9	43108091120
28182	9	43108123888
28183	9	43118085872
28184	9	43118535920
28185	9	43120083184
28186	9	43120116976
28187	9	43120183024
28188	9	43120214256
28189	9	43120248048
28190	9	43120314096
28191	9	43120633072
28192	9	43120666864
28193	9	43120700656
28194	9	43121117424
28195	9	43121151216
28196	9	43121217264
28197	9	43124343024
28198	9	43124344048
28199	9	43124376816
28200	9	43128152304
28201	9	43128186096
28202	9	43128537328
28203	9	43128538352
28204	9	43128539376
28205	9	43128571120
28206	9	43128573168
28207	9	43129055472
28208	9	43129089264
28209	9	43130635504
28210	9	43132732656
28211	9	43132732912
28212	9	43132863728
28213	9	43133766896
28214	9	43136532720
28215	9	43136533744
28216	9	43136566512
28217	9	43137435888
28218	9	43137469680
28219	9	43162657008
28220	9	43166818544
28221	9	43166851312
28222	9	43167269104
28223	9	43167302896
28224	9	43168841968
28225	9	43168875760
28226	9	43168941808
28227	9	43170939120
28228	9	43170972912
28229	9	43171004656
28230	9	43171037424
28231	9	43185194736
28232	9	43185644784
28233	9	43187192048
28234	9	43187225840
28235	9	43187741936
28236	9	43191230704
28237	9	43193483504
28238	9	43193517296
28239	9	43193583344
28240	9	43194033392
28241	9	43195261168
28242	9	43195293936
28243	9	43195580656
28244	9	43195580912
28245	9	43195614448
28246	9	43195614704
28247	9	43195646192
28248	9	43195648240
28249	9	43195678960
28250	9	43195681008
28251	9	43195711728
28252	9	43195745520
28253	9	43196130544
28254	9	43196130800
28255	9	43196164336
28256	9	43196614896
28257	9	43196648688
28258	9	43197743344
28259	9	43197744368
28260	9	43197777136
28261	9	43199840496
28262	9	43199840752
28263	9	43225534704
28264	9	43225568496
28265	9	43225761008
28266	9	43229724912
28267	9	43229725936
28268	9	43229726960
28269	9	43229758704
28270	9	43229760752
28271	9	43229824240
28272	9	43233919216
28273	9	43233920240
28274	9	43233953008
28275	9	43254038768
28276	9	43254072560
28277	9	43254138608
28278	9	43254169840
28279	9	43254203632
28280	9	43254269680
28281	9	43254878448
28282	9	43254880496
28283	9	43254911216
28284	9	43254912240
28285	9	43254913264
28286	9	43254914288
28287	9	43254943984
28288	9	43254977776
28289	9	43255043824
28290	9	43255073008
28291	9	43255106800
28292	9	43255172848
28293	9	43258298608
28294	9	43258299632
28295	9	43258332400
28296	9	43259072752
28297	9	43259106544
28298	9	43259203824
28299	9	43259204848
28300	9	43259237616
28301	9	43262361840
28302	9	43262362864
28303	9	43262395632
28304	9	43263265008
28305	9	43263298800
28306	9	43292676336
28307	9	43294671088
28308	9	43294704880
28309	9	43294770928
28310	9	43296768240
28311	9	43296802032
28312	9	43296833776
28313	9	43296866544
28314	9	43319150320
28315	9	43319858416
28316	9	43321147632
28317	9	43321181424
28318	9	43321955568
28319	9	43321987312
28320	9	43322020080
28321	9	43322052848
28322	9	43322086640
28323	9	43322118896
28324	9	43323244784
28325	9	43323278576
28326	9	43323344624
28327	9	43325341936
28328	9	43325342192
28329	9	43325375728
28330	9	43325375984
28331	9	43325407472
28332	9	43325440240
28333	9	43326181616
28334	9	43326214384
28335	9	43357585648
28336	9	43357619440
28337	9	43357685488
28338	9	43359682800
28339	9	43359716592
28340	9	43359748336
28341	9	43359781104
28342	9	43386128112
28343	9	43386965232
28344	9	43388125424
28345	9	43388159216
28346	9	43389062384
28347	9	43389094128
28348	9	43389126896
28349	9	43493187824
28350	9	43493221616
28351	9	43493445872
28352	9	43493479664
28353	9	43493672176
28354	9	43493961968
28355	9	43493995760
28356	9	43494446320
28357	9	43497636080
28358	9	43497637104
28359	9	43497638128
28360	9	43497669872
28361	9	43497671920
28362	9	43497735408
28363	9	43498154224
28364	9	43498188016
28365	9	43498638576
28366	9	43501707504
28367	9	43501741296
28368	9	43501830384
28369	9	43501831408
28370	9	43501864176
28371	9	43505730800
28372	9	43505861872
28373	9	43506536688
28374	9	43506538736
28375	9	43506570480
28376	9	43506572528
28377	9	43506636016
28378	9	43506765040
28379	9	43509956848
28380	9	43509957872
28381	9	43509990640
28382	9	43510730992
28383	9	43510764784
28384	9	43510862064
28385	9	43510863088
28386	9	43510895856
28387	9	43514020080
28388	9	43514021104
28389	9	43514053872
28390	9	43514923248
28391	9	43514957040
28392	9	43522855152
28393	9	43522888944
28394	9	43522954992
28395	9	43522984176
28396	9	43523017968
28397	9	43523084016
28398	9	43539173616
28399	9	43539174640
28400	9	43539207408
28401	9	43539302640
28402	9	43539336432
28403	9	43560587504
28404	9	43561521392
28405	9	43561555184
28406	9	43561587440
28407	9	43562582256
28408	9	43562616048
28409	9	43562682096
28410	9	43563132144
28411	9	43564523760
28412	9	43564679408
28413	9	43564713200
28414	9	43564744944
28415	9	43564777712
28416	9	43565229296
28417	9	43570808560
28418	9	43571516656
28419	9	43572805872
28420	9	43572839664
28421	9	43573613808
28422	9	43573645552
28423	9	43573678320
28424	9	43573711088
28425	9	43573744880
28426	9	43573777136
28427	9	43574936816
28428	9	43577033968
28429	9	43577034224
28430	9	43577065712
28431	9	43577839856
28432	9	43587577584
28433	9	43589964016
28434	9	43589997808
28435	9	43590030064
28436	9	43606282480
28437	9	43606315248
28438	9	43625496816
28439	9	43625530608
28440	9	43625596656
28441	9	43626046704
28442	9	43627438320
28443	9	43627593968
28444	9	43627627760
28445	9	43627659504
28446	9	43627692272
28447	9	43628143856
28448	9	43631788272
28449	9	43631822064
28450	9	43632338160
28451	9	43635663088
28452	9	43636048112
28453	9	43636050160
28454	9	43636147440
28455	9	43636566256
28456	9	43637050608
28457	9	43637786352
28458	9	43638623472
28459	9	43639783664
28460	9	43639817456
28461	9	43640720624
28462	9	43640752368
28463	9	43640785136
28464	9	43654555376
28465	9	43698544880
28466	9	43698897136
28467	9	43698929904
28468	9	43698931952
28469	9	43699448048
28470	9	43700994288
28471	9	43701028080
28472	9	43701544176
28473	9	43703091440
28474	9	43703091696
28475	9	43759452400
28476	9	43759486192
28477	9	43759552240
28478	9	43760260336
28479	9	43761520880
28480	9	43761549552
28481	9	43761583344
28482	9	43761615088
28483	9	43761647856
28484	9	43762357488
28485	9	43762389232
28486	9	43762422000
28487	9	43762454768
28488	9	43762488560
28489	9	43762520816
28490	9	43763615472
28491	9	43764452592
28492	9	43765612784
28493	9	43765646576
28494	9	43766549744
28495	9	43766581488
28496	9	43766614256
28497	9	43788769008
28498	9	43790766320
28499	9	43790800112
28500	9	43790929136
28501	9	43795026160
28502	9	43827368176
28503	9	43827434224
28504	9	43828658416
28505	9	43828691184
28506	9	43829465328
28507	9	43855876848
28508	9	43857907952
28509	9	44102181104
28510	9	44130722032
28511	9	44130755824
28512	9	44135170288
28513	9	44135171312
28514	9	44135204080
28515	9	44165062896
28516	9	44165096688
28517	9	44177637616
28518	9	44177638640
28519	9	44177639664
28520	9	44177671408
28521	9	44177673456
28522	9	44181832944
28523	9	44181966048
28524	9	44193825008
28525	9	44193858800
28526	9	44193891056
28527	9	44193924848
28528	9	44194408688
28529	9	44194442480
28530	9	44198084848
28531	9	44198085872
28532	9	44198086880
28533	9	44198118640
28534	9	44210275568
28535	9	44242583776
28536	9	44242583792
28537	9	44242617584
28538	9	44242683632
28539	9	44244680944
28540	9	44244714736
28541	9	44244746480
28542	9	44244779248
28543	9	44244812000
28544	9	44244814048
28545	9	44244847840
28546	9	44248942816
28547	9	44249071840
28548	9	44258936560
28549	9	44259386608
28550	9	44260933872
28551	9	44260967664
28552	9	44261066976
28553	9	44261483760
28554	9	44261616864
28555	9	44263031008
28556	9	44265128160
28557	9	44265128416
28558	9	44265195744
28559	9	44265228512
28560	9	44265259232
28561	9	44575572208
28562	9	44575573232
28563	9	44575574240
28564	9	44575606000
28565	9	44575638752
28566	9	44638421232
28567	9	44638455024
28568	9	44638971120
28569	9	44642683104
28570	9	44642747616
28571	9	44699238640
28572	9	44699272432
28573	9	44699338480
28574	9	44699788528
28575	9	44701335792
28576	9	44701369584
28577	9	44701401328
28578	9	44701434096
28579	9	44701885680
28580	9	44711528176
28581	9	44712365296
28582	9	44713525488
28583	9	44713559280
28584	9	44714462448
28585	9	44714494192
28586	9	44714526960
28587	9	44728297200
28588	9	45173719280
28589	9	45173753072
28590	9	45173819120
28591	9	45175816432
28592	9	45175816688
28593	9	45175850224
28594	9	45175850480
28595	9	45175881968
28596	9	45175882992
28597	9	45175914736
28598	9	45175915760
28599	9	45175916272
28600	9	45175916528
28601	9	45200195824
28602	9	45200229616
28603	9	45200261872
28604	9	45200295664
28605	9	45201035504
28606	9	45201068272
28607	9	45201069296
28608	9	45640663280
28609	9	45640664304
28610	9	45640697072
28611	9	45641437424
28612	9	45641471216
28613	9	45669814512
28614	9	45669848304
28615	9	45669914352
28616	9	47320678640
28617	9	47320712432
28618	9	47320778480
28619	9	47322620144
28620	9	47322775792
28621	9	47322776048
28622	9	47322809584
28623	9	47322809840
28624	9	47322841328
28625	9	47322842352
28626	9	47322874096
28627	9	47322875120
28628	9	47322875632
28629	9	47322875888
28630	9	47330902256
28631	9	47330936048
28632	9	47330968304
28633	9	47331002096
28634	9	47331741936
28635	9	47331774704
28636	9	47331775728
28637	9	47389884656
28638	9	47389918448
28639	9	47389984496
28640	9	47394144496
28641	9	47394145520
28642	9	47394178288
28643	9	47452643568
28644	9	47456993520
28645	9	47457027312
28646	9	47457543408
28647	9	47459090656
28648	9	47459090672
28649	9	47459124464
28650	9	47459190512
28651	9	47461187824
28652	9	47461188080
28653	9	47461221616
28654	9	47461221872
28655	9	47461253360
28656	9	47461286128
28657	9	47461288160
28658	9	47461318880
28659	9	47519711472
28660	9	47519712496
28661	9	47519745264
28662	9	47520485616
28663	9	47520519408
28664	9	47548862704
28665	9	47548896496
28666	9	47548962544
28667	9	48394520304
28668	9	48396517616
28669	9	48396551408
28670	9	48396617456
28671	9	51614167280
28672	9	51615645936
28673	9	51615679728
28674	9	51615711984
28675	9	51615745776
28676	9	51617743088
28677	9	51617776880
28678	9	51617808624
28679	9	51617809136
28680	9	51617809392
28681	9	51617809648
28682	9	51617841392
28683	9	51617842416
28684	9	51617842928
28685	9	51617843184
28686	9	51618324720
28687	9	51618357488
28688	9	51618358512
28689	9	51626234096
28690	9	51626393840
28691	9	51626427632
28692	9	51626493680
28693	9	51634585840
28694	9	51634619632
28695	9	51634847984
28696	9	51634849008
28697	9	51634850032
28698	9	51634881776
28699	9	51634883824
28700	9	51634914544
28701	9	51634980592
28702	9	51639043312
28703	9	51642638576
28704	9	51642672368
28705	9	51642738416
28706	9	51646898416
28707	9	51646899440
28708	9	51646932208
28709	9	51680723184
28710	9	51680724208
28711	9	51680756976
28712	9	51681239280
28713	9	51681273072
28714	9	51692847344
28715	9	51692881136
28716	9	51692947184
28717	9	51693306096
28718	9	51693338864
28719	9	51693339888
28720	9	51693340912
28721	9	51693371632
28722	9	51693405424
28723	9	51693471472
28724	9	51693502704
28725	9	51693536496
28726	9	51693602544
28727	9	51693816048
28728	9	51693848816
28729	9	51693849840
28730	9	51697500400
28731	9	51697534192
28732	9	51697762544
28733	9	51697763568
28734	9	51697764592
28735	9	51697796336
28736	9	51697798384
28737	9	51697829104
28738	9	51697895152
28739	9	51701694704
28740	9	51701728496
28741	9	51706021104
28742	9	51709616368
28743	9	51709650160
28744	9	51709682416
28745	9	51709716208
28746	9	51760414960
28747	9	51760447728
28748	9	51760611568
28749	9	51760645360
28750	9	51760677616
28751	9	51762708720
28752	9	51762742512
28753	9	51762808560
28754	9	51764805872
28755	9	51764839664
28756	9	51764871408
28757	9	51764904176
28758	9	51766871792
28759	9	51768803568
28760	9	51768836336
28761	9	51768838384
28762	9	51768869104
28763	9	51768902896
28764	9	51770900720
28765	9	51770934512
28766	9	51772997872
28767	9	51772998128
28768	9	51815171312
28769	9	51819135216
28770	9	51819169008
28771	9	51819234544
28772	9	51823329520
28773	9	51823363312
28774	9	51827196144
28775	9	51827229936
28776	9	51827295984
28777	9	51827327216
28778	9	51827361008
28779	9	51827427056
28780	9	51831455984
28781	9	51831457008
28782	9	51831489776
28783	9	51832230128
28784	9	51832263920
28785	9	51835519216
28786	9	51835520240
28787	9	51835553008
28788	9	51836422384
28789	9	51836456176
28790	9	51882086640
28791	9	51886244080
28792	9	51886276848
28793	9	51894305008
28794	9	51894338800
28795	9	51895112944
28796	9	51896402160
28797	9	51896435952
28798	9	51896502000
28799	9	51898499312
28800	9	51898499568
28801	9	51898533104
28802	9	51898533360
28803	9	51898564848
28804	9	51898597616
28805	9	51899338992
28806	9	51899371760
28807	9	51949158640
28808	9	51949191408
28809	9	51949355248
28810	9	51949389040
28811	9	51949421296
28812	9	51953352944
28813	9	51953385712
28814	9	51953387760
28815	9	51953418480
28816	9	51953452272
28817	9	51953484528
28818	9	51955549424
28819	9	51957547248
28820	9	51957646576
28821	9	51957678320
28822	9	51961282800
28823	9	51961316592
28824	9	51962219760
28825	9	51967574256
28826	9	51967608048
28827	9	51967674096
28828	9	51969671408
28829	9	51969671664
28830	9	51969705200
28831	9	51969705456
28832	9	51969736944
28833	9	51969738992
28834	9	51969769712
28835	9	51969771760
28836	9	51970640112
28837	9	51970672880
28838	9	51970705648
28839	9	51970739440
28840	9	51971834096
28841	9	51971835120
28842	9	51971867888
28843	9	51972737264
28844	9	51972771056
28845	9	51973931248
28846	9	51973931504
28847	9	51974834416
28848	9	51974834672
28849	9	52016464112
28850	9	52016496880
28851	9	52018331888
28852	9	52018397936
28853	9	52020429040
28854	9	52020527344
28855	9	52020560112
28856	9	52034683120
28857	9	52034716912
28858	9	52035620080
28859	9	52036780272
28860	9	52036780528
28861	9	52083106032
28862	9	52083107056
28863	9	52083139824
28864	9	52087556336
28865	9	52087590128
28866	9	52150149360
28867	9	52150183152
28868	9	52700135664
28869	9	52700169456
28870	9	52700235504
28871	9	52708327664
28872	9	52708361456
28873	9	52767047920
28874	9	52767080688
28875	9	52767081712
28876	9	52767082736
28877	9	52767113440
28878	9	52767113456
28879	9	52767147248
28880	9	52767213296
28881	9	52771242224
28882	9	52771276016
28883	9	52771373280
28884	9	52771375328
28885	9	52771409120
28886	9	52834156784
28887	9	52834189552
28888	9	52834222304
28889	9	52836319456
28890	9	52836353248
28891	9	52838385888
28892	9	52838416608
28893	9	52838482144
28894	9	52838514912
28895	9	52888913136
28896	9	52892877040
28897	9	52892910832
28898	9	52892976368
28899	9	52897071344
28900	9	52897105136
28901	9	52897202400
28902	9	52897204448
28903	9	52897238240
28904	9	52901069040
28905	9	52901102832
28906	9	52901168880
28907	9	52909261040
28908	9	52909262064
28909	9	52909294832
28910	9	52910164208
28911	9	52910198000
28912	9	52959985904
28913	9	52960018672
28914	9	52960051424
28915	9	52962182368
28916	9	52964311264
28917	9	53022900464
28918	9	53022933232
28919	9	53035024624
28920	9	53035058416
28921	9	53035961584
28922	9	53763163376
28923	9	53765260528
28924	9	53765260784
28925	9	53765292272
28926	9	53765326064
28927	9	53773353200
28928	9	53773386992
28929	9	53773419248
28930	9	53773453040
28931	9	53832466656
28932	9	53836595440
28933	9	53836629232
28934	9	53899575520
28935	9	53903739104
28936	9	53903769824
28937	9	53962936560
28938	9	53962970352
28939	9	53991347440
28940	9	54836905200
28941	9	54839002352
28942	9	54839034096
28943	9	54839067888
28944	9	60203294960
28945	9	60203327728
28946	9	60203328752
28947	9	60203745520
28948	9	60203779312
28949	9	60203845360
28950	9	60205580528
28951	9	60205614320
28952	9	60205680368
28953	9	60207677680
28954	9	60207711472
28955	9	60207743216
28956	9	60207744240
28957	9	60207745264
28958	9	60207775984
28959	9	60207777008
28960	9	60207777520
28961	9	60207777776
28962	9	60207778032
28963	9	60207779056
28964	9	60207808752
28965	9	60207842544
28966	9	60207908592
28967	9	60208711920
28968	9	60208745712
28969	9	60208811760
28970	9	60211937520
28971	9	60211938544
28972	9	60211971312
28973	9	60224127216
28974	9	60224128240
28975	9	60224161008
28976	9	60225030384
28977	9	60225064176
28978	9	60270272752
28979	9	60270306544
28980	9	60270657776
28981	9	60270658800
28982	9	60270659824
28983	9	60270691568
28984	9	60270693616
28985	9	60270757104
28986	9	60271660272
28987	9	60282781936
28988	9	60282815728
28989	9	60282881776
28990	9	60283750640
28991	9	60283783408
28992	9	60283784432
28993	9	60283816176
28994	9	60283849968
28995	9	60283916016
28996	9	60287041776
28997	9	60287042800
28998	9	60287075568
28999	9	60287944944
29000	9	60287978736
29001	9	60316387568
29002	9	60316388592
29003	9	60316421360
29004	9	60335603952
29005	9	60335637744
29006	9	60335703792
29007	9	60337701104
29008	9	60337734896
29009	9	60337766640
29010	9	60337799408
29011	9	60347893488
29012	9	60348730608
29013	9	60349890800
29014	9	60349924592
29015	9	60350827760
29016	9	60350859504
29017	9	60350892272
29018	9	60536537328
29019	9	60536571120
29020	9	60536637168
29021	9	60537474288
29022	9	60538634480
29023	9	60538668272
29024	9	60538700016
29025	9	60538732784
29026	9	60539571440
29027	9	60539603184
29028	9	60539635952
29029	9	60565982960
29030	9	60567980272
29031	9	60568014064
